MAT.1.1	Ketàbu Isua Kristi cha zila ma, nachang nang David cha di, Abraham cha di.
MAT.1.2	Abraham nang Isaak zoto; ning Isaak nang Jakob zoto; ning Jakob nang Judas ning a chungjaë zoto;
MAT.1.3	Ning Judas nang Phares ning Zara zoto Thamar ma; ning Phares nang Esrom zoto; ning Esrom nang Aram zoto;
MAT.1.4	Ning Aram nang Aminadab zoto; ning Aminadab nang Naason zoto; ning Naason nang Salmon zoto;
MAT.1.5	Ning Salmon nang Booz zoto Rachab ma; ning Booz nang Obed zoto Ruth ma; ning Obed nang Jesse zoto;
MAT.1.6	Ning Jesse nang mankga David zoto; ning mankga David nang Solomon zoto atang ma, nachang Urias cha gine nu na ra.
MAT.1.7	Ning Solomon nang Roboam zoto; ning Roboam nang Abia zoto; ning Abia nang Asa zoto;
MAT.1.8	Ning Asa nang Josaphat zoto; ning Josaphat nang Joram zoto; ning Joram nang Ozias zoto;
MAT.1.9	Ning Ozias nang Joatham zoto; ning Joatham nang Achaz zoto; ning Achaz nang Ezekias zoto;
MAT.1.10	Ning Ezekias nang Manasses zoto; ning Manasses nang Amon zoto; ning Amon nang Josias zoto;
MAT.1.11	Ning Josias nang Jechonias ning a chungjaë zoto; na berre ma é to siga é ra Babilon é;
MAT.1.12	Awa na chambi ra é to fa é ra Babilon é, Jechonias nang Salathiel zoto; ning Salathiel nang Zorobabel zoto;
MAT.1.13	Ning Zorobabel nang Abiud zoto; ning Abiud nang Eliakim zoto; ning Eliakim nang Azor zoto;
MAT.1.14	Ning Azor nang Sadok zoto; ning Sadok nang Achim zoto; ning Achim nang Eliud zoto;
MAT.1.15	Ning Eliud nang Eleazar zoto; ning Eleazar nang Matthan zoto; ning Matthan nang Jakob zoto;
MAT.1.16	Ning Jakob nang Joseph zoto, Mari cha chame, Isua berriche nachang ma, nachang chilli na Kristi.
MAT.1.17	Yi ki zilaë biring Abraham ma David be zilaë fu ning nàni na ra; awa kabbi David ma menne é siga berre ra Babilon é zilaë fu ning nàni na ra; awa kabbe é siga berre ra Babilon é Kristi be zilaë fu ning nàni na ra.
MAT.1.18	Awa Jesua Kristi cha berrinia nu yi ki na: Acha ngga Mari to nu lairiche Joseph be, na berre é fa é ralang, atang nu tohche furru che Allah cha Beri ma.
MAT.1.19	Na yangji ma Joseph acha chame, nachang moeche fungi na ra, a nacha muh wama chilli niache zah a chungma moeche o moeche niachorri, a yenkgi ama a raballo luchung‐ki.
MAT.1.20	Konnong a to yenkgi‐zah yi feë ma, bo, Mankga cha malaeka fa a be chiae é, a nacha falla, Joseph, étang David, cha di, é na mah gahu Mari écha gine tonkgo é be; katukung na nachang zotoche a qui Allah cha Beri ma nang a ra.
MAT.1.21	Awa a di berrima; awa é cha chilli fee a ma ISUA; katukung a acha moecheë kissima écha yunobië ma.
MAT.1.22	Awa yi biring nu ningache a cha banta gei na Mankga cha dure nachang falla nu nachang a falla,
MAT.1.23	Boh, sunkgutungji a fama furrude, awa a fama de berride awa é a chilli fallama Emmanuel; nachang chwi madankguma, a, Allah mucha fochera.
MAT.1.24	Na chambi ra Joseph, a nu kelliche chide, a ninga aeme Mankga cha malaeka a falla a be ki naohe, a naoha a gine tonkgo a be:
MAT.1.25	Awa a mah a kulong menne a ta gei acha di‐sinkge berri ra: a nacha acha chilli falla ISUA.
MAT.2.1	AWA Isua to nu berriche Bethlehem ma Judea boche ma, mankga Herod cha lochaë ma, boh, fe‐kulang‐moecheë kelli zuge‐tehde, é fa Jerusalem.
MAT.2.2	E nacha falla, Atang na minde, nachang Jews cha Mankga berriche? katukung muchu banta a tambui toh zuge‐tehde ma, awa muchu banta fa sallide a ma.
MAT.2.3	Mankga Herod to yi feë mae, a nu torache, ning Jerusalem biring a fochera.
MAT.2.4	Awa a to nu banta moecheë cha Allah cha boideë ning saebelle‐timaë biring malang, a machorring é ma, Kristi nu fama fa berri minde.
MAT.2.5	E nacha, falla a be, Bethlehem é Judea boche ma: katukung a sebbechinde yi ki dure ma.
MAT.2.6	Awa étang Bethlehem, Juda boche ma, é muh churung Juda cha mankgaë tegi; katukung étang ma mankga fama, nachang niuchu‐zahma ngbe moecheë Israel.
MAT.2.7	Na chambi ra Herod, a to nu banta fe‐kulong‐moecheë chilli luchung‐ki, machorring é ma ng nira boeche‐ki, tumbui mini mung berre ma.
MAT.2.8	Awa a nacha é samba Bethlehem; a nacha falla, Siga, wo cha matoh ki fangi di yore qwbe fe ra; awa wo to banta a toh, wo cha fe falla samba ng a sonnong, ng cha fa ning salli a mana ki nang ma.
MAT.2.9	E to mankga chwi maende nu, é siga: awa, boh, tumbui, é nachang toh zuge‐tehde, siga é niara, menne a fa a nacha ti na chungma di yore nu na nachang de.
MAT.2.10	E to tumbui toh, é niachang a ra ki fungi.
MAT.2.11	Awa é to banta fa bang chi qui, é di yore toh Mari a ngga fochera, é nacha chimbi sing, é nacha salli a ma: awa é to nu banta écha nàfulli rabih, é buniaë fi a ma; chaema ning ze‐chirri‐niuchungme, ning mirrh.
MAT.2.12	Awa é na rakootache Allah chong chiae é, é na mah gbuleng Herod chong, é siga é qwbe boche ma kira dang ting.
MAT.2.13	E to nu banta siga, boh, Mankga cha malaeka fa Joseph chong chiae é, a nacha a falla, Kelli, ning di yore ning a ngga tonkgo, ning gih Egipt, ning é lu na, menne ng fe‐falla samba é chong: katukung Herod di yore feng‐ma, a cha a kanna.
MAT.2.14	A to kelli, a di yore ning a ngga tonkgo quae ra, a nacha siga Egipt;
MAT.2.15	A nacha lu na menne Herod tu berre, katukung a cha gei Mankga nu nachang falla dure ra, a to falla, Egipt qui ng banta ngbe di chilli.
MAT.2.16	Na yangji ma Herod, a to toh a mayeleche fe‐kulong‐moecheë ma, a nu chonnoche ki niache, a nacha samba, a nacha dië biring focha, nachang nu na Bethlehem é, ning acha koastië biring ma, nachang nu moh niemeë firing ma, ning na bui, kabbi berre ma a nachang mating ting ng ni ra boeche ki fe‐kulong‐moecheë ra.
MAT.2.17	Na yangji ma a nu gei Jeremi dure nu banta falla, nachang falla,
MAT.2.18	Rama é chwi nu maechénde, chulumangji; ning wah, ning monnenia qwbe, Rachel wahma acha disneë qwbe fe ra, a nacha muh malenglengi, katukung é muh na.
MAT.2.19	Konnong a berre ma Herod to tu, boh, Mankga cha malaeka fa Joseph chong chiae é Egipt ma,
MAT.2.20	A nacha falla, Kelli, ning di yore ning a ngga tonkgo, ning siga Israel boche: katukung é banta tuh, nachang nang di yore cha nih feng.
MAT.2.21	Awa a kelli, ning di yore ning a ngga tonkgo, ning fa Israel boche ma.
MAT.2.22	Konnong a to mae, Archelaus nang ragirri Judea i a fafe Herod chambi ra, a nu gahuche siga fe ra na: na ra ki o ki a nu rakoatache Allah chong chiae é, a finde Galilee kongjië birri:
MAT.2.23	Awa a fa, a lu ta é, a chilli Nazareth: na cha gei dureë nachang falla, A chillimande Nazarené.
MAT.3.1	Na lochaë ma John chungehama fa, a nacha Allah cha fe falla Judea wula é,
MAT.3.2	A nacha falla, Wocha yunobië lu: katukung arriana mankgania a makorreche.
MAT.3.3	Katukung atang nang yi a dure Esaias falla nu nachang ma, a to nang, falla, Chulumangmo cha chwi wula é, Wo cha Mankga cha kira bah kifangi, wo cha acha kiraë rafalla tingching.
MAT.3.4	Awa mazoh‐ze niuchume chabbe ra nu na atang John be, ning kongque cha tegifiling ji lu a liching jië ra: ning acha dong‐ze nu na neri ning kumi.
MAT.3.5	Na yangji ma Jerusalem siga a chong, ning Judea biring, ning boche biring Jordan rabi‐lingche,
MAT.3.6	Awa é nacha chungcha a chong Jordan é, é, nu dinge écha yunobië.
MAT.3.7	Konnong a to Phariseeë wiachi toh ning Sadduseeë é fache acha chungchade, a falla é be, O bochemazeë‐zi, ngde a falla wo be, wo cha gi chonnae niara, nachang fama?
MAT.3.8	Awa wo cha bogië ramini nachang na lang yunobië lu fe ra.
MAT.3.9	Ning wo na mah niucha‐zah falla fe ra wokang be, Abraham muchu fafe na ra: katukung ng nang falla wo be, Allah fata yi gemeë mafinde dië ra Abraham be.
MAT.3.10	Awa ning sonnong behra zahche wurië billi ma: fe nachang ra wuri o wuri nachang muh bogi fangi ramini, a fong ma, ning a rawoli teh.
MAT.3.11	Ng, nondi ra, wo chung chama yeh ra boniae‐maserra ma: konnong nachang fama ng chambi ra na choro‐cho pissa ng be, nachang cha sangkirrië ng muh noi a channe fe ra: atang wo chungehama Allah cha Beri ra ning teh na:
MAT.3.12	Nachang cha kabangji na a belachae é, a nacha fama acha bangchi qui biringde makohma, ning acha malung mallangma kingki qui, konnong a leggi gangma tehra nachang muh chubengma.
MAT.3.13	Na yangji ma Isua kelli Galilee ning a fa Jordan John chang, a cha chungcha a chong.
MAT.3.14	Konnong John a rachonno, a nacha falla, Ng wama é chong é cha ng chungcha, ning étang fama ng chang?
MAT.3.15	Awa Isua rating a nacha falla a be, A lu na ki korre; katukung yi ki a lang muchu be, langnia biring ninga fe ra, Na chambi ra a nacha a lu.
MAT.3.16	Awa Isua, a to nu chungcha, te rating chingme yeh: awa, bo, kore nu rabiche a be, a nacha Allah cha Beri toh, a gurro a maninga gobe ra, a nacha docha a chungma:
MAT.3.17	Awa, boh, chwi kore ra, a nacha falla, Yi na ngbe marafang‐Di, nachang na fangche ng ma.
MAT.4.1	Na berre ma Isua nu channeche Beri ra wula é, beri niache cha a maninga.
MAT.4.2	Awa a to nu sungji‐zohche chie tonkgonàni ning quaeë tonkgonàni, kàme nu a zuchuma.
MAT.4.3	Awa maningama to fa a chong, a nacha, Cha étang na Allah cha Di ra, a ragirri yi gemme cha finde tàmi ra.
MAT.4.4	Konnong a rating a nacha, A saebechinde, Moeche na mah lu tàmi kiring kiring chungna, konno chwi o chwi chungna, nachang minima Allah de.
MAT.4.5	Na chambira beri niache siga a ra Allah cha ta é, a nacha a docha salli bangshi chungji ma,
MAT.4.6	Awa a falla a be, Cha étang na Allah cha Di ra, ékang nang birra: katukung a saebechinde, A acha malaekaë ragirrima é qwbe fe ra: é nacha é bellachaeë é itema, é na mah fa é sangji ding gemme ra berre o berre ma.
MAT.4.7	Isua falla a be, A mang saebeckinde sonnong, E na mah Mankga maninga echa Allah.
MAT.4.8	Sonnong beri niache siga a ra gea teche qwbe chung ma, a nacha dunia cha mankgaë bocheë biring maseng a be, ning echa nonia.
MAT.4.9	A nacha falla a be, Yi feë biring ng a fima é ma, cha é birrama, ning é salli ng ma.
MAT.4.10	Na chambi ra Isua falla a be, Ba ng chambi ra Satani; katukung a saebechinde, E cha salli Mankga ma echa Allah, ning é cha fe o fe rabah atang kiring be.
MAT.4.11	Na chambi ra beri niache a lu, awa, boh, malaeka fa é nacha yenkgisa a ma.
MAT.4.12	Awa Isua to na maende nu, e nu banta John razo ballang‐bangchi é, a siga Galilee:
MAT.4.13	A nacha Nazareth lu, a nacha fa, a nacha lu Capernaum, nachang na bah koasti ma Zebulon ning Nephthalim mabirri ra:
MAT.4.14	Fe falla cha toh nondi ra korre, Esaias dure nu nachang falla, a to falla,
MAT.4.15	Zebulon boche ning Nephthalim boche, kira ra bah faema, Jordan nagirri ma, Galilee moecheë cha boche nachang muh Allah qwbe fe kulong;
MAT.4.16	Moecheë nachang docha noiforo é nayele qwbe toh: nayele nacha mini é ma, nachangdocha tu‐yire ning nini qui.
MAT.4.17	Kabbi na yangji ma Isua samba Allah fe falla, ning a nacha. Wo cha feë niache lu: katukung arriana‐mankgania makorreche na ra.
MAT.4.18	Awa Isua to nu nierema Galilee bah faema, a chungjaë firing toh, Simoni nachang chilli nu Peter, ning Andre a chungja, é nu yaelle wolima bah ma: katukung é yaeche zuchumaë nang e ra.
MAT.4.19	Awa a falla é be, Bira ng fochera, ng é mafindema moecheë‐zuchumaë ra.
MAT.4.20	Awa é écha yaelle lu mafurri, é nacha siga a fochera.
MAT.4.21	Awa a to nu kelli na yire, a chungjaë firing dangting toh, Jami Zebedee cha di, ning John acha chungja, kung ki qui Zebedee e fàfè fochera, é nu écha yaelleë madeggema: a nacha é chilli.
MAT.4.22	E nacha kungki lu mafurri, ning écha fàfè, é nacha siga a fochera.
MAT.4.23	Awa Isua siga Galilee biringde, a nu tingka‐lima echa charrang‐bang chië qui, a nu mangkania cha lingjili fe falla, a nu marayelengde furrania ki o ki, ning chondi ki o ki moecheë teggi.
MAT.4.24	A chilli nacha mini Siria boche biring ma; é nacha fa chondi‐moecheë biring ra a be, chondië weriche ning toraeë nu nachang zuchu, ning na moecheë, berië niache nu nachang torama, ning na moecheë nachang nu furrung tung ma, ning na moecheë nachang nu ketumara; a nacha é raqelang.
MAT.4.25	Awa moecheë qwbeqwbe bira a fochera, Galilee kaë, ning Dekapolis kaë, ning Jerusalem kaë, ning Judea kaë, ning Jordan nagirri kaë.
MAT.5.1	Awa a to moecheë qwbeqwbe toh, a teh gea ma: a nacha to nu fa dochache, acha batulaë fa a chong:
MAT.5.2	A nacha a de rabi, a nacha é tinkga, a nacha falla,
MAT.5.3	Marafangji na moecheë be nachang niniche é boniae ma: katukung arriana‐mankgania na é be.
MAT.5.4	Marafangji na é be nachang monnama: katukung é fama malenglengde.
MAT.5.5	Marafangji na moecheë loachame be: katukung é dunia niachungji kulungma.
MAT.5.6	Marafangji na é be, kame ning yeh choli nachang zuchuma fangnia kira ra: katukung é fama rafehde.
MAT.5.7	Marafangji na moecheë be, niamaniuchung na nachang be: katukung é tina niamaniachungji zotoma.
MAT.5.8	Marafangji na boniae‐fiche‐moecheë be: katukung é Allah tohma.
MAT.5.9	Marafangji na é be nachang chari‐zahma: katukung é chillima Allah cha dië ra.
MAT.5.10	Marafangji na é be, moecheë nachang torama fangnia qwbe fe ra: katukung arriana mankgania na é be.
MAT.5.11	Marafangji na wo be, cha moecheë wo mayelema, ning cha é wo ramochoma, ning cha é feë niache ki biring fallama wo chungma dundidundi, ng qwbe fe ra.
MAT.5.12	Niachaniacha, ning wo boniae docha qwbeqwbe ra: katukung wo bunia qwbe razuchuma arriana é: katukung e dureë ramocho na ki ne, nachang nu na wo niara.
MAT.5.13	Wo na dunia cha foche ra: konnong cha foche a niuchungji banta loe, a fama finde foche ra mung ki sonnong? kabbi na berre ma a muh fang ze o ze ra; konnong é cha a woli é, ning a rafilli moecheë sangji bui, ning e cha a ma borrong.
MAT.5.14	Wo dunia cha nayele nang e. Toh, nachang na gea firri, a muh fata luchungche.
MAT.5.15	Ning moecheë muh dule radoechema, a docha debbe bui, konnong dule‐docha‐ze chungma; a nacha nayele fihma e biring ma, nachang na bangchi qui.
MAT.5.16	Wocha dule cha yiling ki fangi moecheë niara, é cha wocha ze‐rafallae fangi toh, é cha chilli fangi fih wo fàfè ma nachang na arriana é.
MAT.5.17	Wo na mah niochung ng fachinde na‐mungji kanna ama dureë: ng muh fachede ng cha kanna, konnong ng cha a ninga.
MAT.5.18	Katukung nondi ra ng nang falla wo be, Menne kore ning dunia dankguma, fe kiring ama ze‐di kiring na mah dankgu ki o ki na‐mungji ma, menne biring matingching.
MAT.5.19	Awa, nachang o nachang yi maragirrië‐di cha kiring kannama, ning moecheë tinkgama na ki, é a chillima dundi pissa biring be arriana mankgania qui: konnong nachang o nachang é ningama ning é tinkgama, é atang chillima chungqwbo arriana mankgania qui.
MAT.5.20	Katukung ng nang falla wo be, Menne‐yuchu wocha fangnia qwbo a pissa Saebele‐timaë ning Phariseë fangnia be, wo na mah zoh arriana mankgania é ki o ki.
MAT.5.21	Wo a maende nu, sinkge ra moecheë nachang falla, E na mah moeche‐focha; ning nachang o nachang moeche focha, kongjae a birrama a ma:
MAT.5.22	Konnong ng nang falla wo be, Nachang o nachang chonnoche a chungja ma tunde tunde kongjae a birrama a ma: ning nachang o nachang fallama a chungja be, Raka, é a raminima mallangji tegi: konnong nachang o nachang fallama, Etang dachui, zohma yehannama teh.
MAT.5.23	Fe nachang ra, cha é fa écha kih ra saeraechayire niara, é nacha maniochung na, fe‐ngdae na é chungja boniae ma é qwbe fe ra,
MAT.5.24	Echa kih lu na saeraecha‐yire niara, ning siga écha kira; a sinkge é de cha fang é chungja ra sinde, awa na chambi ra é cha fa ning fa echa kih ra.
MAT.5.25	E de cha fang écha yachui ra mafurre, kabbi é mang a fochera kira ra; cha é muh na ninga, berre ngdae yachui é radankguma kongjae‐raboh ma, ning kongjae‐raboh é radankguma mankgara‐chungji ma, awa a é razoh ballang‐bangchi qui.
MAT.5.26	Nondi ra ng nang falla é be, E muh fata mini na yire ki o ki, menne é ze‐chungchurri tongchae serrefi.
MAT.5.27	Wo a maende nu, sinkge ra moecheë a falla nu, E na mah bore cha gine chilli a ra:
MAT.5.28	Konnong ng nang falla wo be, Nachang o nachang gine ma tohma, a cholli a zuchu, a banta gei a chilli a ra a boniae ma kung.
MAT.5.29	Awa, cha é nia fang é ramocho, a rateh, ning a woli, katukung a fang é be é sallingjië kiring cha kanna, ning é qbundi biring na mah woli che yehannama.
MAT.5.30	Awa, cha é ngnifang‐belaechae é ramocho, a zegge ra, ning a woli; katukung a fang é be é sallingjië kiring cha kanna, ning é qbundi biring na mah woliche yehannama.
MAT.5.31	E falla nu, Nachang o nachang acha gine rabolloma, a cha kaire fi a ma a rabollo fe saebe na:
MAT.5.32	Konnong ng nang falla wo be, Nachang o nachang acha gine rabolloma, menneyuchu a yankga‐zuchu qwbe fe ra, a a ninga a yankga‐zuchu: awa, nachang o nachang atang tonkgoma, nachang na rabolloche, a bore cha gine chilli.
MAT.5.33	Sonnong, wo a maende nu, sinkge ra moecheë nachang falla, E na mah konna fu‐fafung, konnong é cha écha konnaë ninga Mankga be:
MAT.5.34	Konnong ng nang falla wo be, Wo na mah konna fohma: mah arriana ra; katukung a Allah cha tingchingji na ra:
MAT.5.35	Efai dunia ra; katukung a acha sangtide na ra: efai Jerusalem ra; katukung a Mankga qwbe cha tà na ra.
MAT.5.36	Efai é na mah konna é chungji ra; fe nachang ra é muh fata chung‐zegge kiring mafinde fiche ama foro:
MAT.5.37	Konnong wocha fe‐falle cha lu, Eo, ëo; ngkoi, ngkoi: katukung nachang o nachang pissa ye fe‐falleë be, fama fe niache ma.
MAT.5.38	Wo a maende nu, étang falla nu, Nia nia qwbe fe ra; ning ngningji ngningji qwbe fe ra:
MAT.5.39	Konnong ng nang falla wo be, Wo na mah fe niache dangkong: konnong nachang o nachang fama é bombo é ngnifang fae‐chorri ma, bore fae‐chorri mafinde a be na ki ne.
MAT.5.40	Awa, cha moeche o moeche é raminima kongjae, a nacha écha koati tonkgoma, a lu a cha écha yamböe tonkgo na ki ne.
MAT.5.41	Awa, nachang o nachang é karrachang‐ma e cha siga maili kiring quie, siga a fochera mailië firing quië.
MAT.5.42	E cha fi a ma, nachang é machoring, ning é na mah kobbi‐razoh a ra, nachang wama e duni fe ra.
MAT.5.43	Wo a maende nu, étang falla nu, E cha é bore rafang, ning é yachui raniachu:
MAT.5.44	Konnong ng nang falla wo be, Wo cha wo yachuië rafang, duba é be nachang wo kombi, fe fangi rabah é be nachang wo raniachu, ning salli é qwbe fe ra nachang ematonie wo ma, ning wo ramocho;
MAT.5.45	Na ki wo cha mafinde é Fafe cha dimeë ra, nachang na arriana é; katukung a acha zuge raminima moecheë niache be ning moecheë fangi be, ning a tuli sambama moecheë fangi be ning moecheë niache be.
MAT.5.46	Katuchung cha wo é rafang nachang wo rafang, wo mung bunia zotoma? Publikani muh rabah na ki ne?
MAT.5.47	Awa, cha wo wocha taraë nang chaebu kiringna, wo mung rabah a pissa boreë be? Publikani muh rabah na ki ne?
MAT.5.48	Fe nachang ra wo cha fang pissa biring be, aeme wocha Fàfè, nachang na arriana é, a fang pissa biring be.
MAT.6.1	ENIOHCHAZAH, wo na mah wocha bunia fi moecheë niara, niatohde é ra: ki dangting wo Fafe nachang na arriana é a muh bunia fima wo ma.
MAT.6.2	Fe nachang ra é to écha bunia fi, é na mah sarra feh é niara, aeme hipokritië ninga ki nachang charrang‐bang chië qui, ning tà‐chong kiraë ra, moecheë cha e chilli qwbe falla. Nondi ra ng nang falla wo be, E banta é serre zoto.
MAT.6.3	Konnong cha etang bunia fima, é koala bellaechae na mah a kulong é ngnifang bellaechae nachang ningama:
MAT.6.4	Echa bunia cha lu luchangde ra: awa é Fàfè, nachang tohma luchungde ra, etang qwbinde é serre‐fima moecheë nia chorri.
MAT.6.5	Awa cha é sallima, é na mah lu aeme hipokritië lu ki nachang: katukung é salli rafang na ki ma, é tima charrang‐bang chië qui, ning tà‐chong‐kiraë tungchungjië ra, moecheë cha é toh. Nondi ra ng nang falla wo be, E banta é serre zoto.
MAT.6.6	Konnong étang, cha é sallima, zoh écha bangchi di qui, awa, cha é banta écha nade ragelli, salli é Fàfè ma, nachang na luchung de ra; awa é Tàfè, nachang tohma‐luchungde ra, a é serre fima moecheë nia‐chorri.
MAT.6.7	Konnong cha wo sallima, wo na mah chwië wiache falla, aeme moecheë, nachang muh Allah kulong, ninga ki nachang: katukung é yankgi a ma é chwi‐maemande écha chwië wiache qwbe fe ra.
MAT.6.8	Awa, wotang na mah maninga é ra; katukung wo Fàfè kulong wo wama zeë nachang chong, na berre ma wo muh banta gei a machoring sinde.
MAT.6.9	Awa, wo cha salli yi ki ma: Muchu Fàfè, nachang na arriana é, é chilli cha rayahbu:
MAT.6.10	Echa mankgania fa, écha maragirri cha ninga ra, dunia ma aeme arriana é ki nachang:
MAT.6.11	A fi muchu ma yi locha muchucha locha o locha‐tami:
MAT.6.12	Ning muchucha dunië lu muchu be, aeme muchu dunië lu boreë be ki nachang:
MAT.6.13	Ning é na mah muchu razoh fe niache qui, konnong muchu rakissi fe niache ma: katukung étang nang qwbe mankgania na ra, ning sembe, ning nonia, banta‐rabelli. Amen.
MAT.6.14	Katukung cha wo yunobië lu moecheë be, wocha arriana Fàfè fama é lu wo be na ki nang ma:
MAT.6.15	Konnong cha wo muh yunobië lu moecheë be, wo Fafe muh fama wocha yunobië lu wo be.
MAT.6.16	Sonnong cha wo sungji zuchuma, wo na mah lu, maninga hipokritië ra, nia‐mah niuchung ma; katukung é écha nia‐tegi ratoh niachu, moecheë cha toh, é sungji zuchuma. Nondi ra ng nang falla wo be, E banta é serre zoto.
MAT.6.17	Konnong étang, cha é sungji zuchuma, ture‐zah é chung ji ma, ning é nia‐tegi racha;
MAT.6.18	E na mah ékang maseng moecheë be sungji zuchude, konnong é Fafe be, nachang na luchungde ra: awa é Fafe, nachang tohma luchungde ra, a serre fima é ma moecheë niachorri.
MAT.6.19	Wo na mah nàfulli mallang wokang be dunia ma, gehge ning chollung chollungji madong nachangde, ning ngnuma‐timaë kannama nachangde, ning ngnuma ti:
MAT.6.20	Konnong wo cha nàfulli mallang wokang be arriana é, gehge ning chollung chollungji muh madong nachangde, ning ngnuma‐timaë muh kannama nachangde, ning muh ngnuma ti:
MAT.6.21	Katukung wocha nàfulli lu nachangde, wocha boniae luma na ne.
MAT.6.22	Qbundi niayele na nia; awa, cha é nia mayelang che, é qbundi biring rafehma nayele ra:
MAT.6.23	Konnong cha é nia niachuche, é qbundi biring rafehma naiforo ra. Awa, cha nayele, nachang é qui, a na naiforo, mung naiforo qwbe nang na ra!
MAT.6.24	Moeche ngde o ngde muh fata ze‐rafalla karra‐moecheë firing be: katukung a kiring raniachuma, ning bore rafangma; cha na mah ra, a kiring mabingjema, ning bore mah niocha‐zahma. Wo muh fata ze‐rafalla Allah be ning mammon be.
MAT.6.25	Na qwbe fe ra ng nang falla wo be, Wo na mah maniochung tonkgo wo ngni be, wo fama ze nachang dong, ning wo fama nachang ming, ning wocha qbundi be, wozohma mazoh‐ze nachang ma. Ngni muh pissa dong‐ze be, ning qbundi muh pissa mazoh‐ze be?
MAT.6.26	Tocheë matoh chanta ma; katukung é muh ze‐zimah, wure é mu màlung chabbema, wuri e muh a mallangma kingkië qui; konnong wo arriana Fafe é deggema. E wo muh pissa é be qwbe ra?
MAT.6.27	Ngde wo niama, cha a maniochung tonkgo, a fata woalawoala kiring makaffu acha itenia ma?
MAT.6.28	Awa, mung fe ra, wo maniochung tonkgoma mazoh‐ze fe ra? Fugeë matoh buring ji ma, é mohma ki nachang; é muh zerafallama, ning é muh gezze‐wolima:
MAT.6.29	Ning halisa ng nang falla wo be, Solomon akang, acha nonia biring ma, a muh nu mazohche a maninga yi kiring ra.
MAT.6.30	Fe nachang ra, cha Allah zeche mazoh burungji é yi ki, nachang tiche toh, awa tina a gang, a muh womazohma qwbeqwbe ra? O wocha dengkaenia dundundi?
MAT.6.31	Na qwbe fe ra, wo na mah maniochung tonkgo, wo na mah falla, Muchu fama mung ze dong? ma, Muchu fama mung ming? ma, Muchu fama mung mazoh‐ze zoh muchu ma?
MAT.6.32	(Katukung moecheë, nachang muh Allah kulong, é wama yi zeë biring chong:) katukung wocha arriana Fàfè kulong, wo wama yi zeë biring chong.
MAT.6.33	Konnong sinkge ra wo cha Allah cha mankgania feng, ning acha fangnia; awa yi zeë biring fama makaffu wo be.
MAT.6.34	Awa wo na mah maniochung tonkgo tina qwbe fe ra: katukung tina maniochung tonkgoma ze qwbe fe ra akang na. Fe niache, nachang na toh, na lang na chi.
MAT.7.1	Wo na mah kongjae‐zah, ning kongjae muh fama birrade wo ma.
MAT.7.2	Katukung kongjae, wo nachang zahma, na kongjae fama birrade wo ma: awa, na zemaninga‐ze, wo maninga nachang qui, é mang a maningama wo be atang nang qui sonnong.
MAT.7.3	Awa, mung fe ra, é ngniuge matoh, nachang na é chungja nia é, konnong é mah maniochungma bambe, nachang na é qwbe nia é?
MAT.7.4	Ma, é fallama mung ki é chungja be, Mamae, ng cha ngniuge bah é nia ma: ning, matoh, bambe na é qwbe nia é?
MAT.7.5	Etang hipokriti, bambe bah é qwbe nia ma sinde, awa na chambi ra é naitohma ki fangi ngniuge bah é chungja nia ma.
MAT.7.6	Wo na mah ze‐fiche fi bareë ma, wueri wo na mah wocha yangquië‐fangi woli chozze bui, cha é fama e maborang é sangjië bui, awa e mang qbuleng sonnong, ning é wo ching.
MAT.7.7	A machoring, awa wo a zotoma; a feng, awa wo a tohma; a ding, awa a rabima wo be.
MAT.7.8	Katukung nachang o nachang machoring ma, a zotoma; awa nachang a fengma a tohma; awa nachang ding‐ma a rabima a be.
MAT.7.9	Ma ngde moeche na wo tegi, nachang, cha acha di tàmi machoring, a gemme fima a ma?
MAT.7.10	Ma cha a yaeche machoring, a bochema‐ze fima a ma?
MAT.7.11	Awa, cha wo, nachang niachuchinde, kulong wo kië fangi fima ki nachang wocha dimeë ma, wocha Fàfè, nachang na arriana é, pissa wo biring be, a kiëfangi fi é ma, nachang a machoring?
MAT.7.12	Na qwbe fe ra zeë biring wo wama nachang o nachang chong, moecheë cha rabah wo be, wo cha rabah é be na ki ne: katukung yi na na‐mungji ning dureë.
MAT.7.13	Wo zoh nade tingchingme ra: katukung nade raboche, ning kira eqwbo, nachang channema kanna‐yire, awa qwbeqwbe nang é ra, nachang zohma na:
MAT.7.14	Fe nachang ra nade tingching, ning kira churung, nachang channema ngni ra; awa dundundi nang é ra, nachang a tohma.
MAT.7.15	Wo na mah niocha‐za wule dureë chong, nachang fama wo be é mazohche ziëkiri ra, konnong qui é maninga chalumaë furrunia‐chuche ra:
MAT.7.16	Wo é kulongma écha bogië ma. E moecheë fata tungsungjië mallang tumbeë ra, ma chatteë tumbeë di ra?
MAT.7.17	Na ki na ra wuri fangi o wuri fangi minima bogi fangi; konnong wuri niache minima bogi niache.
MAT.7.18	Wuri fangi muh fata mini bogi niache, ning wuri niache muh fata mini bogi fangi.
MAT.7.19	Wuri o wuri, nachang muh minima bogi fangi, a fongma, ning é a rawoli teh é.
MAT.7.20	Fe nachang ra é bogima wo é kulongma.
MAT.7.21	Moeche o moeche mah ra, nachang fallama ng be, Mankga, Mankga, zohma arriana mankgania é; konnong nachang ng arriana Fafe cha maragirri ningama.
MAT.7.22	A wiachi fama falla ng be na locha ma, Mankga, Mankga, é muchu muh dure‐chwifalla é chilli ra? awa é chilli ra muchu muh berië niache kirri? awa é chilli ra muchu muh kabandi feë wiachi rabah?
MAT.7.23	Awa na yangji ma ng nang fallama é be, Ng muh wo kulong berre o berre ma: kelli ng faema, wotang, nachang fe niache rafallama.
MAT.7.24	Awa nachang o nachang yi ng fe‐falleë ramaema, ning é ninga, ng a maningama ehame ra, nachang fe kulong, nachang acha bangchi ti gemme changma:
MAT.7.25	Ning tule fa, ning yeh zoh, ning foyeë a felung, ning a na bangchi ding; awa a muh birra: katukung a nu tiche gemme chungma.
MAT.7.26	Awa moeche o moeche, nachang yi ng fe‐falleë ramaema, ning a muh é ninga, ng a maningoma chame boniae teri ra, nachang acha bangchi ti maniengji chungma:
MAT.7.27	Ning tule fa, ning yeh zoh, ning foyeë a felung, ning a na bangchi ding; awa a birra: awa haehade na na birre ra.
MAT.7.28	Awa a nu ningache, Isua to yi fe‐falleë ranieng, moecheë mafu acha fe‐tinkga:
MAT.7.29	Katukung a é tinkga aeme kiring, sembe na nachang be, ning muh aeme saebele‐timaë.
MAT.7.29	FINIS
