MRK.1.1	Wei lamna 
MRK.1.2	Me wariaḡa 
MRK.1.4	Anina ma taupariverena John i nei au mutulua da rava i bababataitoi ma God riwana i jimejimei i pa, “Ami ḡoa-apoapoe onavo terei ma 
MRK.1.5	Ma rava anatapui 
MRK.1.6	Ma John, 
MRK.1.7	Ma tauna, rava i ririwei i pa, “Rava au muriu e nenei i ḡetelara, eḡa me tau. Eḡa tagotagogiu da ana ae-uma ḡuravana ana rupeni. 
MRK.1.8	Tau wairei a babataitoimi, wate tauna, Arua Vivivireinei ina babataitoimi.”
MRK.1.9	Lamna maranaina Iesu, 
MRK.1.10	Ma maranai Iesu wairei i ḡeḡetai, i inana da mara i wana-tawanei
MRK.1.11	Ma God ponana marei i opu ma i riwa i pa, “Tam, tau natu au nuavaina ma uvi nuaiainiu.”
MRK.1.12	Ma lamna au murina God Aruana Vivivireina Iesu i paritawanana opunei au mutulua. 
MRK.1.13	Ma au pom 40, Iesu au mutulua i mae. Ma 
MRK.1.14	Ma Wavalatona 
MRK.1.15	Ma Iesu i ririwa i pa, “God ana mara vinevinena i ḡetai. God ana vibadana vouna rava au bai, lamna i turiai. Ami ḡoa-apoapoena 
MRK.1.16	Mara tagogi Iesu 
MRK.1.17	Iesu i riwei i pa, “Ona nei ma onavo taḡotaḡoiu. Ma me marina iana o tutuarui; nanare anavi araramanimi da rava ona tuarui da inavi tumaḡaneu!”
MRK.1.18	Ma maratogogi ai agida ivo terei ma Iesu ivo taḡotaḡoi. 
MRK.1.19	Ma taui au gera i verau-nae. Iesu, 
MRK.1.20	Ma maratagogi taui i ḡorei, “Taumi ona nei ma tau onavo taḡotaḡoiu!” Ma taui amai 
MRK.1.21	Iesu, ana 
MRK.1.22	Tauna ana rewapanana ivi araramana eḡa me mai 
MRK.1.23	Maranai Iesu pari au numana ivivi araramana ma oroto 
MRK.1.24	i pa, “Iesu 
MRK.1.25	Ma Iesu riwa bagibaginei i riwei i pa, “Ma genuana! Nai orotona ma oputawaneii!”
MRK.1.26	Ma arua-apoapoena nai orotona ivi aikwajiei ma ponana i rata, i garara ma i oputawaneii. 
MRK.1.27	Ma rava anatapui i bana kauei ma taui ava ivi tarapiri, “Wei aiwai? Wei viararamana vouna ma ana rewapana maiteni! Wei ravana awarina rewapana e mamae da arua-apoapoena i riwei ma tauna ivovo teletelei!” 
MRK.1.28	Iesu nolana, maratagogi i tua 
MRK.1.29	Nai marana pari au numana i oputawanei ma ana tauvotaḡotaḡo maiteni i nae Simon ma Andrew ai au numa; James ma John maiteni i nae. 
MRK.1.30	Simon poiana wavinena ini ḡuḡurana ana au animatave i matamatave ma maranai Iesu i ḡeta ma numa ravai, tauna i pariverei. 
MRK.1.31	Tauna i nae wavine awarina, nimana ivo jijini ma ivo agui da ivo mairi. Lamna maranaina, ini ḡuḡurana ivo terei ma wavinena, taui i paini.
MRK.1.32	Ma au bigai madeḡa i neulai au murina, rava, ai rava doridoriai ma taui aiavoi arua-apoapoei au orai maemae, i neiai Iesu awarina.
MRK.1.33	Ma rava anatapui nai au melagaina ivi tagogiei numa au metaetana. 
MRK.1.34	Ma Iesu, maḡamaḡaui ai doria nununai ivi lawani ma arua-apoapoe maḡamaḡaui rava awari ivi aḡaḡana opunei. Ma arua-apoapoena i aramanei da tauna anina God natuna ma lamna au baina taui ivi ḡaei da i genuana.
MRK.1.35	Ubaubanai boiboḡi, Iesu ivo mairi ma numa i oputawanei ma i nae gabu au genugenuanana. Ma kampa, God awarina i raupari. 
MRK.1.36	Muriai, Simon varevareina maiteni i nae da i baiei. 
MRK.1.37	Ma maranai Iesu i nelaḡai, ma i riwei i pa, “Rava anatapui e baibaiem.”
MRK.1.38	Iesu i paribelei i pa, “Tana nae melagai ḡelaui au ḡereḡere, ma kampa maiteni God 
MRK.1.39	Ma 
MRK.1.40	Anina ma oroto 
MRK.1.41	Ma Iesu nuabola orana i oai ma urana ivi loloi da ivo dadani ma i riwa i pa, “Anina a ḡoeḡoei, ma ai!” 
MRK.1.42	Ma maratogogi opi-doriana, oroto ivo terei ma tauna i ai me. 
MRK.1.43	Anina ma Iesu i riwana guratei i pa, 
MRK.1.44	“Tam ma nae! Aiwai i tuputupua awarim, eḡa rava mavi eḡei! Ma jijimanina ma nae 
MRK.1.45	Wate orotona i nae ma aiwai awarina i tuputupua lamna melagai au anatapuna i babani ana naiei. Ma lamna au baina Iesu melagai anatapui i vorei ma mepa eḡa rava ita mamaelana kampa i nae. Wate rava mepa maemaei i nei Iesu awarina.
MRK.2.1	Iesu ana tauvotaḡotaḡo maiteni i wanavira melei au 
MRK.2.2	Ma rava maḡamaḡaui ivi tagogiei au numa. Patara i rata guratana da numa i oai ma metaeta maiteni i mae potai. Iesu, God riwana i rarau-gugulei. 
MRK.2.3	Nelara 4, oroto gwaḡagwaḡana rasirasiei i avarai da i neiai Iesu awarina. 
MRK.2.4	Rava i maḡa guratana ma eḡa tagotagogina da ita neiai Iesu awarina, lamna au baina da tetelei i amḡaena da au poewa ma gavogavo i bauni ma kampa gwaḡagwaḡana ana rasirasina i tere-ḡairei Iesu au naona. 
MRK.2.5	Ma Iesu, nai ravai i inanai da ai 
MRK.2.6	Anina mai 
MRK.2.7	“God ainelana ḡoa-apoapoei e notanota-tawanei. Aiwai au baina wei ravana nanare e bababani? Tauna, God evivi jiboḡi ma e ririwa da tauna, God nanare.”
MRK.2.8	Maratagogi, Iesu i aramanei da taui au orai nanare ivivi nuanotanota ma i riwei i pa, “Aiwai au baina wei kauai ovivi nuanotenotei? 
MRK.2.9	Metauna i telatela: Gwaḡagwaḡana ata riwei, ‘Am ḡoa-apoapoe a nota-tawanei.’ Bo ata riwei, ‘Mavo mairi, am animatave ma vaia ma ma babara?’ 
MRK.2.10	A ḡoei da taumi ona aramanei da 
MRK.2.11	“A riwem, mavo mairi, am animatave ma vaia ma ma nae au numa!”
MRK.2.12	Orotona ivo mairi, ana animatave i vaia ma maratagogi i babara. Ma patara i raraubiga, i bana kauei ma God ivo epaepai ma i ririwa, “Tauai eḡa melanai kaua wenanare ata inanai!”
MRK.2.13	Iesu, 
MRK.2.14	Ma ivi raunae aburuna ma oroto tagogi i inanai wavana Levi, 
MRK.2.16	 ai Tarawatu Babadai ḡelaui, taui maiteni Farisi, i inanai da Iesu 
MRK.2.17	Ma maranai Iesu wei riwana i nononori ma taui i riwei i pa, “Rava lawalawai, doketa eḡa ita ḡoeḡoei ma rava doridoriai, doketa e ḡoeḡoei. Tau a nei rava apoapoei au bai ma eḡa rava jijimani au bai.”
MRK.2.18	Mara tagogi, John Taubabataito ma 
MRK.2.19	Iesu i paribelei i pa, “Taumi o notanotai da taui aiavoi i rau-kwatuei tavine ana au torela, ina mae lota bo? Eḡateni kaua! Maranai tavitavine vou orotona, taui maiteni e mamae, taui eḡa ina uji. 
MRK.2.20	Wate mara ina ḡeta maranai tavitavine vou orotona ina vai-tawanei ma lamna maranaina ana rava ina uji.”
MRK.2.22	Ma nanare, eḡa aiai 
MRK.2.24	 ḡelaui i inanai wei kauana i kaukauei ma taui Iesu i riwei, “Ma inanai, ata  
MRK.2.25	Iesu i paribelei i pa, “Me 
MRK.2.27	Ma Iesu ana riwa au damona i riwa i pa, “God, 
MRK.2.28	Onavi nua-notenotei, tau 
MRK.3.1	Mara ḡelauna au 
MRK.3.2	Ma 
MRK.3.3	Ma Iesu, orotona i riwei, “Ma nei, au naoi ma mairi!” 
MRK.3.4	Ma Iesu, ravai ivi taravirevirei i pa, “
MRK.3.5	Iesu ana amloḡaiḡaina i inana viravira ma i inanai da taui orai i bado ma nuanuana i bola-kauei. Ma Iesu, orotona i riwei i pa, “Uram mavi loloi!” Ma ivi loloi ma i lawana. 
MRK.3.6	Ma 
MRK.3.7+MRK.3.8	Iesu ana tauvotaḡotaḡo maiteni, taui i netawanei ma i nae au gera da itavi lauvitau ma mai 
MRK.3.9+MRK.3.10	Iesu, rava maḡamaḡaui ivi lawani. Ma lamna au baina doridoriai maḡamaḡaui ivivi amdudu ma i ḡoei da tauna itavo dadani. Lamna au baina ana tauvotaḡotaḡo i riwei da waga ivo kaukauei. 
MRK.3.11	Maranai, arua-apoapoei rava au orai maemaei, Iesu i inanai ma au naona i peu ma i garara, “Tam God Natuna!”
MRK.3.12	Wate Iesu taui ivi ḡaei da avena itavi eḡa da tauna aiai.
MRK.3.13	Anina ma Iesu i ḡae au ola ma ana ḡoana nanare, rava i kwatuei da awarina i ḡei. 
MRK.3.14	Tauna, nelara 12 i vinei da maiteni ita mae ma muriai ita paritawanei da ita rau-gugula. Ma taui i ḡorei 
MRK.3.15	Ma ivo vai-virewapani da arua-apoapoei rava au orai inavi opuni.
MRK.3.16	Taui i vinevinei 12 ai wava wenanare,
MRK.3.16	Simon i ḡoreḡoreia Peter
MRK.3.17	ma 
MRK.3.18	Andrew,
MRK.3.18	Philip,
MRK.3.18	Matthew,
MRK.3.18	Thomas,
MRK.3.18	James, 
MRK.3.18	Tadeus,
MRK.3.18	Simon, tauna Zealot,
MRK.3.19	ma Judas 
MRK.3.20	Ma Iesu ana tauvotaḡotaḡo maiteni i rui au numa. Ma patara i rieiai da taui eḡa tagotagogina da ita am. 
MRK.3.21	Ma Iesu ana numa ravai nolana i nonori ma i riwa i pa, “Tauna i bua.” Lamna au baina i nei da ina taravaini.
MRK.3.23	Lamna au baina Iesu, Tarawatu Babadai i ḡorei ma awanainei i pa, “
MRK.3.24	Mepa da 
MRK.3.25	Ma nanare dam inavi ḡavia vivira, nai damna ita mae ava. 
MRK.3.26	Ma 
MRK.3.27	Taudanene amapo eḡa rava virewapanana ana au numa ina danene, eḡa da au naona ravana ḡuravei ina raḡini ma muriai ina danene. 
MRK.3.28	Riwa kaua a ririwemi da God ami apoapoei ma ami vijiboḡa anatapui ina nota-tawanei. 
MRK.3.29	Wate aiai ravana 
MRK.3.30	Iesu wenanare i babani, anona rava ḡelaui e ririwa, “Iesu au orana arua-apoapoei e mamae.”
MRK.3.31	Iesu alona ma varevareina i nei ma au doa i maimairi ma riwa i paritawanei Iesu awarina da ita nei. 
MRK.3.32	Ma patara, tauna i kiala kwaviviroi ma taui Iesu i riwei i pa, “Alom ma novunovum ma varevareim au doa ma e ḡoeḡoem.”
MRK.3.33	Iesu i paribelei i pa, “Aiai alou ma aiavoi varevareiu?” 
MRK.3.34	Anina ma Iesu, taui i kiakiala i inanai ma i riwa i pa, “Ona inana wei taui alou ma varevareiu! 
MRK.3.35	Aiai God ana ḡoana e kaukauei, tauna alou ma novu ma vareiu.”
MRK.4.2	Ma kaua maḡamaḡaui awanainei i giu ma ivi araramana. 
MRK.4.3	Tauna awanainei i babani ma i riwa i pa, “Ona rau-taniḡana! Taupaewa, ana wapu ivo kaukauei ma pei i ravi awawari. 
MRK.4.4	Pei ḡelaui au eta i peu. Ma kiu i ḡeta ma i ani. 
MRK.4.5	Ma pei ḡelaui doa au ḡaiḡaimana i peu mepa doa au avavana. Ma lamna au baina maratagogi i gogo. 
MRK.4.6	Wate maranai madeḡa i rarani, maratagogi i poi, anona warami eḡa ita ḡaira guratana doa au orana. 
MRK.4.7	Pei ḡelaui, ai donadonai au poui i peu. Ma ai donadonai i gogo ma pei i gogogo i lavani ma eḡa ita ua. 
MRK.4.8	Ma pei ḡelaui doa au aiaina i peu ma i gogo kaua ma i ua, ḡelaui 30, ḡelaui 60 ma ḡelaui 100.”
MRK.4.9	Ma Iesu i riwa i pa, “Mepa da taniḡami e mamae, riwa ona nonori!” 
MRK.4.10	Maranai Iesu ainelana i mamae ma ana tauvotaḡotaḡo 12 ma tau-rautaniḡana ḡelaui i ḡeta ma Iesu ivi baḡai da awanaina anona ita riwei.
MRK.4.11	Ma Iesu i paribelei i pa, “
MRK.4.12	Lamna ana kauei da wariaḡa 
MRK.4.13	Anina ma Iesu i riwei i pa, “Wei awanainei a babani ma anona eḡa ota aramanei bo? Ma awanaina ḡelaui menanare ona aramananei? 
MRK.4.14	Taupaewa, God riwana, rava anatapui e pari pariverei. 
MRK.4.15	Rava ḡelaui orai i bagibagi me etanai. Riwa au tepana e raurauei, wate maratagogi 
MRK.4.16	Ma rava ḡelaui orai me doa viḡaiḡaimana. Taui, riwa i nonori ma maratagogi ana nuaiaii riwa e vaivaia. 
MRK.4.17	Wate warami eḡa da eḡa ita mamae guratana. Ma maranai nuabola bo rau-iviapoapoe e nenei taui awari, au baina taui ai tumaḡana God awarina e tereterei. Taui maratagogi e peupeu. 
MRK.4.18	Rava ḡelaui orai me pei, ai donadonai au orai e gogogolana. Taui anina riwa e nononori. 
MRK.4.19	Wate lawana ai nuabola ma mane ai nuavainana ma kaua ḡelaui ai au nuaiai e ruirui ma God riwana e lavalavani da eḡa ita uaua. 
MRK.4.20	Ma ḡelaui, taui me pei doa au aiaina i peu. Taui, lamna anina riwa e nononori ma e vaivai-kauei ma e uaua: ḡelaui 30 ma ḡelaui 60 ma ḡelaui 100.” 
MRK.4.21	Iesu i riwei i pa, “Rava, eḡa aniravilala ita neineiai da iriga au gabaurina ita tereterei bo vatara au gabaurina ta pa? Aniravilala ana au anikiala e tereterei ta pa? 
MRK.4.22	Kaua mamae govaḡai, anataputapui avi eḡai ma kaua govagovaḡai nanarena anavi eḡai. 
MRK.4.23	Mepa da taniḡami e mamae, riwa ona nonori!”
MRK.4.24	Iesu i riwa i pa, “Aiwai o nononoria ona rau-taniḡanana kauei, ruva o ruveruveia, God nanare awarimi ina ruvai ma ḡelauna ina tavipotoi. 
MRK.4.25	Lamna au baina, mepa da riwau ona aramanei, tau ḡelauna ma ḡelauna ana veremi. Ma taui eḡa ita aramanei, lamna aiwai aburuna i nononoria, lamna ina vineboai.”
MRK.4.26	Iesu e ririwa i pa, “
MRK.4.27	Ma waguvara e matamatave ma maratom evovo mairi ma pei e gogogo ma e rarata. Wate aiwaiei e gogogo, tauna evivi nuanainei. 
MRK.4.28	Doa ana nuaina, pei me 
MRK.4.29	Maranai i magura, rava petona e rarau-karei. Tuaruta marana i ḡetai.”
MRK.4.30	Iesu i riwa i pa, “
MRK.4.31	Wenanare, wei aina peina, lamna me gaga peina, pei aburuoina au dobu ma au doa i paewi. 
MRK.4.32	Ma peina i gogo ma i rata da ai muomuoi i ḡetawanei ma raḡaraḡai ḡaeḡae i tere ma au ḡoui, kiu ai noḡi ita voai.”
MRK.4.33	Ma Iesu, awanaina maḡamaḡaui, rava au matai i rau-gugulei da taui ai rau-taniḡana ana au ruva nanare. 
MRK.4.34	Awanainei, rava awari i giugiu, wate ana tauvotaḡotaḡo, taui ava awari kaua anatapui ivivi eḡai.
MRK.4.35	Nai au bigaina Iesu, ana tauvotaḡotaḡo i riwei i pa, “Tana damana topa au baba ḡelauna.” 
MRK.4.36	Anina ma 
MRK.4.37+MRK.4.38	Iesu, waga au murina unutana i terei ma i rau-nuavuru. Ma kojikojira ḡaeḡaena i tupua ma rabama, waga au tepana i raurauei ma waira, waga i oaoai. Ma ana tauvotaḡotaḡo, tauna i ravidagudagui ma i riwei i pa, “Taugiu, nuanuam e bolabolai bo eḡa da tana iraḡe?”
MRK.4.39	Ma tauna ivo mairi ma ive ivi ḡaei ma i riwei i pa, “Ma genuana!” Ma rabama i riwei i pa, “Ma mae genuatau!” Ma ive i wana-tuini ma daumora ḡaeḡaena i matave. 
MRK.4.40	Iesu ana tauvotaḡotaḡo i riwei i pa, “Aiwai au baina o rovorovo? Taumi amapo da eḡa ota  
MRK.4.41	Ma taui i rovo kaua ma i riwa vivira i pa, “Wei tauna aiai da ive ma rabama tauna evovo teletelei?” 
MRK.5.1	Iesu ana tauvotaḡotaḡo maiteni 
MRK.5.2	Wei au dobuna, 
MRK.5.3+MRK.5.4+MRK.5.5	Eḡa aiai tagotagogina da ita vovai-ubai. Mara maḡamaḡauna, aena ma urana seinei i raḡini. Wate maranaina sein i raḡiraḡinia, lamna sein ivi aituituini ma eḡa tagotagogina da seinei ita pani. Marai ma waguvarai i nene-labalababa ma i garagarara ma ḡaimei tupuana i boribori melei ma au kokoaga ma au ola i rau-numa. 
MRK.5.6	Maranai Iesu wagei i opuopu, arua-apoapoei orotona i ruiruinia, aueia Iesu i inanai ma kokoagei i ruba ma Iesu au naona i peu ma i raudune. 
MRK.5.7+MRK.5.8	Iesu, ravana i riwei i pa, “Arua-apoapoena, wei orotona ma oputawaneii!” Ma orotona, ponana au aidamo ma i garara, “Iesu, God Aidamo Telerana Natuna! Aiwai awariu e ḡoeḡoei? God wavanei avivi baḡaim da eḡa ma kovoḡiu!” 
MRK.5.9	Iesu, orotona ivi taravirevirei i pa, “Tam wavam aiai?” 
MRK.5.9	I paribelei i pa, “Tauai a maḡa, au baina tau wavau lamna 
MRK.5.10	Ma orotona, Iesu ivi baḡa guratei da avena arua-apoapoei nai au dobuna itavi opuna-tawanei.
MRK.5.11	Ma poro boruna ḡaeḡaena au ḡereḡere ola au adana i labalaba. 
MRK.5.12	Ma arua-apoapoei, Iesu ivi baḡai, “Ma paritawanelai poro au orai ana rui.” 
MRK.5.13	Iesu ivi anina. Ma arua-apoapoei, orotona i oputawaneii ma poro au orai i rui. Poro boruna 2000 nanare olei i ruba ḡaira da au topa i monu.
MRK.5.14	Ma poro taupainii i ruba nae au melagai ma au wapu; ma riwa ivi babarai. Ma rava i nei da ita inanai aiwai i tupua. 
MRK.5.15	Ma maranai i nae Iesu awarina, orotona au naona arua-apoapoei patarai au orana i mamae; tauna i kiakiala, gara i oteni ma ana nota jijimanina. Ma taui i rovo. 
MRK.5.16	Ma aiwai i tupua orotona ma poro awari, taui inananaia, rava i riwana naiei.
MRK.5.17	Ma dobuna ravai, Iesu ivi baḡai da dobuna ita oputawaneii.
MRK.5.18	Iesu au waga i gerugeru ma orotona, Iesu ivi baḡai i pa, “Tau maiteni tana nae.”
MRK.5.19	Iesu ivi ḡaei ma i riwei i pa, “Ma nae me am au dam. Ma Bada kaua aiwai ḡaeḡaena i kaukaueia ma ana iviaiai tam awarim, taui ma pariverei.”
MRK.5.20	Ma anina orotona, Iesu i netawanei ma i nae au 
MRK.5.21	Iesu wagei i damana me topa au baba-ḡelauna. Maranai kampa i ḡeta ma amapo topa au adana i mamae ma patara i rieiai. 
MRK.5.22	Pari au numana badana tagogi, ana wava Jairus i nei Iesu awarina. Maranai tauna, Iesu i inanai, au aena i peu 
MRK.5.23	ma ivi baḡa guratei i pa, “Natu guguinina e irairaḡe. Ma nei ma uram au inina ma terei ma ina lawana.”
MRK.5.24	Anina ma Jairus, Iesu maiteni i nae ma patarana i mae gariḡuruvi ma ivo taḡotaḡoi.
MRK.5.25	Wavine tagogi, tauna tara-doriana awarina i mae da madeḡa 12 i kwa. 
MRK.5.26	Ana mane anataputapuna, dokedoketa maḡamaḡaui awarii i tawanei ma eḡa tagotagogina itavi lawani ma amapo da ana doria i rarata. 
MRK.5.27+MRK.5.28	Tauna, Iesu nolana ma ana babani i nonori ma au orana ivi nuanotanota i pa, “Mepa da ana gara ava anavo dadani ma ana lawana.” Ma tauna, Iesu murinei i nei ma ana gara ivo dadani. 
MRK.5.29	Maratagogi, tara-doriana i wana-tuini ma malana i vaia da i lawana. 
MRK.5.30	Nai maranaina, Iesu malana i vaia da ana rewapana i oputawaneii ma i mae tavirei patara au poui ma i riwa i pa, “Aiai au gara ivo dadani?”
MRK.5.31	Ana tauvotaḡotaḡo, tauna i riwei, “Ma inanai, patara i mae gariḡuruvim! Ma menanare da u riwa ‘Aiai ivo dadaniu?’”
MRK.5.32	Wate Iesu i inana viravira da ita inanai aiai ivo dadani. 
MRK.5.33	Wavine i rovo kaua ma i sisisi, wate i aramanei aiwai awarina i tupua ma i nei ma Iesu au naona i raupari ma aiwai anatapui ivi eḡei. 
MRK.5.34	Anina ma Iesu, wavine i riwei i pa, “Natu, am tumaḡana ivi lawanim. Am doria i kwa, ana nuaubam ma nae!” 
MRK.5.35	Maranai i bababani ma rava ḡelaui Jairus ana numei i nei ma i riwei i pa, “Natum ana mara i kwa. Eḡa Taugiu ma visina-viravirai.”
MRK.5.36	Iesu ai babani i nonora-tawanei ma Jairus i riwei i pa, “Eḡa ma rovo, 
MRK.5.37	Iesu, rava ḡelaui ivi ḡaei ma Peter ma James ma ana tevera John maiteni i nae. 
MRK.5.38	Ma Jairus ana au numa i ḡeta ma Iesu, patara i inanai; i toutou ma i taratarakwatu 
MRK.5.39	ma i rui ma taui i riwei i pa, “Aiwai au baina o taratarakwatu ma o toutou? Tevera eḡa ita iraḡe, tauna e matamatave ota.”
MRK.5.40	Ma taui, Iesu i kakei, ma lamna au baina rava ivi opuni au doa ma tevera alona ma amana ma tauna ana tauvotaḡotaḡo tonuḡa maiteni i rui mepa tevera i matamatave-lana. 
MRK.5.41	Iesu, tevera nimana i vaia ma i riwei i pa, 
MRK.5.42	Maratagogi ivo mairi ma babara ivi karei (Tauna ana madeḡa 12). Ma taui i ba kaua. 
MRK.5.43	Iesu, taui i riwana guratei da eḡa aiai itavi eḡei ma i riwa i pa, “Ona viam-bagibagi.”
MRK.6.1	Iesu ana tauvotaḡotaḡo maiteni nai dobuna i netawanei ma i nae me ana au melagai. 
MRK.6.2	Ma 
MRK.6.3	Anina ma taui ava i babani vivira i pa, “Tauna tauvoa. Mary ana natuevou ma varevarena James, Joseph, Judas ma Simon ma novunovui weka e mamae tauna bo?” Ma lamna au baina mai 
MRK.6.4	Iesu, taui i riwei i pa, “
MRK.6.5+MRK.6.6	Tauna i baei da rava eḡa tauna itavi tumaḡanei. Tauna eḡa tagotagogina da 
MRK.6.7	Ma Iesu, taui 12 i ḡoreiai ma ruaruaḡei ava i paritawanana opunei melagai au nununai. Ma rewapana i verei da arua-apoapoei inavi aḡaḡana opunei. 
MRK.6.8	Ma riwa bagibaginei i riwei i pa, “Ami au vaḡai, eḡa aiwai ona vaia anina jiḡona ava; eḡa lam, eḡa autu bo mane au urami. 
MRK.6.9	Ae-uma ona oteni ma eḡa kwama ḡelauna ona vaia.” 
MRK.6.10	Ma i riwei i pa, “Metauna melagaina o ruirui ma ivi aninemi. Numa tagonina au orana ona mae da melagaina ona oputawaneii. 
MRK.6.11	Mepa da au melagai o ḡeta ma rava eḡa itavi aninemi bo eḡa ita rau-taniḡanemi. Nai melagaina ona oputawaneii ma aemi pokauna ona rau-abuabui da taui ina aramanei da taui ai wavu!”
MRK.6.12	Ma taui i opu ma rava awari i rau-gugula ma i riwei i pa, “Taumi ami ḡoa-apoapoei onavo terei ma 
MRK.6.13	Taui, arua-apoapoei ivi aḡaḡana opunei. Ma rava doridoriai maḡamaḡaui, monamona au kolai i waḡi ma ivi lawani.
MRK.6.14+MRK.6.15+MRK.6.16	Iesu nolana i nae da rava anataputapui i aramanei ma tauna i babaniei. Ma rava ḡelaui i ririwa i pa, “Tauna, 
MRK.6.17+MRK.6.18+MRK.6.19+MRK.6.20	John ana virarautua, lamna wenanare. Muriai da Iesu ana viararamana nolana itavi karei. Herod, tuana Philip awana i kwalei ma i ravaḡi. Wavinena wavana Herodias. Au murina John, Herod i riwana ḡiriḡiriei i pa, “
MRK.6.17+MRK.6.18+MRK.6.19+MRK.6.20	Ma Herodias, John awarina amlona i ḡaiḡai ma viraḡenana i ḡoei. Herod i aramanei da John, tauna rava jijimanina ma rava vivivireina ma i gagaloei. Herod, John i rovoei ma lamna au baina wavinena eḡa tagotagogina da aiwai ita kauei.
MRK.6.21	Ma wavine, gavogavo i inanai, maranai Herod ana tupua marana i ḡeta ma torela ivo kaukauei. Ma gabemani babadai ḡaeḡaei ma ḡavia ravai ai babada ḡaeḡaei ma 
MRK.6.22	Ma Herodias natuna wavinena i nei ma i ara. Herod ma taui maiteni i amam ivi nuaiaini. Ma wavalatona, guguini i riwei i pa, “Aiwai u ḡoeḡoeia mavi baḡaiu ma ana verem!” 
MRK.6.23	Ma i parivai-nuaḡani i pa, “God au matana a ririwem da aiwai uvivi baḡeiu ana verem da au vigulau navanavana au paratana.”
MRK.6.24	Ma tevera wavinena i opu ma alona i paridadanei i pa, “Aiwai anavi bagei?”
MRK.6.24	Ma i paribelei i pa, “John Taubabataito kolana.”
MRK.6.25	Ma maratagogi ivi paparana ma wavalatona awarina i rui ma ivi baḡai i pa, “A ḡoeḡoei da marina John Taubabataito kolana ma vereu au aboma!” 
MRK.6.26	Ma Wavalatona nuanuana i apoapoe kaua. Wate parivai-nuaḡana boiboḡi i kauei taui i amam au matai. Ma lamna au baina guguini, aiwai ivivi baḡei anina ivi aninei. 
MRK.6.27	Ma tauviraḡena i paritawanei ma i riwei da John kolana ita neiai. Ma i nae panipani au numana ma John uana i borituini. 
MRK.6.28	Ma kolana au aboma i terei ma guguini i verei ma guguini, alona i verei. 
MRK.6.29	Ma John ana tauvotaḡotaḡo, nolana i nonori ma i nei ma taubeuna i vaia ma au kokoaga ivi mataveni.
MRK.6.31	Lamna maranai, rava maḡamaḡaui i nenei ma i nenae da Iesu ana tauvotaḡotaḡo maiteni eḡa gavogavo mepa ita maemae da ita am. Lamna au baina Iesu, taui i riwei i pa, “Taumi ava ona nei ma tana nae au mutulua da laumi ina tau mara aburuna.” 
MRK.6.32	Ma anatapui wagei i nae au mutulua.
MRK.6.33	Wate rava maḡamaḡaui i inanai i nenae ma i aramanei taui aiavoi ava. Ma melagai nununai anatapui geraei i ruba gogona da taui au dobuna i aiḡeta. 
MRK.6.34	Maranai Iesu wagei i tuopu au gera ma patara ḡaeḡaena i inanai ma nuanuana i bola-kauei taui au baii. Taui me 
MRK.6.35	Ma au biga e tuturiai ma ana tauvotaḡotaḡo i nei awarina ma i riwei i pa, “Wei mutulua ma madeḡa e arearere. 
MRK.6.36	Rava ma paritawanei da ina nae au melagai ma au wapu au ḡereḡere da ai lam ina gimarai.”
MRK.6.37	Wate Iesu i paribelei i pa, “Taumi ona viam-bagibagi!” Ma taui i paribelei i pa, “Mepa 200 
MRK.6.38	Ma Iesu i paridadanei i pa, “Palawa biaḡa awarimi? Ona nae ma ona baiei!”
MRK.6.38	Maranai i nelaḡai ma i riwa i pa, “Awariai, palawa five ma iana ruaḡa.”
MRK.6.39	Anina ma Iesu, patara i riwei i pa, “Boru nununai, gidagida au majimajiḡai ona kiala nae.” 
MRK.6.40	Ma taui ai au boru ome 50 da 100
MRK.6.41	Ma Iesu, palawa five ma iana ruaḡa i vaia ma i ḡoutata au mara ma God ivi egualauei. Ma palawa ivo gimagimai ma iana i ḡutai da ana tauvotaḡotaḡo i verei ma taui, rava i verei. 
MRK.6.42	Ma patara i am ma i am iaua. 
MRK.6.43	Ma ana tauvotaḡotaḡo, lam am tereterenai i tuarui da poa muomuoi 12 ivi oai. 
MRK.6.44	Nelara 5000 i viam-bagibagi. 
MRK.6.45	Anina ma Iesu, ana tauvotaḡotaḡo i egari da ita aidamana au 
MRK.6.46	Patara i paritawanei ma tauna ava i ḡae au ola da ita raupari. 
MRK.6.47	Ma waguvara ana tauvotaḡotaḡo au waga au topa ma Iesu au alala. 
MRK.6.48	Ma ana tauvotaḡotaḡo, lare ivovo guratei da ita ḡota. Wate ive ivi rau-matamatani. Ma maratomtom nanare, Iesu i nae awari. Tauna waira au tepana i bababara ma i ḡoei da taui ita tutelarei.
MRK.6.49+MRK.6.50	Ma maranai taui, Iesu i inanai topa au tepana i bababara ma i notai da tauna konaḡa ma i rovo kaukaua ma ivi garagararei. Ma maratagogi Iesu i riwa i pa, “Tepami ina tora! Tau, eḡa ona rovo!”
MRK.6.51+MRK.6.52	Ma au waga i geru ma ive i wana-tuini. Taui orai i bado ma ivi nuanaina, au baina eḡa ita aramanei ana rewapana, kaua palawa awarina i kauei. Ma lamna au baina taui i bana kauei.
MRK.6.53	Taui, topa i damani ma au 
MRK.6.54	Taui, waga i netawanei ma rava, Iesu i inanai ma maratagogi i aramanei tauna aiai. 
MRK.6.55	Iesu nolana, 
MRK.6.56	Iesu mepa i nenelana, melagai ḡaeḡaei ma muomuoi ma wapu mepa rava e mamae-lana. Ma rava, ai rava doridoriai nai au melagaina i neiai au deba. Ma ivi baḡa da doridoriai, Iesu ana gara adana ava itavo dadani. Ma aiavoi ava, Iesu ana gara ivo dadani i lawana.
MRK.7.1+MRK.7.2+MRK.7.3+MRK.7.4	Maratagogi 
MRK.7.5	Ma taui, Iesu ivi taravirevirei i pa, “Aiwai au baina am 
MRK.7.6	Ma Iesu i paribelei i pa, “Taumi morumorumi ma ovi kaua aiaina melemi. God ana 
MRK.7.8	Taumi, God ana 
MRK.7.9	Ma i riwana melei i pa, “Taumi o aramana kaua da God ana 
MRK.7.10	God ana 
MRK.7.11	Wate taumi ovi araramana da aiai awarina mane bo purapura, amana bo alona itavo agui ma ita riwei, ‘Awariu purapura a ḡoei da ata verem da atavo aguim; wate a tereriei pulo, God au baina.’ 
MRK.7.12	Wei viararamanana, taui evivi ḡaei da amana ma alona eḡa inavo agui. 
MRK.7.13	Ma wei taunei viararamana, rava awari ovivi damani; ma God riwana ovivi kwakwavi. Ma kaua maḡamaḡaui ḡelaui maiteni o kaukauei.”
MRK.7.14	Iesu, patara i kwatuana melei ma i riwei i pa, “Anatapumi ona rau-taniḡaneu ma aiwai a ririwemi ona aramanei. 
MRK.7.15+MRK.7.16	Aiwai au tanoei au orami e ruirui, lamna eḡa ita vivi miraimi ma aiwai da oramiei e opuopu, lamna evivi miraimi God au matana.”
MRK.7.17	Anina Iesu, patara ivo terei ma i nae me au numa. Ma ana tauvotaḡotaḡo, tauna ivi tara-virevirei da wei awanaina anona aiwai. 
MRK.7.18+MRK.7.19	Iesu i paribelei i pa, “Taumi maiteni eḡa ota aramanei bo? Kaua aiwai au tano, rava au orai e ruirui amapo eḡa inavi mirai. Anona lamna wei kauai, eḡa ita ruirui rava au nuapouna, wate au manawana da e opuopu.” (Wei riwanei Iesu, lam anatapui ivi aiaini).
MRK.7.20	Anina ma i riwa i pa, “Aiwai, rava oranei e opuopu; lamna, rava evivi mirai God au matana. 
MRK.7.21	Anina rava nuanuanei vinuanotanota apoapoei e opuopu me: viawawana labalababa, danene, viraḡena, awadanene, 
MRK.7.22	ambo, rau-iviapoapoe, moru, erawa, unura, tere-vaideḡa, maeḡaeḡae ma opa. 
MRK.7.23	Wei kauai apoapoei anatapui oranei e opuopu ma rava evivi mirai.”
MRK.7.24	Ma nai melagaina ivo terei ma i nae 
MRK.7.25+MRK.7.26	Wavine tagogi, Iesu nolana i nonori ma i nei awarina. Tauna eḡa 
MRK.7.27	Iesu i aramanei da tauna eḡa Jew; lamna au baina i riwei i pa, “Eḡa ita ai da roaroa ai lam ata vaia da auou ata verei da au naona roaroa ina am iaua.”
MRK.7.28	Ma wavine i paribelei i pa, “Bada, aiwai u riwei; lamna riwa kaua. Wate auou, roaroa ai lam momoḡina, kepakepa au gabaurina e rauraua e aniani.”
MRK.7.29	Ma Iesu wei i riwei i pa, “Tam u paribelana kaua, au baina arua-apoapoena natum au orana avi opuna-tawanei. Ma nae me am au numa.”
MRK.7.30	Ma wavine i nae me au numa. Natuna wavinena i inanai i matamatave, arua-apoapoena boiboḡi tevera i oputawaneii.
MRK.7.31	Iesu 
MRK.7.32	Oroto taniḡana potapotana ma menana birebirena i neiai Iesu awarina ma ivi baḡai da urana au inina ita terei da itavi lawani. 
MRK.7.33	Iesu, oroto i taravaina opunei da taui ava ma ura-gigina, oroto au taniḡana i terei ma ura-gigina ḡelauna i ovai ma menana ivo dadani. 
MRK.7.34	Nuanuana i bolai ma i ḡoutata au mara; i lavutu tawanana ma oroto i riwei i pa: 
MRK.7.35	Maratagogi taniḡana i wana-tawanei ma menana ivi dagudagu ma i babani kaua. 
MRK.7.36	Ma Iesu, taui ivi ḡaei da aiwai i tuputupua, avena rava itavi eḡei. Iesu, rava ivi ḡaei; wate taui eḡa ita rau-taniḡana ma riwa ivi tuai. 
MRK.7.37	Ma maranai ravai wei i nonori, taui i bana kauei ma i riwa i pa, “Aiwai anatapui i kauana kauei. Tauna, rava taniḡa potapotai evivi lawani da e rarau-taniḡana ma menabirebirei e bababani.”
MRK.8.1	Nai maranai, patara ḡaeḡaena i riana melei. Patara eḡa ai lam. Ma Iesu, ana tauvotaḡotaḡo i kwatuei da i nei ma i riwei i pa, 
MRK.8.2	“Au pom tonuḡa patara maiteni a mae ma ai lam eḡa ma a rau-nuapoapoelei. 
MRK.8.3	Taui ḡelaui, uamei i nei. Mepa da ana am-iraḡei ana paritawanei ai au numa, taui au etanai ina rau-molaḡau.”
MRK.8.4	Ma ana tauvotaḡotaḡo i paribelei i pa, “Wei mutulua ma mepa lam tana vaia da wei patarana tana viam-bagibagi?”
MRK.8.5	Ma Iesu, taui i paridadanei i pa, “Awarimi palawa biaḡa?”
MRK.8.5	Taui i riwa i pa, “seven”
MRK.8.6	Ma Iesu, patara i riwei da au doa i kiala. Ma palawa seven i vaia ma God ivi egualauei ma ivo gimagimai ma ana tauvotaḡotaḡo i verei da patara i verei. 
MRK.8.7	Ma taui awari, iana muomuoi ruaḡa ota. Iesu i vaia; God ivi egualauei ma ana tauvotaḡotaḡo i verei da patara i verei. 
MRK.8.8	Taui anatapui i am da i am iaua. Ma lam am tereterenai i tuarui da poa ḡaeḡaei seven ivi oai. 
MRK.8.9	Rava 4000 i viam-bagibagi. Ma muriai i paritawanei ai au numa.
MRK.8.10	Maratagogi, Iesu ana tauvotaḡotaḡo maiteni au waga i geru ma i nae 
MRK.8.11	 ḡelaui i nei ma vi pari pariḡai ivi karei Iesu maiteni. Taui i ḡoei da Iesu ita rau-dadani da mataira Godei itavi atataiei.
MRK.8.12	Iesu, aruanei i lavutu tawanana ma i riwa i pa, “Wei kimta voui, aiwai au baina mataira e ḡoeḡoei? A ririwana kauemi, amapo mataira eḡa ona inanai.
MRK.8.13	Anina ma Iesu, patara i netawanei ma ana tauvotaḡotaḡo maiteni au waga i geru me ma i damana Topa 
MRK.8.14	Ma ana tauvotaḡotaḡo, nuanuai i vuru da ai palawa ita vaia ma palawa tagogi ava au waga i mamae. 
MRK.8.15	Iesu, taui i parivai-notai i pa, “Farisi ma Herod ai giu
MRK.8.16	Ma taui i babani vivira i pa, “Tauta eḡa ata palawa au baina da e ririweta.”
MRK.8.17	Ma Iesu i aramanei ma taui i riwei, “Aiwai au baina o bababani da taumi awarimi eḡa palawa? Taumi amapo da eḡa ota aramana ma ovivi nuanaina? Orami i bado bo? 
MRK.8.18	Matami e mamae ma eḡa ota inainana. Ma taniḡami e mamae ma eḡa ota nonora. Ma o notanotai bo eḡa? 
MRK.8.19	Maranai palawa five avo gimagimai rava 5000 au baii, lam am tereterenai o tami da poa biaḡa ovi oai?”
MRK.8.19	Taui i paribelei, “Twelve.”
MRK.8.20	“Ma maranai palawa seven avo gimagimai rava 4000 au baii, lam am tereterenai o tami da poa ḡaeḡaei biaḡa ovi oai?”
MRK.8.20	Taui i paribelei, “Seven.” 
MRK.8.21	Ma taui i riwei i pa, “Ma amapo da ovivi nuanaina!”
MRK.8.22	Taui i nei au 
MRK.8.23	Ma Iesu, oroto matapotapotana i rau-nimavoai ma melagaiei i taravaina opunei. Ma kampa matana i ovai ma urana au matana i terei ma i paridadanei, “Aiwai e inainanai bo eḡa?”
MRK.8.24	Ma i taepai ma i riwa, “Rava a inainanai ma taui me ai ita bababara.”
MRK.8.25	Iesu, urana i tere-melei oroto au matana. Ma matana i wana-tawanei da aiwai anatapuna i inana kauei. 
MRK.8.26	Iesu, tauna i paritawanei ana au numa ma i riwei, “Eḡa ma nae au melagai!”
MRK.8.27	Iesu, ana tauvotaḡotaḡo maiteni i nae melagaii 
MRK.8.28	Ma taui i paribelei, “Ḡelaui e ririwa da tam, John Taubabataito. Ma ḡelaui e ririwa Elijah. Ma ḡelaui e ririwa da 
MRK.8.29	Ma Iesu, taui i paridadanei, “Wate taumi, mena o notanotanei? O ririwa da tau aiai?”
MRK.8.29	Peter i paribelei, “Tam 
MRK.8.30	Iesu, taui ivi ḡaei da eḡa aiai ina riwei da tauna aiai.
MRK.8.31	Ma Iesu i rau-karei da ana tauvotaḡotaḡo i giuni i pa, “
MRK.8.32	Iesu jijimaninei wei kauai i bababaniei ma lamna au baina Peter, tauna i taravaini au ririva ma enana ivi karei. 
MRK.8.33	Wate Iesu i mae tavirei ma ana tauvotaḡotaḡo i inanai. Ma Peter i eni, i pa, “
MRK.8.34	Ma Iesu, patara ma ana tauvotaḡotaḡo i rau-kwatuei ma i riwei, “Mepa da aiai itavo taḡotaḡoiu. Tauna ina boviana melei ma ana 
MRK.8.35	Aiai ravana ana lawana etata jijini, ina vineboai. Ma aiai da ana lawana i verenei; tau ma 
MRK.8.36	Mepa da aiai: wei dobuna lawanana ma vigulauna ina vai pai; ma lawana Godei ina vineboai. Wei vigulauna, tauna menanare ina agunei? 
MRK.8.37	Wate aiwaiei am lawana ma gimara melei. 
MRK.8.38	Mepa da aiai: tau ma au viararamana inavi nimalei; ma i mae puputeu; ma ana ḡoanei kaua apoapoe ina kaukauei. 
MRK.9.1	Ma Iesu, taui i riwei, “Taumi a ririwana kauemi, rava ḡelaumi weka o maimairi amapo eḡa ona iraḡe da God ana vigulau ona inanai ana rewapanana ina nei.”
MRK.9.2	Au pom six muriai, Iesu, Peter, James ma John i taravaini. Ma taui ava i ḡae ola ḡaeḡaena au tepana. Ma kampa taui au matai, Iesu inanana i virai. 
MRK.9.3	Ana gara i arapoira ma gamrina ivi mata kamokamota; eḡa me aiwai ḡelauna au dobu nanare. 
MRK.9.4	Ma kampa au matai, Elijah ma Moses i eḡa. Ma Iesu maiteni i bababani. 
MRK.9.5	Ma Peter Iesu i riwei, “Tauviararamana, i ai da tauta weka. Mavi aninelai da numakweta tonuḡa ana voai: tagogi tam au baim, ḡelauna Moses ma ḡelauna Elijah!” 
MRK.9.6	Ma taui i rovo kaua ma Peter eḡa ita aramanei da aiwai i latolatoni.
MRK.9.7	Anina ma apau i eḡa ma taui i purui. Ma pona apauei i opu ma i riwa i pa, “Wei Tau Natu au nuavainana, ona rau-taniḡanei!” 
MRK.9.8	Maratagogi taui i inana viravira ma eḡa aiai ḡelauna ita inanai ma Iesu, tauna ava.
MRK.9.9	Ma maranai olei i ḡaiḡairai ma Iesu, taui ivi ḡaei da aiwai i inananaia eḡa inavi eḡai da au naona 
MRK.9.10	Ma taui, Iesu riwana ivo teletelei ma i babani vivira i pa, “Iraḡelei vomairi me anona aiwai?” 
MRK.9.11	Ma taui, tauna ivi taravirevirei i pa, “Aiwai au baina, 
MRK.9.12	Iesu i paribelei, “Riwa kaua Elijah au naona ina nei da aiwai anatapuna inavo kaukauei. Aiwai au baina wariaḡa i girumi da 
MRK.9.13	Wate a ririwana kauemi da Elijah anina i nei ma rava, rava ai ḡoanei tauna i rau-iviapoapoelei me i girugirumia nanare.”
MRK.9.14	Iesu ana tauvotaḡotaḡo tonuḡa maiteni olei i ḡaira memei. Ai rava awari ma patara ḡaeḡaena, taui i gariḡuruvi. Ma 
MRK.9.15	Maranai patara, Iesu i inanai. Taui orai i auepai ma awarina i ruba ma ivi egualauei. 
MRK.9.16	Iesu, taui ivi taravirevirei, “Aiwai ovi tarapiriei?”
MRK.9.17	Oroto tagogi patara au poui i paribelana, “Tauviararamana, 
MRK.9.18	Maranai ana doria e ururu melei, lamna arua-apoapoena: tauna au doa e tawatawanei; gamona evivi puropuro; ivona e utauta ḡiriḡiriei; ma inina e badobado. Am 
MRK.9.19	Ma Iesu i paribelei, “O mara aiwai 
MRK.9.20	Ma tevera i neiai Iesu awarina. Ma maranai arua-apoapoena, Iesu i inanai, maratagogi tevera ivi aikwajiana guratei da au doa i tonei ma ivi tatauvira ma ivivi puropuro. 
MRK.9.21	Iesu, tevera amana ivi taravirevirei, “Wei teverana ana doria mara aiwai ivi karei?”
MRK.9.21	I paribelei i pa, “Maranai tauna aburunai. 
MRK.9.22	Arua-apoapoena mara au anatapuna, tauna ai au araratana ma au waira e tawatawanei ma i ḡoei da itavi raḡeni. Mepa da tam tagotagogina ma rau-nuapoapoelelai ma ma voaguiai!”
MRK.9.23	Iesu, tauna i riwei, “Menanare da u riwa, ‘Mepa da tam tagotagogina?’ Aiai ravana evivi tumaḡana, God anatapuna ina kauei tauna au baina.”
MRK.9.24	Maratagogi tevera amana i garara, “
MRK.9.25	Iesu i inana da patara i rierieiai awarii ma lamna au baina arua-apoapoena i egari i pa, “Tam arua taniḡa-potapotana ma gumgum. Tau a egaegarim da tevera ma oputawanei. Ma eḡa melanai tauna au orana ma rui me!”
MRK.9.26	Ma 
MRK.9.27	Ma Iesu, tauna urana ivo jijini ma i sinaepai da i mairi.
MRK.9.28	Muriai Iesu, ana tauvotaḡotaḡo maiteni i rui au numa. Ma maranai taui ava ma i paridadanei i pa, “Aiwai au baina tauai eḡa tagotagogina da arua-apoapoena atavi opuni?”
MRK.9.29	Iesu, taui i riwei, “Arua-apoapoei wenanare, pari ainelana inavi opuni.”
MRK.9.30	Iesu, ana tauvotaḡotaḡo maiteni dobuna i netawanei ma 
MRK.9.31	Au baina tauna, ana tauvotaḡotaḡo ivi araramani i pa, “Taui 
MRK.9.32	Wate taui eḡa ita aramanei tauna aiwai i bababaniei. Ma taui paridadanana i rovoei.
MRK.9.33	Iesu ma ana tauvotaḡotaḡo i ḡeta au 
MRK.9.34	Wate taui i genuana au baina au etanai taui ivi tarapiri vivira da aiai i ḡetelara. 
MRK.9.35	Iesu i kiala ma taui 12 i rau-kwatuei awarina ma i riwei i pa, “Aiai e ḡoeḡoe da inavi bada. Tauna ina tereḡairana melei ma inavi muri dewadewa ma inavi taunola rava au bai.”
MRK.9.36	Ma Iesu, tevera i vaia ma au poui ivi mairini. Ma tauna, urana au jiḡona i teretaḡonei. Ma taui i riwei i pa, 
MRK.9.37	“Aiai ravana; tau wavauei, tevera wenanare i rau-ḡorei. Lamna tau maiteni e rarau-ḡoreiu. Ma aiai da tau e rarau-ḡoreiu. Lamna tauparitawaneu maiteni e rarau-ḡorei.”
MRK.9.38	Anina ma John, Iesu i riwei, “Tauviararamana! Tauai, oroto tagogi a inanai; tam wavamei arua-apoapoena ivivi opuni ma tauna eḡa turata. Lamna au baina avi ḡaei da eḡa ina kauana melei.”
MRK.9.39	Iesu i riwa, “Eḡa ona viḡaei! Eḡa aiai au wavau 
MRK.9.40	Aiai ravana eḡa ata ḡavia; lamna turata. 
MRK.9.41	Tau a ririwana kauemi. Mepa da aiai ravana, waira i veremi tau au wavau; au baina taumi au Tauvotaḡotaḡo. Taui ai maia eḡa ina vineboai.”
MRK.9.42	Mepa da aiai ravana i kauei da wei teverana ana tumaḡana tau awariu ivi apoapoeni da ḡoa-apoapoe i kauei. God, tauna ina kovoḡa guratei. Eḡa me ḡaima ḡaeḡaena, rava au uatabana ina duri ma au boga ina tawanei. 
MRK.9.43+MRK.9.44	Mepa da nimam i kauem da ḡoa-apoapoe u kauei. Ma bori-tawanei! I ai da nimam tagogi ava ma lawana ma mae nonoana ma vaia. Ma eḡa ma kauei da nimam ruaḡa aiaii ma ma nae ai au menamenana; mepa ai eḡa melanai ita bobo.
MRK.9.45+MRK.9.46	Mepa da aem i kauem da ḡoa-apoapoena u kauei. Ma bori tawanei! I ai da sigesigem au lawana ma mae nonoana ma rui. Eḡa me aem ruaḡa aiaina ma ai au menamenana ina tawanem.
MRK.9.47	Ma mepa da matam ina kauem da ḡoa-apoapoena u kauei. Ma vaitawanei! I ai da matam tagogi ma God ana vigulau ma rui. Eḡa me matam ruaḡa ma ai au menamenana ina tawanem; 
MRK.9.48	dobuna motamotana eḡa ita irairaḡe ma ai eḡa ita bobo.
MRK.9.49	Au Tauvotaḡotaḡo anataputapui, ai araratanei ina bogai.
MRK.9.50	“Nia i ai lam viaiainana au baina. Ma mepa da i tomatoma, mena ma vidagianei. Nia au orami ina mae ma onavi turana vivira!”
MRK.10.1	Ma Iesu, dobuna i netawanei ma i nae 
MRK.10.2	Ma 
MRK.10.3	Ma Iesu i paribelei, “Moses ana 
MRK.10.4	Ma taui i riwa, “Moses ana 
MRK.10.5	Iesu i paribelei, “Taumi orami i pota. Au baina Moses wei Tarawatuna i terei. 
MRK.10.6	Wate ona notai da au karena, maranai God rava i kauei 
MRK.10.8	’ da taui eḡa ruaḡa me au naona ma tupua tagogi. 
MRK.10.9	God aiwai ivi tagogiei, eḡa aiai inavi lamonei.”
MRK.10.10	Maranai taui i naeme au numa, ma 
MRK.10.11	Iesu i paribelei, “Mepa da oroto, awana ivo terei. Ma wavine ḡelauna i ravaḡi. Lamna tauna, awana awarina i rau-iviapoapoe. 
MRK.10.12	Ma nanarena mepa da wavine, oroto ivo terei ma oroto ḡelauna i ravaḡi. Lamna tauna, awarina i rau-iviapoapoe.”
MRK.10.13	Rava ḡelaui, roaroa i neiai Iesu awarina da urana au tepai ita terei. Ma ana tauvotaḡotaḡo, ravai ivi ḡaei. 
MRK.10.14	Maranai Iesu wei kauai i inanai. Ma ana tauvotaḡotaḡo i eni ma i riwa, “Roaroa onavo terei da awariu ina nei. Ma eḡa ona viḡaei. Au baina God ana vigulau, lamna rava wenanare au bai me wei roaroai. 
MRK.10.15	A ririwana kauemi. Aiai, God ana vigulau eḡa ina vaia me tevera aburuna nanare. Tauna, eḡa God ana au vigulau ina rui. 
MRK.10.16	Ma roaroa i taravaini ma i rapai, urana au tepai i terei, i raupari ma ivi aiaini.
MRK.10.17	Ma maranai Iesu ivo mairi da i nenae. Oroto i ruba ḡeta ma au naona i raudune ma i riwa i pa, “Tauviararamana vivinualaulaunam. Aiwai ana kauei da lawana mamae nonoana ana vibuderiei?”
MRK.10.18	Ma Iesu i paribelei i pa, “Aiwai au baina, tau uvi kaua vivinualaulauneu? God, tauna ava vivinualaulaunana. 
MRK.10.19	Tam, God ana 
MRK.10.20	Ma tauna i riwei, “Tauviararamana! Maranai tau aburueu da amadodo, wei Tarawatui anatapui avo teletelei.”
MRK.10.21	Iesu, tauna i inanai ma ivi nuavainei ma i riwei, “Kaua tagogi e mamae eḡa uta kaukauei. Ma nae ma am purapura anatapuna ma gimarei. Ma manena, rava molamolakai ma verei. Ma au mara God, tam inavi maiem. Ma ma nei ma mavo taḡotaḡoiu!”
MRK.10.22	Ma maranai oroto wei riwana i nonori. Naona i peu ma ana nuabolana i nae; au baina tauna, purapura ravana.
MRK.10.23	Iesu i inana viravira ma ana tauvotaḡotaḡo awari i riwa, “I piripiri kaua da purapura ravana, God ana au vigulau ina rui.”
MRK.10.24	Tauvotaḡotaḡo riwana i baei maranai Iesu wenanare i babani. Ma Iesu i riwa me, “Natunatu! I piripiri kaua da purapura ravana,
MRK.10.25	I telatela kaua da ḡamoḡamo ḡaeḡaena wavana kamel, iḡoma au gavogavona ina rui. Ma i piripiri guratana da purapura ravana, ana lawana God ina verei. Ma God, tauna inavi badei.” 
MRK.10.26	Taui ivi nuanaina ma ai nota i kwa. Ma taui ava i babani vivira i pa, “Mepa da nanare; amapo aiai lawana mamae nonoana ina vaia?”
MRK.10.27	Iesu awarii i inana ma i riwei, “Rava awarii wei kauai i piripiri. Wate eḡa God awarina. God awarina aiwai anatapuna i telatela kaua.”
MRK.10.28	Ma Peter i riwei, “Ma tauai menanare? Tauai ai purapura avo terei ma tam avo taḡoim.”
MRK.10.29	Iesu i paribelana, “A ririwana kauemi. Aiai da ana numa bo varevareina bo novunovuna bo alona bo amana bo natunatuna bo ana wapu inavo terei ma tau inavo taḡotaḡoiu; tau ma 
MRK.10.30	Tauna ana maia ina rata kaua wei au dobuna. Tauna ana maia inavi aitepatepani da ana numa, varevareina, novunovuna, alona, natunatuna ma ana wapu, anatapui ina maḡa. Rava ina rau-iviapoapoelem; au baina tam, tau au Tauvotaḡotaḡo da mara au murina tauna lawana mamae nonoana ina vaia. 
MRK.10.31	Wate maḡamaḡaui marina evi vinao; taui inavi muri. Ma maḡamaḡaui da evivi muri; ina vinao.
MRK.10.32	Iesu, ana tauvotaḡotaḡo maiteni i ḡeḡae au 
MRK.10.33	I pa, “Ona inana, tauta ta ḡeḡae au 
MRK.10.34	Ma tauna inavi jiboḡi ma ina ovai ma ina kwapui ma inavi raḡeni. Au pom vitonuina inavo mairi me.”
MRK.10.35	James ma John, 
MRK.10.36	Iesu i riwa i pa, “Aiwai o ḡoeḡoei ana kauei au baimi?”
MRK.10.37	Taui i paribelana, “Ma verelai da ana kiala, tagogi au oim ma ḡelauna au kelakelaum am au vigulau.”
MRK.10.38	Iesu i paribelei, “Taumi eḡa ota aramanei aiwai ovivi baḡei! Iniviara kelakana ana umai. Taumi tagotagogina da ona umai bo? Tagotagogina ona babataito me tau ina babataitoiu?
MRK.10.39	“Tauai tagotagogina!” taui i paribelana.
MRK.10.39	Iesu, taui i riwei, “Iniviara kelakana anina ona umai ma ona iraḡe me tau ana iraḡe. 
MRK.10.40	Wate tau au rewapana eḡa ita mamae da ana veremi da mepa ona kiala au oiu bo au kelakelau. God, rava ivi nevinei; taui ai gabu ivo kaukauei.”
MRK.10.41	Maranai Tauvotaḡotaḡo 10 ḡelaui, wei riwana i nonori. Taui James ma John awarii i ḡaiawa. 
MRK.10.42	Ma Iesu, taui anatapui i ḡorei da awarina ma i riwei, “O aramanei da dobu ravai ai babada, dobu ḡela ravai awarii e mamae ḡaeḡae ma e rarau-iviapoapoelei. Wate taui ai babada ḡaeḡaei, ai rewapana i ḡetelera da ai rava evi badebadei da ai ḡoana e kaukauei. 
MRK.10.43	Wate au tauvotaḡotaḡo eḡa nanare. Eḡa da aiai i ḡoei da ina ḡetelara taumi au poumi; tauna anina inavi taunola. 
MRK.10.44	Aiai i ḡoei da ita vinao. Tauna inavi taunola rava anatapui au bai. 
MRK.10.45	Ma nanare 
MRK.10.46	Ma taui i ḡeta au 
MRK.10.47	Maranai i nonori da tauna, Iesu 
MRK.10.48	Rava maḡamaḡaui, tauna i rai ma i riwei da ita genuana. Wate tauna, garara ivo guratei, “David Natuna! Ma rau-nuapoapoeleu!”
MRK.10.49	Iesu i tumairi ma i pa, “Ona ḡoreiai!”
MRK.10.49	Anina taui, matapotapotana i ḡoreiai i pa, “Tepam ina tora ma mavo mairi! e ḡoreḡorem!”
MRK.10.50	Tauna, ana puru i tawanei ma ivo mairi laḡilaḡina ma i nei Iesu awarina.
MRK.10.51	Iesu i paridadana i pa, “Aiwai u ḡoei ana kauei au baim?”
MRK.10.51	Matapotapotana i paribelei, “Tauviararamana! A ḡoei da ana inana me.”
MRK.10.52	Iesu i riwa, “Ma nae! Am tumaḡana ivi lawanim.” Maratagogi tauna i inana me ma Iesu au eta ivo taḡotaḡoi.
MRK.11.1	Ma maranai 
MRK.11.2	ma i riwei i pa, “Ona nae au melagai au naomi. Maranai o ruirui, kampa 
MRK.11.3	Mepa da rava aiai ina paridadana, ‘Aiwai au baina wei o kaukauei?’ Ona riwei, ‘Bada e ḡoeḡoei ma maratagogi ina paritawana melei.’”
MRK.11.4	Ma i nae ma 
MRK.11.5	Rava ḡelaui kampa i maimairi i paridadana i pa, “Aiwai o kaukauei 
MRK.11.6	Ma i paribelei me Iesu i ririweia nanare ma taui ivo terei da i nae. 
MRK.11.7	Taui 
MRK.11.8	Ma rava maḡamaḡaui, ai puru au eta i ebani ma ḡelaui, ai rugurugu i tarataraia i ebani. 
MRK.11.9	Taui ivi vinao ma taui au muri i nenei i garara:
MRK.11.11	Iesu i ḡeta au 
MRK.11.12	Ma marana i tom, taui 
MRK.11.13	Au weia ma damala aina i inanai ana ruguruguna. Ma i nae da ita inanai da i ua bo eḡa. Maranai kampa i ḡeta, eḡa aiwai ita nelaḡai. Anina ai ruguruguna ava, au baina eḡa damala ana mara. 
MRK.11.14	Iesu, damala aina i riwei i pa, “Eḡa aiai amadodo ma amapo anom ina am melei!” Ma ana tauvotaḡotaḡo i nonori aiwai i latoni.
MRK.11.15	Maranai taui i ḡeta au 
MRK.11.16	Ma ivi ḡaei da eḡa aiai ana gimara au Tempol garina ita avarai naiei. 
MRK.11.17	Ma rava ivi araramani i pa, “I girugirumia nanare, 
MRK.11.17	Wate taumi ovo virai da kwalakwalai ai guba.”
MRK.11.19	Ma au bigai taui, 
MRK.11.20	Ma ubaubanai taui i nenae ma damala aina i inanai anatapuna i poi. 
MRK.11.21	Peter i notai ma i riwa “Tauviararamana ma inana! Damala aina u parivai-irairaḡenia i poi.”
MRK.11.22	Iesu i paribelei, “God onavi tumaḡanei! 
MRK.11.23	A ririwana kauemi. Rava wei olana ita riwei, ‘Mavo mairi ma au boga ma tawanem!’ Ma nuanuana eḡa ina raḡaraḡa ma tumaḡana da aiwai e ririweia, ina tupua tauna au baina. 
MRK.11.24	Lamna au baina a ririwemi. Aiwai au pari ovi baḡei, 
MRK.11.25	Ma maranai e raraupari, au naona rava anatapui ai apoapoe awarim ma nota-tawanei. Ma nanare amam au mara am apoapoe ina nota-tawanei.”
MRK.11.27	Taui i nememei au 
MRK.11.28	Ma Iesu i paridadanei i pa, “Aiwai vibadanei wei kauai e kaukauei? Aiai vibadana i verem da wei kauai uta kauei?”
MRK.11.29	Iesu i paribelei i pa, “Au vitaraviravira tagogi ana terei ma ona paribeleu. Ma ana riwemi; aiwai vibadanei wei kauai a kaukauei. 
MRK.11.30	Aiai, John Taubabataito vibadana i verei da rava ita babataitoi, God bo rava? Ona riweu!”
MRK.11.31	Taui ivi tarapiri vivira, “Mepa da tana riwa, ‘Godei.’ Tauna ina riwa, ‘Ma aiwai au baina eḡa otavi tumaḡanei?’ 
MRK.11.32	Wate eḡa tana riwa da, ‘Ravei.’” Taui rava i rovoei, au baina rava anatapui, ai nota da John anina 
MRK.11.33	Ma i paribelei, “Tauai eḡa ata aramanei.” Iesu i riwa, “Tau nanare eḡa ana riwemi aiwai vibadanei wei kauai a kaukauei.”
MRK.12.1	Iesu ivi karei ma awanainei awari i babani i pa, “Mara tagogi oroto, ana wapu i kauei ma grape i paewi
MRK.12.2	Tuaruta ana mara i ḡetai ma taniwaga, ana taunola i paritawanei tauipi awarii da ana ḡuta ita vaia. 
MRK.12.3	Wate tauipi, tauna ivo jijini ma i kwapui ma kwakwavina i paritawanei. 
MRK.12.4	Ma taniwaga, taunola ḡelauna i paritawanei. Ma taui, kolana ivi aibauni ma ivi tepaubaubai. 
MRK.12.5	Ma taunola ḡelauna i paritawanei ma tauna ivi raḡeni ma i maḡa ḡelaui i paritawanei, ḡelaui i kwapui ma ḡelaui ivi raḡeni.
MRK.12.6	Ma tagogi ava e mamae da ina paritawanei. Lamna natuna orotona tagotago ana nuavainana. Ma tauna au murioina i paritawanei ma i pa, ‘Taui, natu ina vivirei.’
MRK.12.7	Wate taui, tauna i inanai i ma i riwa vivira i pa, ‘Wei taniwaga natuna. Ona nei, tanavi raḡeni ma ana buderi inavi ḡaritaiei!’ 
MRK.12.8	Ma i vunui ma ivi raḡeni ma tupuana wapuei i tawanana opunei.
MRK.12.9	“Wapu taniwagana marina aiwai ina kauei taui awarii? Tauna ina nei ma tauipi inavi raḡeni ma grape wapuna ina veredamanei tauipi ḡelaui awari.
MRK.12.10	Wei girumana o iavi bo eḡa?
MRK.12.13	Ma 
MRK.12.14	Taui i nei ma i riwa, “Tauviararamana, tauai aramanei da tam rava jijimanim. Ma rava wavai naenaei ma rava labalababa eḡa uta vibainaenaei ma anatapui e vaivaia da tagogi. Wate tam God ana babani riwa kauei evi araramani. Ma riwelai tax tana terei Rome gulauna wavana 
MRK.12.15	Wate Iesu, ai moru i inana bauni ma i riwei, “Aiwai au baina o rau-dadaniu? Mani tagogi ona neiai da ana inanai!”
MRK.12.16	I paribelei, 
MRK.12.17	Iesu i riwa, “Aiwai 
MRK.12.18	Mai 
MRK.12.19	“Tauviararamana! God ana tarawatu, Moses wenanare i girumi: Mepa da oroto i iraḡe ma kaiababana i netawanei ma eḡa natunatui. Oroto vareina kaiababana ina ravaḡi ma roaroa ina ḡuni vareina au baina.
MRK.12.20	Mara tagogi varevarei seven i mae. Ma natuevou i tavine ma eḡa itavi natuna ma oroto i iraḡe. 
MRK.12.21	Vareina viruaina kaiababa i ravaḡi ma tauna maiteni eḡa natuna ma i iraḡe. Ma nanare vareina vitonuina. 
MRK.12.22	Ma nanare anatapui seven, wavinena i ravaḡi ma eḡa natunatui. Au muriai wavine i iraḡe. 
MRK.12.23	Anatapui seven, wavinena i ravaḡi. Vomairi me au marana, lamna aiai awana?”
MRK.12.24	Iesu, taui i riwei, “Aiwai Moses i girumi ma God ana rewapana eḡa ota aramanei. 
MRK.12.25	Maranai taui iraḡelei inavo mairi, taui eḡa ina tavine bo inavi tavinei. Wate ina mae me anela au mara. 
MRK.12.26	Ma rava iraḡelei ivo mairi babanina, Moses ana tarawatu eḡa ota iavi bo? Mepa ai i araratalana, kampa God Moses i riwei: 
MRK.12.27	Tauna eḡa rava i irairaḡei ai God, wate rava lawalawai ai God. Taumi o moru kaua!
MRK.12.28	Ma Tarawatu Badana tagogi i nae ma ai vitarapiri i nonori. Ma i nonori da Iesu i babani kaua, lamna au baina tauna ivi taraviravira, “God ana tarawatu metauna i ḡetelara?”
MRK.12.29	Iesu i paribelei, “Ḡeḡetelarana tagogi lamna wei: 
MRK.12.31	Ma viruaina lamna wei: 
MRK.12.32	Tarawatu badana i riwa, “Tauviararamana u babani kaua! Riwa kaua u babaniei, God 
MRK.12.33	Ma 
MRK.12.34	Iesu i inanai da tauna i paribelana kaua ma i riwei, “Tam, God ana vigulau au ḡereḡerena e ḡeḡeta.” Ma eḡa aiai tepana ita tora da Iesu itavi taraviravirana melei.
MRK.12.35	Maranai Iesu au Tempol ivi araramana ma ivi taraviravira i pa, “Aiwai au baina 
MRK.12.36	 David nota i verei ma tauna i riwa:
MRK.12.37	“David, tauoina i ḡorei 
MRK.12.38	Ma Iesu, taui ivi araramani i pa, “Tarawatu Babadai ona rovoei. Ai gara manamanai ma e bababara nae au deba da rava taui evivi virei. 
MRK.12.39	Taui anikiala vinevinei 
MRK.12.40	Taui, kaikaiababa e morumorui ma ai numa e kwalekwalei ma e morumoru ma e raraupari vaimanamanawa. Taui ai kovoḡa ina apoapoe guratana.”
MRK.12.41	Ma Iesu, pulo aniterenana au baba ḡelauna i kiala ma rava i inanai mane i tereterei. Rava maḡamaḡaui vivimanei, mane maḡamaḡaui i terei. 
MRK.12.42	Wate kaiababa molamolakana i nei ma mane muomuoi ruaḡa i terei, ruvana i aburu kaua. 
MRK.12.43	Ana 
MRK.12.44	Taui ḡelaui ai maurei i verena, wate wei kaiababa molaka ma ḡarinei anatapuna i terei ana anilawana anatapuna.
MRK.13.1	Iesu, Tempol i nenetawanei ma ana tauvotaḡotaḡo tagogi i riwa, “Tauviararamana! Numa ivi ḡulau ḡaḡa ma numa ḡaimai i rata ḡaḡa.”
MRK.13.2	Iesu i paribelei, “Wei numai ḡaeḡaei u inanai, eḡa ḡaimai tagogi, turana au tepana ina mae. Ḡaima anatapui ina rikai.” 
MRK.13.3	Iesu i kiakiala au ola 
MRK.13.4	i pa, “Ma riwelai mara aiwai wei kauai ina tupua? Ma aiwai inavi mataira da wei kauai anatapui ina tupua?”
MRK.13.5	Iesu, taui i riwei, “Ona inana kaua da eḡa aiai ina tere-vaideḡaimi! 
MRK.13.6	Rava maḡamaḡaui, au wavau ina nei ma ina riwa, ‘Tau 
MRK.13.7	Ma maranai viḡavia ona nonori ma viḡavia aueia riwana ona nonori; eḡa ona rovo. Wei kauai anina da ina tupua, wate wei eḡa damona. 
MRK.13.8	Dam, damai inavi ḡavia vivira ma dobu, dobuai inavi ḡavia vivira. Ma lolo ma gomara dobu au anatapuna. Wei kauai, lamna me wavine ana iniviara evivi karei maranai evivi natuna.
MRK.13.9	“Ona inana kaua! Taumi ina panimi ma ina etaremi ma pari au numana au orana ina kwapuimi. Ma dogadogara ma gulagulau au naoi ona mairi, au baina taumi ovo taḡotaḡoiu. Ma taui awarii, Riwa Aiaina ona rau-gugulei. 
MRK.13.10	Riwa Aiaina ona rau-gugulei rava anatapui awari ma muriai damona ina nei. 
MRK.13.11	Ma maranai i panimi ma i etaremi. Eḡa onavi nuabola da aiwai ona latoni. Aiwai riwana God i veremi, lamna ona latoni. Aiwai o latoni lamna eḡa taumi ota babani, wate 
MRK.13.12	Rava, vareina ina verenei da inavi raḡeni. Ma ama, natunatuna ina verenei da inavi raḡeni. Ma roaroa, amamai ma aloloi inavi ḡaviei da ina iraḡe. 
MRK.13.13	Rava anatapui ina geduaiemi tau au baiu. Wate aiai da e maimairi jijina da au damona, tauna ina lawana.
MRK.13.14	“Maranai ‘Kaua apoapoe kaukauana’
MRK.13.15	Aiai numa au tepana eḡa ina ḡaira bo ina rui au numa da aiwai ina vaia. 
MRK.13.16	Aiai au wapu eḡa ina nae me au numa da ana gara ina vaia. 
MRK.13.17	Ma iniviara ḡaeḡaena, waivine duaduamai ma taui da evivi ḡuḡu awari nai au marana! 
MRK.13.18	God awarina ona raupari da wei kauai eḡa au bodu ina tupua. 
MRK.13.19	Ma nai au marana amapo iniviara ḡaeḡaena. Ma maranai God dobu i kauei, iniviara ḡaeḡaena eḡa nanare ita tupua ma amapo eḡa nanare ina tupua me. 
MRK.13.20	Wate Bada nai marana inavi tupoi. Mepa da eḡa inavi tupoi, rava anatapui ina iraḡe. Wate rava, tauna ana vinevine inavi lawani lamna au baina mara inavi tupoi.
MRK.13.21+MRK.13.22	“Muriai keriso morumorui ma 
MRK.13.23	Ona inana kaua; anatapuna a riwana nonoemi!”
MRK.13.24	Iesu wenanare i riwa, “Ma iniviara ḡaeḡaena au murina.
MRK.13.26	“Nai maranaina, 
MRK.13.27	Ma Tauna, ana 
MRK.13.28	“Damala aina ana awanaina ona aramanei. Maranai ai e numonumoi, lamna ona aramanei da maura e tuturiai. 
MRK.13.29	Ma nanare, maranai wei kauai anatapui ina tuputupua, ona aramanei da 
MRK.13.30	Anina a ririwemi da wei kauai au naona ina tupua ma muriai da rava marina lawalawaii ina iraḡe. 
MRK.13.31	Mara ma dobu ina amoa. Wate riwau eḡa ina amoa.”
MRK.13.32	“Ma eḡa aiai ita aramanei nai marana bo madeḡa aiwai ina nei. Anela au mara eḡa ita aramanei ma Natuna eḡa ita aramanei. Amana, tauna ava i aramanei. 
MRK.13.33	Onavi neneḡana ma matami ina kala!
MRK.13.34	Wei me rava ana numa i netawanei ma i vaḡai. Ma ana taunola nununai i terei da itavi pai pai ma tagotagogi ava ai nola i verei da ita kauei. Ma metaeta taupainina i riwei da itavi neneḡana. 
MRK.13.35	Onavi neneḡana! Eḡa ota aramanei mara aiwai, numa taniwagana e nenei; mepa da au bigai bo au nubautuva bo maratomtomai bo ubaubanai. 
MRK.13.36	Mepa da ina nelaḡilaḡinai, eḡa matamatavemi ina nelaḡaimi. 
MRK.13.37	Aiwai riwana a ririwemi, riwana tagogina rava anatapui a riwei, onavi neneḡana!”
MRK.14.1	Au pom ruaḡa muriai da 
MRK.14.2	Ma i riwa, “Au torela wei kauai eḡa tana kauei, mepa da viḡaiḡaiawa ḡaeḡaena ina tupua.”
MRK.14.3	Maranai Iesu au 
MRK.14.4	Rava ḡelaui kampa i mamae i ḡaiawa ma i riwa, “Aiwai au baina daji uvi kalokaloei? 
MRK.14.5	Wei dajina ita gimarei 300 
MRK.14.6	Wate Iesu i riwa, “Onavo terei! Aiwai au baina ovi nuabolai? Tauna, kaua aiaina awariu i kauei. 
MRK.14.7	Molamolakai awarimi e mamae nonoa ma ona ḡoei ma taui ona voagui. Wate tau awarimi eḡa ata mamae nonoa. 
MRK.14.8	Wavine ana nola i kauei. Tauna, dajiei tupuau ivo kaukauana nonoei vikokoaga au baina.
MRK.14.9	A ririwana kauemi, mepa Riwa Aiaina i rau-gugulei dobu au ana tapui, wei wavinena aiwai i kaukauei ina babaniei, ma eḡa nuanuai ina vuru.”
MRK.14.10	Judas 
MRK.14.11	Taui ivi nuaiai kaua maranai wei i nonori ma Judas i parivai-nuaḡani da mane ita verei. Ma Judas i inana da mepa gavogavo ita inanai da Iesu ita amverenei.
MRK.14.12	Ma 
MRK.14.13	Iesu, taui ruaḡa i riwei ma i paritawanei, “Ona nae au 
MRK.14.14	Au numana e ruiruiana, numa taniwagana ona riwei, ‘Ai tauviararamana i riwa. Numa vokaukauana mepa ma au Tauvotaḡotaḡo maiteni Raḡona torelana ana ani?’ 
MRK.14.15	Ma tauna, numa vatavatara inavi atataiemi ivo kaukauana nonoei ma kampa au baita ona vokaukaua.”
MRK.14.16	Tauvotaḡotaḡo i nae au 
MRK.14.17	Au i biga ma Iesu i nei taui 12 maiteni. 
MRK.14.18	Taui au kepakepa i amam ma Iesu i riwa, “Anina a ririwemi. Taumi tagogi inavi benabenameu; tagogi weka maiteni amam.”
MRK.14.19	Tauvotaḡotaḡo ivi nuabola ma tagotagogiava i pa, “Eḡa tau tapa?”
MRK.14.20	Iesu i paribelei, “Taumi tagogi weka palawa evivi galoi au aboma tau maiteni. 
MRK.14.21	Wariaḡa i girugirumia nanare, 
MRK.14.22	Maranai i amam ma Iesu palawa i vaia ma ivi egualau, ivo gimagimai ma Tauvotaḡotaḡo i verei ma i riwa, “Ona vaia; wei tupuau.”
MRK.14.23	Anina ma 
MRK.14.24	“Wei tau tarau i toi rava maḡamaḡaui au bai ma au 
MRK.14.25	Anina a ririwemi, 
MRK.14.26	Ma taui voepaepa welana i ravi ma i ḡae au Ola 
MRK.14.27	Iesu, taui i riwei “I girumi nanare,
MRK.14.27	God i riwa, 
MRK.14.27	Ma nanare anatapumi ona ruba tawaneu. 
MRK.14.28	Wate au vomairi au murina ana aivinao au 
MRK.14.29	Peter i riwa, “Mepa da anatapui ina ruba tawanem, wate eḡa tau!”
MRK.14.30	Iesu, Peter i riwei, “A ririwana kauem da amadodo waguvarai muriai da kokorereko ina tou mara ruaḡa; tam mara tonuḡa ma bovieu.”
MRK.14.31	Wate Peter, ponana i bagibagi ma i riwa, “Avena mepa da tau, tam maiteni ana iraḡe. Eḡa melanai ana boviem!” Ma taui ḡelaui riwana tagogina i latoni.
MRK.14.32	Ma au 
MRK.14.33	Ma Peter, James ma John i taravaini ma nuanuana i iraḡe ma nuanuana i bola-kauei. 
MRK.14.34	Ma taui i riwei, “Au nuabola i rata kaua au orau da e vunuvunuiu. Weka ona mae ma onavi neneḡana.”
MRK.14.35	Ma aburuna i veraunae ma au doa i peu ma i raupari da mepa da tagotagogina, lamna wei marana apoapoena tauna ita netawanei. 
MRK.14.36	I riwa i pa, “
MRK.14.37	Ma Iesu i nememei ma taui tonuḡa rarau-nuavurui i nelaḡai. Ma Peter i riwei, “Simon!
MRK.14.38	Ma Iesu, taui i riwei, “Onavi neneḡana ma ona raupari da eḡa au rauelara ona peu! Arua e ḡoeḡoei, wate tupua i ḡokokokara.”
MRK.14.39	Ma i nae me ma parina tagogina i raupariei. 
MRK.14.40	Maranai i nememei ma i nelaḡai, i matamatave; taui, matai i vitai. Ma taui eḡa ita aramanei aiwai ita riwei.
MRK.14.41	Mara vitonuina i nenememei ma taui i riwei, “Taumi amapo ona matamatave ma laumi ina tautau? Anina! Mara i ḡetai, ona inanai. 
MRK.14.42	Onavo mairi; tana nae; ona inana! Tauvibenabenameu e nenei!” 
MRK.14.43	Iesu i bababani ma Judas, tauna Tauvotaḡotaḡo tagogi i ḡetai. Tauna, patara maiteni i nei ana apiai. Pirisi Babadai ma Tarawatu Babadai ma dogadogara, wei ravai i paritawaneiai. 
MRK.14.44	Muriai da Iesu awarina ita ḡeta; Judas, patara ai mataira i verei, “Orotona anavi gialaḡolaḡonei; nai tauna. Ona pani ma ona naiei ma ona inana kauei!”
MRK.14.45	Maranai Judas i ḡeta ma i nae Iesu awarina ma i riwei, “Tauviararamana!” Ma ivi gialaḡolaḡonei. 
MRK.14.46	Ma taui, Iesu ivo jijini ma i pani. 
MRK.14.47	Ma tagogi kampa i maimairi, ana sword i taina lavui ma Pirisi ḡeḡetelarana ana taunola taniḡana i borituini. 
MRK.14.48	Ma Iesu, taui i riwei, “Taumi ana apiami o nei da ota paniu bo, apamina tau am-kwalakwalau? 
MRK.14.49	Mara patapatai taumi maiteni ta mamae au Tempol ma avi araramana ma eḡa ota paniu. Ma riwa i girugirumia nanare, ina tupua.”
MRK.14.50	Ma Tauvotaḡotaḡo anatapui, Iesu ivo terei ma i rubatawanei.
MRK.14.51	Ma laraga tagogi, gara maiana ḡaeḡaena ivi karekoei ma Iesu ivo taḡotaḡoi. Taui i ḡoei da itavo jijini, 
MRK.14.52	wate taui ana kareko ivo jijini ma ana kovakovana i ruba.
MRK.14.53	Ma taui, Iesu i naiei Pirisi Ḡeḡetelarana, Pirisi Babadai, dogadogara ma Tarawatu Babadai mepa ivi tagogieiana. 
MRK.14.54	Ma Peter ivo taḡotaḡo da Pirisi ḡeḡetelarana ana numa. Ma ana au debadeba, tauvi pai pai maiteni i kiala ma au ai ivivi airara. 
MRK.14.55	Pirisi Babadai ma mai 
MRK.14.56	Matamata maḡamaḡaui, Iesu ivi wavu morumoruei, wate ai viwavu taputapunei ava.
MRK.14.57	Ma ḡelaui ivo mairi ma wei wavuna morumoruna i kauei Iesu awarina. 
MRK.14.58	“Tauai a nonori tauna i riwa, ‘Wei Tempolna rava i voavoaia. Tau ana rikai ma au pom tonuḡa au murina, Tempol ḡelauna ana voai ma lamna eḡa rava ita voai.
MRK.14.59	Wate nanare ai viwavu taputapunei ava.
MRK.14.60	Pirisi ḡeḡetelarana i mairi taui au naoi ma Iesu ivi taravirevirei, “Wei ravai evivi wavuim ma eḡa aiwai ma paribelei bo?”
MRK.14.61	Ma Iesu i genuana ma eḡa ita paribelei.
MRK.14.62	Iesu i paribelana, “Tau tauna! Ma 
MRK.14.63	Pirisi ḡeḡetelarana, amlona i ḡaiḡai ma ana gara i sikai ma i riwa, “Aiwai au baina matamata ḡelaui tana ḡoei? 
MRK.14.64	Taumi, vijiboḡa
MRK.14.64	Taui anatapui i riwa, “Tauna ana ḡoa-apoapoe au baina anina da ina iraḡe!”
MRK.14.65	Ma ḡelaui i rau-karei ma Iesu i ovai ma naona i purui; i rau-navanavai ma i riwei, “Ma pariverelai, aiai i ravim!” Ma tauvi pai pai, Iesu i vaia ma i vunui.
MRK.14.66	Ma Peter au gabaura i mamae ma Pirisi ḡeḡetelarana ana taunola guguini i ḡetai. 
MRK.14.67	Maranai tauna, Peter i inanai ivivi airara; ma i inanatunutunui ma i riwa, “Tam maiteni Iesu 
MRK.14.68	Wate tauna i bovi ma i riwa, “Eḡa ata aramanei aiwai e bababaniei, avi nuanainei!” Ma i tuopu au metaeta ma [kokorereko i tou
MRK.14.69	Taunola guguini, Peter i inanai ma i rau-karena melei ma rava au ḡereḡere i maimairi i riwei, “Wei ravana, taui tagogi!” 
MRK.14.70	Wate Peter i bovi me.
MRK.14.70	Mara aburuna muriai, taui au ḡereḡere i maimairi, Peter i riwana melei, “Tam anina, taui tagogi; au baina tam, 
MRK.14.71	Ma Peter i riwa, “God au matana, tau a ririwa kaua, ravana o ririweia avivi nuanainei!”
MRK.14.72	Maratagogi kokorereko i tou mara viruaina ma Peter, Iesu riwana i notai, “Muriai da kokorereko ina tou mara ruaḡa, tam mara tonuḡa ma bovieu.” Ma Peter ivi nuabola kaua ma i tou.
MRK.15.1	Ubaubanai boiboḡi, 
MRK.15.2	 Iesu ivi taravirevirei i pa, “Tam mai 
MRK.15.3	Pirisi Babadai evivi wavuim kaua maḡamaḡaui au bai. 
MRK.15.4	Ma nanare 
MRK.15.5	Wate Iesu i genuana ma eḡa ita paribelei. Ma 
MRK.15.6	Taui ai kaua maemaena da 
MRK.15.7	Oroto tagogi wavana 
MRK.15.8	Ma patara i ḡeta da 
MRK.15.9+MRK.15.10	 i paribelei, “Taumi o ḡoeḡoei da mai 
MRK.15.11	Wate Pirisi Babadai, patara i egari da 
MRK.15.12	 patara i paridadana melei i pa, “Tauna o ḡoreḡoreia mai 
MRK.15.13	Taui i garara, “Ma tuparatui!” 
MRK.15.14	 i riwa, “Aiwai apoapoena i kauei?” Ma taui i garara guratana, “Ma tuparatui!” 
MRK.15.15	 i ḡoei da patara itavi nuau bai ma Barabas i rupeni ma 
MRK.15.17	Ma gara lebalebarina
MRK.15.18	Ma vinamana i rau-karei ma i garara, “Egualau mai 
MRK.15.19	Ma kolana gonuei i raviravi ma i ovai. Ma ae-tutuiei i mae ḡaira au doa ma i raudunelei. 
MRK.15.20	Ma ivi jiboḡa vorovei ma gara lebalebarina ivo ḡiḡi-tawanei ma ana gara ivi oteni. Ma i taravaina opunei da ita tuparatui
MRK.15.21	Taui i nenae ma Simon i nelaḡai, rava 
MRK.15.22	Taui, Iesu i naiei da gabu i ḡoreḡorei 
MRK.15.23	 bunama 
MRK.15.24	Ma Iesu i tuparatui ma ana gara, taui ava au orai i ḡutai
MRK.15.25	Ubaubanai 9 kilok nanare, Iesu i tuparatui. 
MRK.15.26	Aniviwavuna i girumi ma i tutui, “Mai 
MRK.15.27+MRK.15.28	Danedanenei ruaḡa, Iesu maiteni i tuparatui; tagogi au oiena ma ḡelauna au kelakelauna.
MRK.15.29	Taubabara, kolai i kwajikwajiei ma Iesu ivivi namei, “Na! tam, Tempol taurikaina ma au pom tonuḡa ma ma voa melei. 
MRK.15.30	Mavi lawana melem ma 
MRK.15.31	Ma nanare Pirisi Babadai ma Tarawatu Babadai maiteni, Iesu ivivi namei, “Rava ḡelaui ivi lawani, wate ainelana itavi lawana melana avei. 
MRK.15.32	 Israel ana Wavalatona; marina 
MRK.15.33	Ma au benai dobu anatapuna i waguvarei da 3 kilok au bigai. 
MRK.15.34	Lamna maranaina Iesu ponana i rata ma i kwatu, 
MRK.15.35	Ma rava ḡelaui au ḡereḡere i maimairi i nonori ma i riwa, “Ona rau-taniḡanei, Elijah e kwatukwatuei!” 
MRK.15.36	Ma rava tagogi i ruba da gara ai au damona i pani ma au 
MRK.15.37	Ma Iesu ponana i rata ma i kwatu ma i lavutu tawanana. 
MRK.15.38	Ma Tempol au orana anitereḡaḡara au pouna i wanasikai au tepana da i ḡaira au doa. 
MRK.15.39	Ma 
MRK.15.40	Waivine ḡelaui aueia i mae ma i raraubiga: Mary 
MRK.15.41	Taui, Iesu ivo taḡotaḡoi ma ivovo agui maranai au 
MRK.15.42+MRK.15.43	Ma au biga i tuturiai Joseph 
MRK.15.44	 i baei da Iesu boiboḡi i iraḡe. Tauna, 
MRK.15.45	Maranai 
MRK.15.46	Joseph, gara maiana ḡaeḡaena i gimarai ma Iesu tupuana i tereḡairei. Garei i umai ma au guba tupuana ivi mataveni ma ḡaima ḡaeḡaena i kaipeuri da kokoaga metaetana ivi aitomeni. 
MRK.15.47	Mary 
MRK.16.1	Ma 
MRK.16.2	Ma Sunday ubaubanai boiboḡi maranai madeḡa i gogogo, taui i nae au kokoaga. 
MRK.16.3	Ma i nenae ma i bababani, “Aiai au baita ḡaima kokoaga au metaetana ina kaipeura tawanei?” 
MRK.16.4	Maranai taui i taepai, i inanai da boiboḡi ḡaima i kaipeura tawanei - ḡaima ḡaeḡae kaukauana. 
MRK.16.5	Maranai i rui au orana ma oroto laragana i inanai au oiena.
MRK.16.6	Tauna i riwa, “Eḡa orami ina auepai, taumi, Iesu 
MRK.16.7	Marina ona nae ma ana tauvotaḡotaḡo ona riwei, ma Peter eḡa nuanuami ina vuru da Iesu evi vinao au 
MRK.16.8	Taui i opu ma kokoagei ivi ruberubei ana ini sisisi ma ana rovoi. Taui i rovo kaua, lamna au baina eḡa rava ita riwei.
MRK.16.9	Iesu iraḡelei ivo mairi me au Sunday ubaubanai boiboḡi ma i ainae da Mary 
MRK.16.10	Iesu, ana tauvotaḡotaḡo ivivi nuabola ma i toutou ma Mary i ḡeta da i pariverei. 
MRK.16.11	Ma Mary i pariverei da Iesu i lawana me ma tauna matanei Iesu i inanai. Wate taui eḡa itavi tumaḡanei.
MRK.16.12	Wei au murina Iesu inanana tapuna ma ana tauvotaḡotaḡo ruaḡa awari i eḡa; maranai taui i nenae au melagai. 
MRK.16.13	Taui i nae me ma tauvotaḡotaḡo ḡelaui ivi eḡei. Wate taui nanare eḡa itavi tumaḡanei.
MRK.16.14	Muriai taui 11 i amam ma Iesu awarii i eḡa. Ma i eni au baina taui orai i bado ma eḡa itavi tumaḡana maranai rava, taui i riwei da Tauna ivo mairi me. 
MRK.16.15	Iesu, taui i riwei, “Ona nae dobu au anatapuna. Ma God 
MRK.16.16	Aiai da ivi tumaḡana ma i babataito; tauna ina lawana. Ma aiai da eḡa 
MRK.16.17	Ma taui aiavoi da ivi tumaḡana, rewapana ina verei da 
MRK.16.18	Taui, mota uraiei ina vaia ma waiawa ina umai ma eḡa ina rau-putei. Ma urai doridoriai au kolai ina terei ma ina lawana.”
MRK.16.19	Bada Iesu, awari i babani vorovei. Ma tauna i ḡaiei au mara ma God au oiena i kiala. 
MRK.16.20	 i opu ma dobu au anatapuna i rarau-gugula. Ma Bada, taui ivo agui ma kaua babai i kaukauei da Tauvotaḡotaḡo aiwai i bababaniei ivo vairewapani.
