MRK.1.1	Iesu Keriso, God natuna, warana miisena mma naboni yadagudaguni.
MRK.1.2	Naghove waghata 
MRK.1.2	“Kowaiyana! Yagu sawariyonayona anawonataveni ininagho
MRK.1.2	da tuna yami keda inagigiri.”
MRK.1.3	“Wawaya mayabe yakwatukwatu yawonawona bo, ‘Tami Bada kiiravine kokabunagha,
MRK.1.3	bi yana keda kovirotomani da inapepewa.’” 
MRK.1.4	Wasina Jon ipiika, mayabe wawaya iyabababataitodi bi God warana iyadimedimeni iyawonewonedi bo, “Kovisinimayagha, yami bera beroberodi kokabitura bi konatubuwamira da God yami tamumu inanoghotatavedi, bi konababataito da inimatakira da yami beronama kotubuwamira.” 
MRK.1.5	Wawaya Jiudiya da Jerusalem kamodima sikanibu Jon siyawaiyaneni. Yadi bera beroberodi siyimaghamaghatara bi Jon iyabababataitodi Jordan rarimine.
MRK.1.6	Jon kana kwama na, ribiribi kana waghawagha kamel ghunighuninama ibera bi iyakotekoteni, bi kana kiide na ribiribi bekanama ibera bi borine iviruvivireni. Bi nonowa kana kam na ghuro da manigewa. 
MRK.1.7	Wasina, Jon nonowa iyisisiya bo, “Yagu maragata igisi. Wawaya muriguve yapiipiika na, tuna yana maragata iragata kirakii. Tagu gegha kiimatanigu da anawasikuwaya bi kayena kana turababara uravidi ayarupama. 
MRK.1.8	Tagu rarimama abababataitomi bi tuna Kanuma Kabikabikuwayinama inababataitomi.”
MRK.1.9	Noko raghanine Iesu Nasaret meyagiina Galili kubure ikuyoveni ipiika Jon biidi, bi Jon Jordan rarimine Iesu ibabataitoni. 
MRK.1.10	Bi Iesu rarimama iyagegena, ikitada abama itamotatara bi Kanuma Kabikabikuwayina, ayabo mayimayiyina iyayoyo tuna biidi. 
MRK.1.11	Bi God gamona abame iwona bo, “Tam na tagu natugu. Avinuwayuyunim, bi tamve inuwamiise.”
MRK.1.12	Yaininagha Kanuma Kabikabikuwayina Iesu ivipora ikanibu mayabe. 
MRK.1.13	Bi gabudara 40 Iesu mayabe iyamakamakena 
MRK.1.14	Herod Jon irubiuveni murine na, Iesu inagho Galili kubure God warana miisena iyadimedimeni wawaya biidi. 
MRK.1.15	Nonowa iyisisiya bo, “God yana raghani nada ipiika! God yawa wune yana wawaya inibadedina inoratu. Yami bera beroberodima kotubuwamira bi warana miisena konigeruveni.”
MRK.1.16	Bi raghani tana Galili sawana ririnagha ipepewa iyanono, da wanowanota wawayidi yadi bata ikitadi, Saimon da tiinaru Anduru teya, sawaye sewari siyitavenayowoyeni. 
MRK.1.17	Na iwonedi bo, “Kopiika, kokivinigu. Bi aniyevevemi da wawaya konakonadi da tagu sinigeruvegu, metagha ighana sewarima kokonakonadina.” 
MRK.1.18	Wasina, yaininagha yadi sewari sikuyowana bi sikivin.
MRK.1.19	Bi kikiragha sinagho gerabarabana bi Zebedi natunatuna, Jemes da Jon yadi waga kamone sewari siyataratarabodabodana ikitadi. 
MRK.1.20	Bi yaininagha ikwatuvedi, “Kokivinigu.” Wasina, tamadinaki da yana bagibagi damdi waga kamone sikuyovedi bi Iesu sikivini.
MRK.1.21	Wasina, Iesu kana kivikivina teya Kaponiyam kwanatune siverakanibu, bi 
MRK.1.22	Wawaya yana wiiyeveveyana sivisokoveni, basuna tuna iyiyevevedi na ere-maragasina, gegha gwara wiiyeveveyana damdi naboni.
MRK.1.23	Wasina, bi 
MRK.1.24	iyawonawona bo, “Awaki tumii biidi kunabera, Iesu, Nasaret wawayim? Bo kupiika tumii kunakasiwiiberomii? Akovi da tam iyabo – tam na God yana wiivinevinegha kabikabikuwayina tana.”
MRK.1.25	Bi Iesu iwona tagureni, iwona bo, “Kuviraborabobo, tomogha kuyoveni!” 
MRK.1.26	Wasina, kanuma berona tomogha inuke kirakiiyeni, bi irakapara da ghamana bi ivikanibu taveni.
MRK.1.27	Bi wawaya tupadi sivisokovena kirakiiyeni bi tudimani siyisisiya vivirana siyawonawona bo, “Mmko kokita? Mmkona wiiyeveveyana wuna ere-maragasina. Mmko tomoyina maragata gwabine na kanuma beroberodi yawonedi na sakabisisireni.” 
MRK.1.28	Yaininagha Iesu warana, Galili kuburina tupane wawaya siviwara rererebeni.
MRK.1.29	Bi yaininagha Iesu kana kivikivina teya 
MRK.1.30	Saimon rawananaki wasikena igubaga, sinina imuyamuya kirakii kepane iyakenakena, bi rotomanina Iesu siwoneni da tuna metagha. 
MRK.1.31	Irughu tuna biidi, imana ikabi bi itaina wiigeghomiiri. Yaininagha sinimuyamuya wasike ikuyoveni bi igeghomiiri da ikoyagha yaporidi.
MRK.1.32	Gabudara iyowogha bi muriye ravidine, wawaya turadi gubagubagidi da iyawogha kanuma beroberodi sitowa tawanidi na korotodi sipiikedi Iesu biidi. 
MRK.1.33	Bi kate wawaya tupadi noko kwanatune bare naghone sivitaghomidi. 
MRK.1.34	Bi wawaya korotodi gubagegubage iviyawiidi, bi kanuma beroberodi wawaya gwabidima ivikanibuvedi. Bi kanuma beroberodi sakovi da tuna iyabo na iwonedi bo, “Gegha konimaghamaghatara da tagu God natuna.” 
MRK.1.35	Raghani kana didiguba iyoghoyenina, Iesu igeghomiiri, bare ikuyoveni bi inagho kubura nighorovine meme wawaya gegha na God biidi iyarurupari. 
MRK.1.36	Bi muriye Saimon turaturana teya sikanibu siyininoyeni. 
MRK.1.37	Bi sibanani na siwoneni bo, “Wawaya korotodi sitarakiiyanem.”
MRK.1.38	Iwonabodedi, “Tananagho meyagii mududi mma riridaye, bi God warana tudi biidi bada anadimeni. Tuna kiiravine apiika.” 
MRK.1.39	Wasina, Galili kuburina iverabuni God warana 
MRK.1.40	Raghani tana tomogha sinine gubaga korekore ikabina ipiika Iesu biidi bi ivituwapore oghogheyana bi ivipepeyana iwona bo, “Kunawiini tagu wiiyawiguna, rubana kunimiiseyegu.” 
MRK.1.41	Wasina, Iesu tomoyina ikitana nuwanuwana ivisi da ivikanighughuveni, na imana ikoghasi da ikabi towoyi bi iwona bo, “Wasina akayokayoveni da aniyawim. Yam berona avikovini.” 
MRK.1.42	Bi yaininagha gubaga tomogha gwabine ikovi bi tuna iyawamagha. 
MRK.1.43	Bi Iesu sisiya bagibaginama iwona wiiyoyowaneni bi iviporani, iwona bo, 
MRK.1.44	“Wasina, kunagho. Wawaya getagu kiiraviguve kunawonedina. Rotomanina kunagho da 
MRK.1.45	Bi gegha, tomogha ivisuwiibogae wawaya korotodi biiyadi iyisisiya awaki tuna biidi itubughana, bi kubura tupana warana iyarererei. Wasina noko kiiravine gerubana da Iesu debagha kwanatu kamodiye iyarughu, bi kubura makewapawapadiye iyamakamake. Bi wawaya kubura tupadima tudimani siyapiipiika tuna biidi.
MRK.2.1	Iesu kana kivikivina teya siveramagha Kaponiyamma. Bi gabudara viya sikovi murine, na wawaya siwaiyana da tuna bareye na 
MRK.2.2	koroto sivitaghomidi name, da getana gawara bare kamone iyamakamakena, kate matamketa naghone teya. Bi God warana tudi biidi iyadimedimeni. 
MRK.2.3	Bi wawaya ruwamaruwa sipiika tuna biidi, tomogha imana da kayena raborabobodi ritoma sikawari. 
MRK.2.4	Bi wawaya sikoroto kirakii da simiiri babaridi, na gerubana tomoyina siyapiikeni Iesu biidi. Na tudi maghatare teteboruborugha sigae bare kubune, bi katovina muduna sikabi tavetaveyana, meme rogune Iesu iyamiimiirina. Wasina, bare kubuve bonagha sibera ikovina, tomogha ere-ritona sivionayi iyowogha naghone. 
MRK.2.5	Wasina, yadi wiitumaghana ikitana, tomoyina iwoneni bo, “Natugu, yam berona anoghota taveni, bi God kate gegha aro inaverem.”
MRK.2.6	Nama God yana gwara kana wiiyeveveyana damdi siyamakamake. Na tudimani nuwanuwadiyena naboni siyanuwanuwagiura, 
MRK.2.7	“God tuna kawagha bera beroberodi yanoghota taveyana. Awaki biidi mmko tomoyina naboni yisisiya? Tuna God yigiboyi, yawonawona da God teya sivikupopo.”
MRK.2.8	Yaininagha Iesu nuwanuwana kamone damina ikabi, bi iyakovi da tudi awaki siyanoghonoghosi, na iwonedi bo, “Awaki kiiravine nuwanuwamiye naboni konuwanuwagiura? 
MRK.2.9	Meko sisiyina gegha iyapiropirona, tomogha imana da kayena raborabobona tanawoneni bo, ‘Yam tamumu anoghota taveni’, bo tanawona, ‘Geghomiiri yam kepana kabi bi kunapepewa.’ 
MRK.2.10	Noko biidi bera tana anabera da tami konakovi da God, yana 
MRK.2.11	“Awona, geghomiiri, yam kepana kabi bi kunagho bareye.” 
MRK.2.12	Wasina, bi wawaya tupadi siyakitakita bi tomoyina igeghomiiri, bi yaininagha yana kepana ikawari bi ikanibu taveyana. Tupadi sivisokoveni bi God sikabepepi, bi siyawonawona bo, “Gegha meme bera naboni kayakitana.”
MRK.2.13	Iesu Kaponiyam kwanatuna ikuyovena mayeni bi kana kivikivina teya Galili sawana ririnagha sipepewa siyanono. Na koroto ghamana sipiika tuna biidi, bi God warana iviyevevedi. 
MRK.2.14	Ipepewa inagho gerabarabana, bi Lewai ikita, tuna Arupius natuna. Yana bagibagi barene iyamakamake, bi teks iyayuyuna. Iesu iwoneni bo, “Kivinigu da kagu kivikivina.” Wasina igeghomiiri bi inagho da ikivini. 
MRK.2.15	Muriyena, Lewai yana bareye kamkena iyakamkam. Teks yuyuna da wawaya berodi korotodi na Iesu siyakivikivini nabo bi mabo, bi Iesu da kana kivikivina teya yawata siyakamkam. 
MRK.2.16	God yana gwara kana wiiyeveveyana damdi na tudi 
MRK.2.17	Iesu iwaiyana bi muriye, iwonedi bo, “Wawaya yawayawiidi na gedokta siyakayokayoveni. Gegha, gubagubagidi tudi dokta sakayoveni.” Bi iwona bo, “Apiika na gewawaya miisedi anakwatuvedina, bi apiika iyawogha bera berodi saberaberana anakwatuvedi.”
MRK.2.18	Gabudara tana, Jon 
MRK.2.19	Bi Iesu iwonedi bo, “Memeda tomogha wasike yarawarawayi, na turaturana gekam siniiya memeda tuna patana yawatana, bo? Gegha. Tuna yawatana, kam gesiniiyana basuna tudi sinuwamiise patapata. 
MRK.2.20	Bi raghani murine, kana aviya sinakabitavenina. Nokodi raghanidiye, na tudi kam siniiya, basuna tudi sinuwapoya.”
MRK.2.21	Bi kate iwona bo, “Sawara wuna apiikeni, da gegha yami kiki yawata inikupopoveni. Gegha iyabo kwama wuna pinimina iyakabi da kwama katamanine iyatupaghiri. Bi naboni inaberana, muriye inarubotona kwama pinimina inatapikokoma na kwama wuna pinimina inatamogosira da kwama katamanina inagosiri, na bonayina inaragata kamokamogha. 
MRK.2.22	Naboni bada, gegha iyabo wain wuna iyiviwayi wain kadi kabikabiwiitaghoma ribiribi bekadima saberana katamanidi kamodiye. Inaberana, noko wain iniposi da kabikabiwiitaghoma inatamobewara, basuna gerubana inakasiroroni, raghanine wain inapuro bi inaruruwana. Noko kiiravine wain da kabikabiwiitaghoma iniberodi. Gegha, wawaya na wain wuna, kabikabiwiitaghoma wune siniwagha na inakasiroroni.”
MRK.2.24	 mududi sikitadi noko berana siyaberabera, na Iesu siwoneni bo, “Kita, kwakovi da God yana gwara yigesa, da wiiyawiitaveyana gabudarine bagibagi gegha. Bi awaki biidi sabagibagi?” 
MRK.2.25	Iesu iwona bodedi bo, “Buka kamone sigiruma da awaki David ibera kam ikayovenina, tuna yana wawaya teya vitonana sirabobona. Tami gututuna kokabiyavi bo, bi awaki kiiravine yana basuna gekoyanoghonoghosina? 
MRK.2.26	David irughu God yana bareye bred kiiravine. Abiatar, tuna 
MRK.2.27	Iesu iwonena mayedi, “God wiiyawiitaveyana gabudarina itore, na wawaya kiiravidiye da iniwiitedi, gegha wawaya iyaberadi da wiiyawiitaveyana gabudarina kiiravine siyiwiitenina. 
MRK.2.28	Noko biidi, God yana 
MRK.3.2	Na 
MRK.3.3	Bi Iesu tomoyina iwoneni, “Piika, wawaya naghodiye kunamiiri.” 
MRK.3.4	Bi kate nokodi wawaya ivitarakiiyanedi iwona bo, “Meko sirana imiise wiiyawiitaveyana gabudarine: Miisena tanabera bo berona tanabera? Taniyawa bo tanakasunugha?” Bi getana iyabo iyawonabodenina. 
MRK.3.5	Na Iesu nuwanuwana ipughu bi ikita wiiveravera. Tudi tainadi sikuru na tuna ivinuwapoya na tomogha imana raborabobona iwoneni, “Imam kuroroni inakanibu.” Na imana ikoghasi ikanibu na iyawa.
MRK.3.6	Wasina, Perisis yaininagha sikuyoveni bi sinagho kiiwawo Herod turaturana
MRK.3.7+MRK.3.8	Wasina, Iesu kana kivikivina yawata siveramagha sawa kikirine, na Galilima koroto ghamana sikivini sinagho. Wawaya korotodi siwaiyana da 
MRK.3.9+MRK.3.10	Wawaya korotodi nada iviyawiidi, na gubagubagidi mududi siyibusura da yadi wiina Iesu siyakabitowoi. Na kana kivikivina iwonedi da waga tana sinakabigubeni tuna kiiravine, da gewawaya sinagwagwarina. 
MRK.3.11	Raghanine kanuma beroberodi wawaya siyibadedina sikita, na naghone sivituwaporeoghogheyana bi sirakapara, “Tamna God natuna!” 
MRK.3.12	Bi Iesu sisiya bagibaginama iwonedi da gegha siyisisiya da tuna iyabo.
MRK.3.13	Iesu koyaye igae bi tomotomogha ikayovedina ikwatuvedi, sipiika tuna biidi. 
MRK.3.14	Bi tomotomogha yadi 12 ivineyidi da tuna teya siyamake bi siyapepewa na ikwatuvedi tudi 
MRK.3.15	Bi maragata iveredi da kanuma beroberodi wawaya gwabidima siyikanibuvedi. 
MRK.3.16	Nokodi yadi 12 ivineghana kadi waghawagha naboni:
MRK.3.16	Saimon (Iesu, iviwaghawaghaen da Pita), 
MRK.3.17	Zebedi natunatuna Jemes da tiinaru Jon, Iesu iviwaghawaghaedi Boanerges (yana basuna warikeyakeya natunatuna,)
MRK.3.18	Anduru,
MRK.3.18	Piripo,
MRK.3.18	Batoromiu,
MRK.3.18	Matiu,
MRK.3.18	Tomas,
MRK.3.18	Jemes, Arupius natuna,
MRK.3.18	Taidiaus,
MRK.3.18	Saimon tuna Zelot wawaya 
MRK.3.19	bi Jiudas Iskariot (tuna ivikedawaga da Iesu sinaburavi.)
MRK.3.20	Iesu kana 
MRK.3.21	Yana rakaraka noko sisiyina siwaiyaneni na siwona, “Tuna ineghanegha,” bi muriye na sipiika da siyarutayini.
MRK.3.22	God yana gwara Mosis iverenina kana wiiyeveveyana, mududi Jerusalemma siyowogha bi siwona bo, “Belzabub, tuna na kanuma beroberodi kadi bada ghamana na Iesu yibadeni! Bi tuna yana maragate na Iesu kanuma beroberodi yikanibuvedi.” 
MRK.3.23	Wasina, Iesu, gwara kana wiiyeveveyana damdi ikwatuvedi bi miibama iwonedi bo, “Metagha bi Seitan inageghomiiri da Seitan inikanibuveni? 
MRK.3.24	Memeda kwanatu tana inarutotoni damvedamve bi tudi siyogha vivirana, na noko kwanatuna gegha inamiiri wiimaragatana. 
MRK.3.25	Bi rakaraka tana yayarayi da damvedamve, bi tudi siyogha vivirana, na noko rakarakana gegha inamiiri wiimaragatana. 
MRK.3.26	Bi wasina, memeda Seitan yana dam inayarayi bi siniyogha na gesinamake bi tudi sinarukwa. 
MRK.3.27	Seitan kana miiba waragututuna tana mma: Getana iyabo rubana tomogha maragasina yana bareye inarughu da yana sawara inayapina, da dagudagunena noko tomoyina inaghira tawani, bi muriye na yana bareye inayapi. 
MRK.3.28	Tagu, wiisuwona awonewonemi, God wawaya bera berodi sabera bi kate siwaghawagha beroveni na tupadi inanoghota tavedi. 
MRK.3.29	Bi iyabo Kanuma Kabikabikuwayina iniwaghawagha beroveni, na God noko berona gegha inanoghota tavenina, bi yana berona inamakewaghata.” 
MRK.3.30	Iesu naboni iyisisiya na basuna Kanuma Kabikabikuwayina yana maragate kanuma beroberodi iyikanibuvedi, bi tudi Kanuma Kabikabikuwayina siyiwaghawagha beroveni siyawonawona bo, “Tuna kanuma berona itowatawani.”
MRK.3.31	Iesu sinananaki da warewaresina sivera kanibu, bi maghatare siyamiimiiri, na wawaya tana sivipora da tuna iyawoneni. 
MRK.3.32	Koroto ghamana sigwagwari siyamakamake, na nokodi wawayidi mududi siwoneni bo, “Sinamnaki da warewaresim maghatare sakayokayovem.” 
MRK.3.33	Bi iwona bodedi bo, “Sinagunaki iyabo, bi warewaresigu iyawogha?” 
MRK.3.34	Wasina, ikita wiipatedi da nokodi wawaya simake gwagwarina iwonedi bo, “Kowaiyana! Mmkodi na sinagunaki bi warewaresigu! 
MRK.3.35	Iyabo God yana wiina inabera na tuna waresigu, nughuguru bi sinagunaki.”
MRK.4.1	Iesu Galili sawane wiiyeveveyana idagu mayeni. Wawaya korotodi sinagho iyisisiyana na siyawaiwaiyana, sikoroto kirakiina, tuna wagae igeru bi imakekira bi wawaya rarima ririne siyamiimiiri. 
MRK.4.2	Miiba sisiyidi ivisisiya, bera peyaridi iyiyevevedi. Miiba sisiyidi iwonedi bo, 
MRK.4.3	“Mmko kowaiyaneni, tomogha tana kana tarana kamone tanawa iroven, bi pei ivirubusareni.
MRK.4.4	Pei mududi keda ririne siririgha, na manu sipiika sikam. 
MRK.4.5	Pei mududi tanawa akakimine siririgha, meme dobodobo geghamana, na nokodi pei sirugogo yaininagha, 
MRK.4.6	bi ramramdi gesiyayokirakii, na raghanina gabudara igae bi irarayidi, na gogodi sivivi. 
MRK.4.7	Pei mududi dinamona iyiyodi kamodiye siririgha, bi sigogo sigae na pei sirogu tawanidi na gesiyuwaghana. 
MRK.4.8	Bi pei mududi tanawa miisene siririgha, na sigogo yapora kiidi mududi sitaveyana na 30, mududi 60 bi mududi 100.” 
MRK.4.9	Bi iwonedi bo, “Memeda ere-tainamina, awaki awonemina kowaiyana.”
MRK.4.10	Noko murine Iesu kana kivikivina yadi 12 da wawaya mududi miiba kiiravidiye sivitarakiiyana.
MRK.4.11	Iwona bodedi bo, “Tami avineyimi na sisiya kowoyidi anawonemi da metagha God wawaya keda wune inibadedi, bi maghatara damdi geanawonena yaporidina, bi miibama anawonedi. 
MRK.4.12	Anabera da God yana 
MRK.4.12	‘Patana sinakitakitawiivera bi gerubana sinakitana,
MRK.4.12	bi sinawaiwaiyana bi gesinakovina,
MRK.4.12	kate bi sinamake karona, na yadi beronama ananoghota tavedi.’” 
MRK.4.13	Iesu ivitarakiiyanedi bo, “Tami mmko miibina yana basuna kwakovi? Metagha, bi, tami miiba mududi gekonakowana?”
MRK.4.14	Upi tomoyina pei yirubusarenina, bi wawayina tuna God warana wawaya biidi yarererei. 
MRK.4.15	Wawaya mududi na naboni ware pei keda ririne siririghana - sisiya sawaiyana, bi 
MRK.4.16	Wawaya mududi na ware tanawa akakimina naboni - sisiyina nuwamiiseye sawaiyaneni 
MRK.4.17	bi ramramdi gegha, na gesiyamakamake wiigurina. Sisiya kiiravine na, nuwabero bo wiikayotaketowana sapiikana raghani tana sabeku. 
MRK.4.18	Wawaya mududi na ware tanawa meme dinamona iyiyodi sagogona naboni. Mmkodi wawayidi sisiya sawaiyana, 
MRK.4.19	bi yawa nuwapoyina, mura nuwayuyunina mekodi siyabedina, bi kate bera mududi sarughu kuridina sisiya sarogurogu tawanidi na, gegha siyuwuwaghana. 
MRK.4.20	Tanawa miisena na naboni ware wawaya sisiya sawaiyana, sakabi sisireni na suwagha, mududi 30 mududi 60, bi mududi 100.”
MRK.4.21	Iesu iwonedi bo, “Da name meyani wawaya kibe yakabi yapiika dabira kamone bo kenakena kemana rogune yatore? Gegha, kibe na kadi miimiiri debane yatore, 
MRK.4.22	noko kiiravine yawa kowoyidi tupadi naboni, na anakabi wiimaghataridi debaye, bi bera kasikasi tawanidi naboni, na anatatetavedi. 
MRK.4.23	Memeda ere-tainamina kowaiyana.”
MRK.4.24	Bi tudi iwonedi bo, “Koviraborabobo bi konuwagiura, kowaiyana wiimasi na tami konakowa kirakii. 
MRK.4.25	Yagu sisiya basuna konakovina aniwiitemi da konakowa yapora. Bi iyawogha gesiyakakovina, akowa gisina gwabidiyena siniwapeni.”
MRK.4.26	Iesu iwona bo, “Mmko waragututuna metagha God yana wawaya inibadedi na yadagudaguni. Tomogha kana tarane pei iwavi. 
MRK.4.27	Nubabasuve yakenakena bi gabudare na yabagibagi, na nonowa pei sagogogo, bi tomoyina geiyakakovida metagha sagogogo. 
MRK.4.28	Tanawa tuna kawagha yaberana kiidi sagogo, dagudagunena sakarapumka da gisidi, bi kiidi saragata, na suwagha sakasiyuyu. 
MRK.4.29	Uwadi sitora siyamenamenina, tomogha kabipura idaguni.”
MRK.4.30	Iesu iwona bo, “Awaki miibidima anawonemi, da metagha God wawaya inibadedi na yadagudaguni? 
MRK.4.31	Noko naboni ware aveya basuna. Bi basuna na igisikirakii gebasu mududi naboni bi wawaya sawavi, 
MRK.4.32	bi yagogo, yaragata kirakii gekiiuwa mududi naboni, bi ragharaghana saragata kirakiina rubana da manu kadi kema rogune sinayoghana.”
MRK.4.33	Iesu miiba waragututudi peyaridi mma naboni wawaya iwonedi, awaki siwaiyana na rubadiye, bi gesiyawaiyana kamoghana. 
MRK.4.34	Tuna miiba waragututudi kawagha ivisisiya, bi raghanina kana kivikivina yawata na, bera tupana yawonena yaporidi.
MRK.4.35	Noko gabudarina, ravidiye, Iesu kana kivikivina iwonedi bo, “Tanatowawona sawa nawane.” 
MRK.4.36	Tuna patana wagae, bi sigeru da tuna yawata sikabi sitowawona. Situyana koroto ghamana sikuyovedi, bi waga mududina yawata sinagho. 
MRK.4.37	Yanunu ghamana iyatapitapi bi yabarata waga iyaruruvi, na rarima wagae iyarughurughu. 
MRK.4.38	Name waga murine na Iesu ivikasepa iyakenakena. Kana kivikivina sikasiwiimataki siwona bo, “Abawiiyeveveyana, tuda pinimina bi tanarabobo. Tam noko kwanoghonoghosi bo?” 
MRK.4.39	Igeghomiiri bi yanunu iwoneni bo, “Kiraborabobo!” bi yabarata iwonedi bo, “Kovinighorowa.” Yanunu ikabitura na yabarata sivinighorowa.
MRK.4.40	Bi iwonedi bo, “Awaki kiiravine konaghara? Bo gegha koyitumaghaneguna?”
MRK.4.41	Tudi sinaghara kirakii na siwona bo, “Agii mmko awaki tomoyina? Gemeyani wawaya naboni tayakitakitana, iyabo mmkodi 
MRK.5.1	Iesu kana kivikivina teya sipiika Galili sawana nawane, Gerasa damdi yadi kubure. 
MRK.5.2	Bi wagama itarakapoka wota na, tomogha epamana bonayina kamodima ikanibau, meme wawaya raborabobodi siyadogudogudina. Mmko tomoyina kanuma berona iyibadeni, 
MRK.5.3+MRK.5.4	getana iyabo rubana da iyakabiwiipika - raghani ipeyari kayena da imana kwaroma sayira, bi nonowa kwaroma sanigorina, nigora yayaragha, na gerubana iyabo iyanigoratawanina. 
MRK.5.5	Raghani da nubabasu koya boridigha iyapepepewa wapawapa, iyakabikabida bi akimama iyarigharigha mayeni, bi epamana bonayidi kamodiye iyamakamake. 
MRK.5.6	Tuna Iesu vimenaki ikitana ivera inagho naghone ivituwaporeoghogheyana, 
MRK.5.7+MRK.5.8	bi Iesu tomoyina iwoneni bo, “Kanuma beroberomi kokanibu taveni!”
MRK.5.7+MRK.5.8	Bi tomoyina ikabida gwaru, “Iesu, God kiidamo kirakiina natuna! Awaki biidi tagu kwawiiwiinegu? God waghawaghane, ipepeyana tam biidi, gebiwa kunavereguna.”
MRK.5.9	Iesu ivitarakiiyaneni bo, “Kam waghawagha iyabo?” Iwonabodeni bo, “Tumii kapeyara kirakii, na kagu waghawagha ‘Yawo’.”
MRK.5.10	Tuna patana iyipepeyana tupetupeyana da Iesu kanuma beroberodi noko kuburinama geiyiporatavedi.
MRK.5.11	Bi nama riridiyena waghita yawodi, koya borine siyakamkam, 
MRK.5.12	na kanuma beroberodi Iesu sivibabiini, “Waghita biidi kuviporami, kanarughu.” 
MRK.5.13	Iviwaghasinedi na kanuma beroberodi tomogha sivikanibu taveni bi waghita kamodiye sirughu. Yawo tupana yadi 2,000 - tarapakove sivera siyowogha sawa kamone da siniudona.
MRK.5.14	Waghita kadi bodaboda tomotomoyidi sivera sinagho, da kwanatu ghamana damdi siwonedi, bi kate meyagii tupadi riridiye. Wawaya sinagho awaki itubughana siyakita, 
MRK.5.15	bi sipiika Iesu biidina noko tomoyina naghove kanuma beroberodi yawona ikabina sikita. Nama iyamakamake ere-tarasowona, bi iyanuwanuwagiura wiimasi, na tudi sinaghara. 
MRK.5.16	Wawaya iyawogha sikitana turadi siwonedi da awaki itubugha kanuma beroberodi tomogha siyibadenina da kate waghita biidi. 
MRK.5.17	Noko kiiravine Iesu sivibabiini da yadi kubura iyakuyoveni.
MRK.5.18	Raghanina Iesu wagae iyagerugeru na tomoyina kanuma beroberodi gwabine siyamakamake na, Iesu ivibabiini da yawata siyanagho. 
MRK.5.19	Bi Iesu geiyiwaghasineni, bi iwoneni bo, “Kuveramagha yam rakaraka waghata biiyadi, bi kuwonedi da Bada bera ghamanakina tam kiiravimve ibera, bi metagha tuna ivinuwayuyunimna.” 
MRK.5.20	Noko kiiravine tomoyina iveramagha Kwanatu yadi Ten kamodigha, iyimaghamaghatara awaki Iesu tuna biidi ibera, bi tupadi iyawogha siwaiyana na sinuwagiura kirakii.
MRK.5.21	Iesu wagagha sawa itowawoneni bi ipiika nawanena, bi patana kikire na wawaya korotodi sigwagwari. 
MRK.5.22	Tomogha tana ipiika tuna biidi, kana waghawagha Jeras, bi tuna 
MRK.5.23	Bi kate ivibabiini iwona bo, “Natugu wasike gisina yaraborabobo, piika da imam debane kunatore da inayawa bi inamake.” 
MRK.5.24	Na Iesu yawata sinagho. Bi wawaya korotodi sikivini, na tudi ririnagha sigwagwari.
MRK.5.25	Wasike magurina tana nama, kubuwiipum ikabi bodu 12 sikovi. 
MRK.5.26	Yana mane tupana dokta biiyadi ivitaveni, bi gerubana da siyiwiiteni, patana geiyidami bi gubagina iragata kamokamogha. 
MRK.5.27+MRK.5.28	Iesu sisiyina iwaiyaneni na inoghota mayeni, “Memeda kana kwama anakabitowogha wosina anayawa.” Na koroto basudigha ivera vivira murine bi kana kwama ikabi towoyi. 
MRK.5.29	Iyakabi towoyina yaininagha kubuwiipum ikanakana, bi sinina kamone ividami da gubaga ikovi. 
MRK.5.30	Iesu iyakovi da maragata ikanibu taveni na koroto basudiye imiiriwamira bi iwona bo, “Iyabo kukwama ikabi towoyi?” 
MRK.5.31	Kana kivikivina siwoneni bo, “Kukita, wawaya tupadi sigwagwarim, bi metaghana kuwona da, ‘Iyabo ikabi towoyigu?’?”
MRK.5.32	Bi ikita wiininogha, da yana wiina iyabo ikabi towoyina iyakita.
MRK.5.33	Wasike iyakovi da awaki tuna biidi itubugha na inaghara bi ikiroro, na ipiika Iesu naghone ivituwaporeoghogheyana bi bera tupana ivisuwoneni.
MRK.5.34	Iesu wasikena iwoneni bo, “Natugu, kuvitumaghanegu na kuyawa, kam gubaga ikovi, nuwamiiseye kunagho.”
MRK.5.35	Iesu patana iyisisiya, bi wawaya mududi yona sipiikeni Jeras yana barema bi siwoneni bo, “Natum ikuyovem. Abawiiyeveveyana gekuni taina irirenina.”
MRK.5.36	Iesu tainadamonama noko sisiyina iwaiyana na Jeras iwoneni, “Gekunanagharana, kitumaghanena wosigu.”
MRK.5.37	Iesu, wawaya mududi geiyiwaghasinedi da yawata siyanagho bi Pita, Jemes da waresina Jon ikabidi da tudi kawagha sinagho.
MRK.5.38	Jerus yana bareye sikanibu, na Iesu wawaya korotodi ikitadi, sigiirara siyadudu bi kate siyasiyasiyapa,
MRK.5.39	irughu bareye bi iwonedi bo, “Awaki biidi kwiinuwapoya bi kodudu? Simira gegha iyarabobona - tuna yakenakena wota.”
MRK.5.40	Bi wawaya simaniveni, bi Iesu simira sinananaki, tamananaki da kana kivikivina yadi aroba ikabidi, bi wawaya muduna iviporadi sikanibu, bi tudi sirughu bare kamove, meme simira iyakenakena. 
MRK.5.41	Iesu wasike gisigisi imana ikabi bi iwoneni bo, “
MRK.5.42	Rotomanina igeghomiiri bi iyapepepewa, (bi tuna kana bodu 12.) Tudi sinokeni bi sivisokoveni. 
MRK.5.43	Iesu iwona wiiyoyowanedi da awaki sikitana gegha wawaya siyimaghamaghataredi bi iwona bo, “Simira kam kovereni inakam.”
MRK.6.1	Iesu kana kivikivina teya noko meyagiina sikuyoveni bi siveramagha yana ragata kwanatune. 
MRK.6.2	 wiiyeveveyana 
MRK.6.3	Na siwonena mayedi bo, “Tuna abayoghayoghana kawagha, bo Meri natuna bi Jemes, Jousep, Jiudas bi Saimon waresidi iyarokona. Bi nughunughuna yoghoyogho mma samakamake, bo?” Na tudi sivisinighiighiiyeni. 
MRK.6.4	Iesu iwonedi bo, “Kubura mududi wawayidi, 
MRK.6.5+MRK.6.6	Wawaya gesiyigeruveni, na ikabi nokenina. Nama gegha bera kayowiiwiiyakaiyaberana, bi wawaya gubagubagidi viyagha imana debadiye itura bi iviyawiidi.
MRK.6.5+MRK.6.6	Bi tuna meyagiigha iyapepepewa bi wawaya iyiyevevedi.
MRK.6.7	Iesu kana kivikivina yadi 12 ikwatu wiitaghomidi bi meyagii bogaebogae iviporadi sikanibu yadi batabatighate. Tuna maragata iveredi da kanuma beroberodi sinibadedi, 
MRK.6.8	bi iwona wiiyoyowaneni bo, “Geawaki tana wagawaga kiiravine konakabi da dighona kawagha - kam gegha, ghagu gegha bi mane kutu kamonena.
MRK.6.9	Kaye turababara kokoteyana, bi gegha kwama tana konakawari.” 
MRK.6.10	Kate iwonedi bo, “Meko meyagiine konanagho bi sinikiikiivemi na, noko barene kawagha komake, patana da noko meyagiina konakuyoveni. 
MRK.6.11	Konapiika meyagii tane meme wawaya gegha sinikiikiivemi bi sinawaiyanemina kokuyoveni bi kayemi popokudi kokasiwiiririgha. Noko wona wiikatagha tudi biiyadi!” 
MRK.6.12	Na sikanibu bi wawaya biiyadi siyadimadima, “Yami bera beroberodi komiiri kubutedi bi komiiri karona God biidi. 
MRK.6.13	Tudi kanuma beroberodi sirukwavina sikanibu bi oliv miina naboni ware tamanuwa otonama wawaya gubagubagidi sivituborodi na siyawa. 
MRK.6.14+MRK.6.15+MRK.6.16	Wawaya memegha na Iesu siyisisiyeni, da tupadi kana waghawagha sakovi. Wawaya mududi siyawonawona bo, “Nokodi 
MRK.6.17+MRK.6.18+MRK.6.19+MRK.6.20	Waragututuna mma naboni. Muriye da Iesu yana bagibagi wiiyeveveyana iyadaguni, na Herod waresina Piripo wavinena ivituaro, bi irawaiyi. Bi wasikena kana waghawagha na Herodias. Noko murine, Jon Herod iyawonewoneni bo, “Waresim wavinena gegha kunakabina”, na Herod yana wiiyogha tomotomoyidi iviporadi da Jon siburavi bi sayiri da biwa gawarine sitore rughuveni. Herod iyawonawonana Jon iyapiipiika iyisisiya tuna biidi, bi Herod iyinoghota bata, bi nuwamiiseye Jon iyawaiwaiyaneni. Herodias na Jon inuwapughuveni bi yana wiina da iyakasunui, bi Herod iyakovi da Jon na wawaya miisena bi God biidi iveremayeni, na inaghara, bi ikoyagha yapori. Noko kiiravine, wasikena gerubana da Jon iyirabobona.
MRK.6.21	Bi Herodias yana nuwapughu kedana ibanani na raghanina Herod yana tubugha gabudarina kiiravine siyakamkamna. Na kepo tana ibera tamudu babada ghamaghamadi, wiiyogha babadidi bi Galili kana wiinaghowana wawayidi kiiravidiye. 
MRK.6.22	Herodias natuna wasike irughu bi iriku na Herod kana kiiwaga teya ivinuwamiimiiseyedi. Kiiwawo wasike wabuwabuna iwoneni bo, “Awaki yam wiina kunakabi? Awaki sawarina kunakayovenina anaverem.” 
MRK.6.23	Bi Herod ivisuwona naboni iwoneni, “God naghone isuwonem da awaki sawarina kiiravine kunibaba na anaverem, bo memeda yagu wiibadana muduna!”
MRK.6.24	Na wasike wabuwabuna ikanibu bi sinananaki ivitarakiiyaneni, “Awaki kiiravine anibaba?” Sinananaki iwonabodeni bo, “Jon 
MRK.6.25	Wasike wabuwabuna rotomanina idaru iveramagha kiiwawo biidi da ivibabiini bi iwona bo, “Yagu kayowana Jon 
MRK.6.26	Kiiwawo ivinuwapoya, bi gegha da nada kana kiiwaga naghodiye ivisuwona, na gerubana wasike wabuwabuna yana wiibaba iyigeyeni, 
MRK.6.27	na Herod yana wiiyogha tomoyina ivipora, iwoneni da Jon kanighona inakasiyaraghi bi gayamina inapiikeni. Tomoyina ikuyovedi inagho biwa gawarine, Jon kanighona ikasiyaraghi bi gayamina, 
MRK.6.28	dabira debane itore bi ikawari ipiika wasike wabuwabuna ivereni, bi tuna sinananaki ivereni.
MRK.6.29	Raghanine Jon kana kivikivina mmko siwaiyanenina, tudi sipiika da tubuyina sikawari sinagho epamana bonayina kamone sitore.
MRK.6.30	Iesu kana kivikivina yadi 12 siveramagha bi siviwaragututuveni, da metagha bagibagi sibera da wawaya siyiyevevedina. 
MRK.6.31	Bi noko raghanine wawaya korotodi siyapiipiika kuridi bi siyaveraveramagha, na Iesu kana kivikivina teya getaraboga da siyakamna. Na Iesu iwonedi bo, “Tamiduma kopiika, mmko korotona tanakuyovedi, bi tananagho gawara nighorovine, meme wawaya gegha na koniyawiitaveyana gisina.”
MRK.6.32	Na tudiduma wagagha sawa sitowawoneni da gawara nighorovine meme wawaya gegha.
MRK.6.33	Bi siyanonona wawaya korotodi sikitadi bi sakovidi, na meyagii nunudigha wawaya kikiragha sivera sivinagho da meko gawarine Iesu kana kivikivina teya siyanonona, tudi sikanibu yaininagha.
MRK.6.34	Raghanina Iesu wagama itarakapoka wota kikirena, koroto ghamana ikitana ivinuwapoyedi, basuna tudi ware naboni sip gegha ere-kadi bodaboda, na God warana miisena wiiyevevedi idaguni. 
MRK.6.35	Ravidi gabudare na kana kivikivina sipiika tuna biidi bi siwona bo, “Gegha tana mmko gawarine iyabo iyamakamakena, bi gabudara nada yayoyo. 
MRK.6.36	Wawaya kuviporatavedi sinanagho, guburagha da meyagii gisigisidigha, kadi kam sinagimona da sinakam.”
MRK.6.37	Bi Iesu kana kivikivina iwona bodedi bo, “Tamimani kam koveredi sinakam.” Bi siwona bo, “Yam kayowana da tumii kananagho bi 200 denarii rubane kanitaveni, da bred kanagimona bi mmko korotona kanikanidi?” 
MRK.6.38	Iesu ivitarakiiyanedi, “Bred yadi viya gwabimiye? Konagho da konakita.” Sinagho sikita ikovi bi Iesu siwoneni bo, “Tumii gwabimiiye bred imiikovi bi ighana bata.”
MRK.6.39	Bi Iesu noko korotona iwonedi bo, “Kokabi wiitaghomimi bi idu debane komakekira.” 
MRK.6.40	Na sikabi wiitaghomidi bi simakekira, riba mududi wawaya 50 bi riba mududi wawaya 100. 
MRK.6.41	Bi Iesu, bred imiikovi da ighana yadi bata ikabidi, bi ikayogagawa abame da kiiravidiye, God biidi ivikiikiiwa bi bred ikiyagimagima. Kate kana kivikivina nokodi bred da ighana iveredi da wawaya sirereyedi. 
MRK.6.42	Tupadi sikam da inunuridi, 
MRK.6.43	bi kana kivikivina nokodi bred da ighana kawatupodi siripu yadi 12 sivibonuvidi. 
MRK.6.44	Wawaya 5,000 noko kamna sikani.
MRK.6.45	Yaininagha Iesu kana kivikivina iwonedi da wagae siyageru, bi sininagho sinatowawona sawa nawane, kubura Betsaidama bi tuna koroto muriye iyiporadi. 
MRK.6.46	Ivikukuvedi ikovina, muriye igae koyaye da iyarupari. 
MRK.6.47	Nubabasuvena kana kivikivina yadi wagae bi sawa basukiine, bi Iesu tanaduma kayetanave. 
MRK.6.48	Bi kana kivikivina ikitadi, yanunu siyawoewoe bodebodeni bi yabarata siyibageni. Na nubabasu kamone nada raghani boriboriye tuna inagho kuridi, sawa debane iyapepepewa bi ibera da ware iyaveratupiiredi. 
MRK.6.49	Bi raghanine sikita sawa debane iyapepepewana, sinoghosi da tuna momosika bi sirakabikwarakwara.
MRK.6.50	Raghanine sikitana tupadi sinaghara kirakii. Bi yaininagha Iesu ivisisiya iwonedi bo, “Yami noghota inimaragata, mmko tagu. Gekonanagharana!” 
MRK.6.51+MRK.6.52	Bi tuna wagae tudi teya sigeru na yanunu iviraborabobo. Bi kana kivikivina sikita da metagha wawaya 5,000 ivikanidina, bi patana noko yana berana yana basuna gegha siyakowayaporina. Tudi nuwanuwadi sikotakii bi gayamidi siviakima.
MRK.6.53	Tudi sawa sitowawoneni bi sipiika Genasaratma, na waga nama saghira tawani. 
MRK.6.54	Raghanine waga sikuyovenina na, wawaya yaininagha Iesu sikitana nada sakovi. 
MRK.6.55	Kubura tupana sivera buni; bi tudi siwaiyana da tuna memena, wawaya gubagubagidi ritoma sipiikedi. 
MRK.6.56	Iesu memegha inagho, meyagii gisidi da ghamadi da wawa baredigha, na wawaya turaturadi gubagubagidi siyakawakawara siyanono nokodi gawaridiye, da debadebaye siyatoretoredi bi Iesu biidi siyibaba, “Kuviwaghasinemii da kam kwama damona kawagha kanakabi towoyi.”
MRK.6.56	Bi wawaya iyawogha sikabi towoyina tudi yana maragate siyawa.
MRK.7.5	Na tuna siwoneni bo, “Kam kivikivina sakamkam bi God matanena tudi imadi dadabudi. Awaki biidi na nosidam yadi kiki siradi gesiyakivikivinana?” 
MRK.7.6	Bi iwona bodedi bo, “Tami na wiiwiiyabiimi, kokabiguba da tami miisemi! Naghove waghata 
MRK.7.6	‘God yawonawona, “Mmkodi damdi kawadima sakabikuwayegu
MRK.7.6	bi nuwanuwadi kamonena tagu samiiri kubutegu. 
MRK.7.7	Tudi yadi kiki siradi waghata siyeveveyana, bi sawona da mmko God yana gwara,
MRK.7.7	na yadi kabepepa gegha ere-daminana.”
MRK.7.8	Bi Iesu iwona magha bo, “Tami God yana gwara kokabitaveni bi yami wiiyeveveyana kokivikivini.” 
MRK.7.9	Bi kate iwonedi bo, “Memeda konoghosi da koberabera yapori, bi raghanine God komiiri kubuteni bi yami kiki siradi nosidam gwabidima koyuna, na kokivikivina yapora. 
MRK.7.10	God yana gwara kamone Mosis naboni igirumi, ‘Tam tamamnaki da sinamnaki kunakabikuwayedi’, bi ‘Iyabo tamananaki bo sinananaki inisisiya beroveni, na noko tomoyina konakasunui.’ 
MRK.7.11	Bi tami naboni kwiiyeveveyana - memeda iyabo mane bo sawara tamananaki bo sinananaki inavereni da iniwiiteni, na inawonedi, ‘Sawara gwabiguve na ayaveremi da ayiwiitemi bi atura irirana da God anavereni, na tagu gegha tami anaveremina.’ 
MRK.7.12	Memeda naboni inisisiyana, tami konawona da yana sisiyana wasina, bi konigesiyeni da sinananaki da tamananaki gegha iniwiitedina. 
MRK.7.13	Bi naboni kunaberana, tami nosidam yadi wiiyeveveyana kawagha kokivikivina bi God yana gwara kobera da yigwara tumana, bi gegha ere-yana maragatana. Bi tami God yana gwara, keda bogaebogaema bada kogiigiini.”
MRK.7.14	Iesu wawaya ikwatuvena mayedi sipiika bi iwonedi bo, “Tami tupami, yagu sisiya kowaiyana wiimasi bi basuna konakovi. 
MRK.7.15+MRK.7.16	Gegha wawaya kam tana yakani bi kawane yarughuna inaberada God matanena tuna dadabuna. Bi awaki nuwanuwana kamone bi kawanama yakanibuna, noko yaberana tuna God matanena tuna dadabuna.” 
MRK.7.17	Wasina Iesu wawaya ikuyovedi bi irughu bareye na kana kivikivina sivitarakiiyaneni, “Mmko miibina katota kuwonenina yana basuna awaki?” 
MRK.7.18+MRK.7.19	Iwona bo, “Tami bada yagu sisiya awaki basuna gegha koyakovina? Gekoyakovida raghanina wawaya inakamna, noko kamna gegha nuwanuwane iyarughurughuna, bi kamokamone yarughu da tubuyinagha yakanibu, noko kiiravinena tuna wawayina God matanena gegha dadabuna.” Raghanina Iesu naboni iwonana, yiyeveveyana da kam tupadina miisedi God matane, bi gegha kam tana inaberada tuda dadabuda. 
MRK.7.20	Bi kate bada iwona bo, “Awaki beradi bo nuwagiuridi wawaya nuwanuwana kamonama yakanibu, na tudi sabera na God matanena tuna dadabuna. 
MRK.7.21	Mmkodi beradi wawaya yana nuwagiura nuwanuwana kamonama sakanibu - noghota beroberodi, wiimumurana, kabiyuna, kasunugha, madawara, 
MRK.7.22	kita kirorowana, bera berodi, wiiyaba, noghota mayeyana, nuwapughu, gigitu, kabigegeyana, bi bera neghanegha. 
MRK.7.23	Mmkodi beradi tupadi na wawaya nuwanuwana kamonama sakanibu, na God matane na tuna tamumu.”
MRK.7.24	Wasina Iesu noko meyagiina ikuyoveni, bi inagho meyagii tane Taya kwanatuna ririne bi irughu bare kamove. Geiyakayoveni da wawaya siyakovi da tuna nama bi gegha, gerubana da iyakowoghana. 
MRK.7.25+MRK.7.26	Wasike tana iwaiyana da Iesu nama na ipiika tuna biidi. Mmko wasikena tuna gegha Jius, bi kubura wiibata wasikena. Tuna Fonisiane itubugha Siriya kubura kamone. Bi natuna wasike gisina, kanuma berona iyibadenina kiiravine ipiika Iesu biidi, bi naghone ivituwaporeoghogheyana, bi ivibabiini da kanuma berona iyikanibuveni natuna kamone. 
MRK.7.27	Iesu iyakovi da noko wasikena tuna gegha Jius na miibama iwoneni bo, “Gegha iyamiise da ededa kadi kam tanakabi bi tanitaveni daghasi biidi, na naghove ededa sinakam da inanunuridi,” 
MRK.7.28	Bi wasike iwona bo, “Bada, awaki kuwoneni na wiisuwona, bi ededa sakam, bi kam yoghoyoghodi saririgha kemakema rogunena daghasi bada sakam, na noko wasina da kuniwiitegu.” 
MRK.7.29	Na Iesu iwoneni bo, “Tam ere-wiigeruwanim kuwona bodegu kiiravine na kanuma berona natum kamonama avikanibuveni. Kuveramagha yam bareye.” 
MRK.7.30	Wasina wasikena iveramagha yana bareye, bi natuna ikita da yana kepane iyakenakena. Bi kanuma berona nada wasike gisigisi ikanibutaveni.
MRK.7.31	Iesu Taya kwanatuna ikuyoveni bi Saidon kuburina basunagha igae inagho. Gegha Galili kubure iyarughuna, bi Kwanatu yadi Ten (10) kuburidigha ivera rughuwonedi da inagho Galili sawane. 
MRK.7.32	Bi name tomogha taina potapotana tuna gerubana da iyisisiya wiimasi, na wawaya sirutayini sipiikeni Iesu biidi, bi sivibabiini da imana debane iyatore da iyawa. 
MRK.7.33	Iesu tomoyina ivinaghokedari, da wawaya sikuyovedi bi yadi bata kawagha sinotaveyana, bi imakwarukwaruna tomoyina tainana bonayidiye itura bi imana ikanu da tomoyina pepana itupa towoyi. 
MRK.7.34	Tomoyina ivinuwapoyena kirakiiyenina, abame ikayogagawa, bi iviyawiiguri iwona bo, “Efata!” Noko sisiyina yana basuna “Kotamobubu!” 
MRK.7.35	Yaininagha tomogha tainana sitamobubu, bi pepana ivikuwamira da iyisisiya wiimasi. 
MRK.7.36	Na Iesu wawaya ivigesiyedi da geturaturadi siyawonedi da awaki itubugha. Na iwona wiiyoyowanedi, bi tudi gegha yana sisiya siyawaiyana bi sinagho wawaya korotodi sivimaghamaghataredi da metagha Iesu tomogha taina potapotana bi kawaneghaneghana iviyawiini. 
MRK.7.37	Raghanina wawaya noko sisiyina siwaiyaneni, na sinokeni bi siwona bo, “Tuna bera tupana yaberabera yapori. Wawaya taina potapotadi da kawaneghaneghadi yiyawiidi na sawaiyana bi bada sisisiya.”
MRK.8.1	Noko raghanine, wawaya korotodi siriyena mayeni. Bi mmko korotona kadi tamiina sikawara na gwabidiye sikovi, na Iesu kana kivikivina ikwatu wiitaghomidi sipiika, bi iwonedi bo, 
MRK.8.2	“Mmko korotona yawata tamake da gabudara aroba sikovi, bi kadi kam sikovi, na tagu ikanighughuvedi. 
MRK.8.3	Memeda ere-vitonanidi aniporadi sinanagho yadi bareye, na kedaye vitonana sinarabobo sinamameyedi. Basuna mududi na rabarabama sipiika.” 
MRK.8.4	Kana kivikivina siwona bodeni bo, “Getana iyabo mma iyamakamakena, da meme bred tanayuna bi mmkodi wawaya tanikanidi?” 
MRK.8.5	Bi Iesu ivitarakiiyanedi, “Bred yadi viya gwabimiye?” Tudi siwona bo, “Bred yadi seven (7).” 
MRK.8.6	Wasina noko korotona iwonedi da tanave simakeyowogha. Bi bred yadi 7 ikabidi da God biidi ivikiikiiwa, bi bred ikiyagima, da kana kivikivina iveredi da koroto siyarereyedi, bi sireregha da wawaya sikabi patadi. 
MRK.8.7	Tudi ighana gisigisidi viya bada gwabidiye, na ighana kiiravidiye God biidi ivikiikiiwa bi kana kivikivina iwonedi da wawaya siyarereyedi. 
MRK.8.8	Wasina wawaya tupadi sikam, da inunuridi. Bi kam kawatupodi peyaridi siyamakamake; na kana kivikivina kam kawatupodi siripu yadi 7 sivibonuvidi. 
MRK.8.9	Namana wawaya meboda 4,000. Bi muriyena Iesu wawayidi iviporadi sinagho yadi bareye. 
MRK.8.10	Yaininagha Iesu kana kivikivina teya wagae sigeru bi sinagho Dalmanuta kubure.
MRK.8.12	Tuna nuwanuwana kamone iviyawiiguri iwona bo, “Tami mmko inasina wumi awaki biidi God gwabinama matakira kiiravine kwiibaba? Isuwonemi, tami matakira kate gegha anabera da konakitana.” 
MRK.8.13	Wasina bi Iesu, 
MRK.8.14	Bi kivikivina gesiyanoghosi da bred siyakawara bi gwabidiye tanagha nama wagae. 
MRK.8.15	Wasina Iesu iwona wiiyoyowana iwona bo, “Kokita yapori da Perisis da Herod yadi yist getami kamomiye sinamakena. 
MRK.8.16	Kivikivina Iesu noko yana sisiyina sikaboveni bi tudimani siwona bo, “Memeda tuda bred gegha tayakawara, noko kiiravine yist ivisisiyeni.” 
MRK.8.17	Iyakovi da awaki siyanoghonoghosi na iwonedi bo, “Awaki kiiravine kwiinuwapoya da bred gwabimiye gegha? Bo patana gegha koyakakoviguna? Tami nuwanuwami sikotakii! 
MRK.8.18	Tami ere-matami bi gekoyakitakita yaporana! Bi ere-tainami bi gekoyawaiwaiyana yaporana! 
MRK.8.19	Konoghosi da metagha bred yadi 5 akiyagimagima wawaya 5,000 kiiravidiye. Bi kam wiikawatupo pinipinimidi siripu yadi viya kovibonuvidi?”
MRK.8.19	Na siwona bo, “Siripu 12.” 
MRK.8.20	Bi bada ivitarakiiyanena mayedi bo, “Bi raghanina bred yadi 7 akiyagimagima wawaya 4,000 kiiravidiye? Na kam wiikawatupo pinipinimidi siripu viya kovibonuvidi?”
MRK.8.20	Na siwona bo, “Siripu 7.” 
MRK.8.21	Bi kate iwona bo, “Da tami patana awaki awonemina gegha koyakovina?”
MRK.8.22	Wasina Iesu kana kivikivina teya sinagho Betsaida kwanatune. Bi name wawaya mududi tomogha mata potapotana sikabi sipiikeni Iesu biidi bi sivibabiin da iyakabi towoyi da iyiyawiini. 
MRK.8.23	Na Iesu tomoyina imana ikabi bi ivinaghokedari kwanatu sikanibu taveni maghatare. Bi tomoyina matana ikanu, bi imana matane itura kate iwoneni, “Awaki sawarina tana kwakitakita bo?”
MRK.8.24	Tomoyina ikayogagawa bi iwona bo, “Wawaya akitadi, bi kadi kita ware kii siyigadivivivira.”
MRK.8.25	Wasina imana tomoyina matane itura magha, na matana sikitarunagha da siyawa na sawara tupadi ikita yapora.
MRK.8.26	Bi Iesu iwoneni bo, “Gegha kunaveramagha meyagiiye, rotomanina kunagho yam bareye.”
MRK.8.27	Wasina bi Iesu kana kivikivina teya sinagho meyagii mududi Sisiriya Piripai ririne. Siyanonona kedaye, kana kivikivina ivitarakiiyanedi, “Wawaya sawonawona da tagu na iyabo?”
MRK.8.28	Tudi siwona bo, “Wawaya mududi sawona da Jon 
MRK.8.29	Bi ivitarakiiyanedi bo, “Bi bada tami, kowonegu da tagu na iyabo?” Pita iwona bodeni bo, “Tam na Keriso, God yana 
MRK.8.30	Bi Iesu iwona wiiyoyowanedi da gegha wawaya sinawonedi da tuna Keriso.
MRK.8.31	asina bi awaki inatubugha tuna biidi na idagu kana kivikivina iniyevevedi. Iwona bo, “Tagu, God yana 
MRK.8.32	Iesu mmkodi bera debagha iyisisiya na Pita ikabireni ririne bi ikini iwoneni da gegha yana sinivisi da rabobo iyisisiyana.
MRK.8.33	Bi Iesu imiiriwamira da kana kivikivina ikitadi bi Pita ikini iwonaghakiyeni bo, “
MRK.8.34	Wasina bi Iesu noko koroto da kana kivikivina ikwatuvedi sipiika tuna biidi bi iwonedi bo, “Memeda iyabo kivinigu inakayovenina, yana wiina inakuyoveni bi yana korosi inakabi da inakawari 
MRK.8.35	Iyabo yana wiina kubura yawana kedane make inakayovenina, tuna yawa makewaghawaghasina iniwapeni. Bi iyabo yana wiina sawaridi inakabitura da tagu inakivinigu bi wara miisena inakabisisireni, na yawa makewaghawaghasina inakabi. 
MRK.8.36	Bi meboda wawaya tana yana wiina sawaridi tupadi mmko kuburine inayuna bi gegha yawa makewaghawaghasina inakabina, nokodi sawara tupadi gesiniwiitenina. 
MRK.8.37	Basuna meboda wawaya yawa makewaghawaghasina iniwapeni, na kate gegha awakima inimiisana da yawa inagimona mayenina. 
MRK.8.38	Memeda wawaya iyawogha kata samakamake na yadi kayowana beroberodi saberabera da samiiri kubutegu. Bi kate tagu bi yagu wiiyeveveyana sinisinighiighiiyeni, na muriye tagu God yana 
MRK.9.1	Bi kate Iesu iwonena mayedi, “Tagu isuwonemi, tami mudumi mma gekonarabobo patana da God konakita inapiipiika ere-maragasina wawaya wiibadedi kiiravine.”
MRK.9.2	Gabudara six (6) sikovi murine na Iesu, Pita, Jemes da Jon kawagha irutayinidi bi ivinaghovedi tudiduma sigae koya kiidamove, bi name kana kita ivibogae tudi matadiye.
MRK.9.3	Kana kwama siyikarakeyana bi sipoe kirakii. Getana iyabo mmko kuburine rubana da iyakogha da naboni siyapoena. 
MRK.9.4	Wasina bi Elaija da Mosis sirumaghatara da Iesu teya siyisisiya.
MRK.9.5+MRK.9.6	Pita da nokodi kivikivina bata sinaghara kirakii na gegha iyakovi da metagha iyisisiya, na Iesu iwoneni bo, “Abawiiyeveveyana, imiise kirakii da tuda mma. Tumii yobe aroba kanayoghanidi, tana tam, tana Mosis, bi tana Elaija.”
MRK.9.7	Wasina bi karekarewa irumaghatara da tupadi isowodi bi God nama karekarewa kamone iwona bo, “Mmkona tagu natugu iyabo avinuwayuyuneni. Kowaiyaneni!” 
MRK.9.8	Rotomanina kivikivina sikita wiininogha bi getana iyabo siyakitana, wasina Iesu kawagha nama.
MRK.9.9	Wasina koyama siyayoyona, Iesu iwona wiiyoyowanedi da gegha noko raghanine siyimaghamaghatara da awaki koya debane sikitana. Bi patana da God yana 
MRK.9.10	Na Iesu sikabi sisireni da wawaya gesiyawonedina bi tudimani siyisisiya kabivivirana, “Awaki basuna Iesu iwona da raboboma geghomiiri magha?”
MRK.9.11	Wasina bi sivitarakiiyaneni bo, “Awaki kiiravine God yana gwara kana wiiyeveveyana damdi sawona da dagudagune Elaija inaveramagha bi muriyena God yana 
MRK.9.12	Iesu iwonabodedi bo, “Noko wiisuwona, Elaija yinagho yapiika bi sawara tupadi yakabununagha da Keriso yana piikina kiiravine. Bi bada awaki kiiravine God warana meko sigirumi na bada yawonawona da tagu God yana 
MRK.9.13	Isuwonemi, Elaija nada ipiika bi wawaya yadi kayowana sibera tuna biidi. Noko awaki itubugha na, naboni ware naghove waghata God warana sigirumina kamone tuna kiiravine.” 
MRK.9.14	Iesu kana kivikivina aroba yawata koyama siveramagha siyowogha, na koroto ghamana sikitadi kivikivina turaturadi sigwagwaridi, bi gwara kana wiiyeveveyana damdi teya siyikawakereyana. 
MRK.9.15	Raghanina wawaya Iesu sikitana, sinokena kirakiiyeni bi sivera sinagho da sivikiikiiveni.
MRK.9.16	Kana kivikivina ivitarakiiyanedi bo, “Tami awaki kiiravine tudi teya kwiikawakereyana?”
MRK.9.17	Tomogha koroto kamone iwona bodeni, “Abawiiyeveveyana, kanuma berona irughu natugu kamone na gerubana inisisiya, na apiikeni tam biidi. 
MRK.9.18	Bi raghanina kanuma berona yana maragata tomogha gisigisi kamone yadaguni na, yitavenayowoyeni tanave, bi ere-kawapuropurona, nighona yitaragiigiiyeni, da yapatokii. Kam kivikivina avibabiidi da kanuma berona siyikanibuveni, bi gerubana siyaberana.”
MRK.9.19	Iesu iwonabodedi bo, “Agii da tami, gekoyigeruvegu! Nada mmko raghani gurina tagu tami teya tamake! Raghani viya tagu yami vita anakawari? Tomogha gisigisi kopiikeni mabo!” Na sipiikeni tuna biidi.
MRK.9.20	Bi raghanina kanuma berona Iesu ikitana, tomogha gisigisi inukeni da iviparoroni, na ibeku tanave bi ere-kawapuropurona ivikuwamiwamira. 
MRK.9.21	Iesu tomoyina tamananaki ivitarakiiyaneni bo, “Awaki raghanine mmko gubagina gwabine idagu?”
MRK.9.21	Iwonabodeni bo, “Raghanina dodone bi irumaghatara. 
MRK.9.22	Kanuma berona iwiini da iyirabobo na raghani ipeyari ibera da keyame ivitavenageyeni bi rarime ivitavena yowoyeni. Bi meboda tam rubamna, kuyikanighughuvemii da kuyiwiitemii.”
MRK.9.23	Iesu iwoneni bo, “Metagha kuwona da, ‘Meboda tam rubamna?’ Iyabo yigeruvegu, na rubana God bera tupadi kiiravine inabera!”
MRK.9.24	Yaininagha simira tamananaki ikwatu iwona bo, “Tagu igeruvem. Bi yagu wiigeruwana geiyaragata, na kiwiitegu da inaragata kamogha!”
MRK.9.25	Raghanina Iesu ikitada noko korotona sivera siyapiipiika, na kanuma berona ikini iwonaghakiyeni bo, “Tam kanuma berom, wawaya kwaberadi da tainadi sapota bi kate gesiyisisiyana, awonewonem tomogha gisigisi kanibutaveni bi gekunarughukura mayenina!”
MRK.9.26	Kanuma berona irukwatu, bi tomogha gisigisi inuke kirakiiyeni, da ivikanibutaveni. Na kana kita ware sirage, bi wawaya korotodi nama siwona bo, “Tuna irabobo!” 
MRK.9.27	Na Iesu imana ikabi bi itaiyina wiigeghomiiri da imiiri.
MRK.9.28	Muriyena Iesu irughu bare kamove, na kana kivikivina tudi kawaghana wiikowoye, sivitarakiiyaneni bi siwona bo, “Awaki kiiravine tumii gerubana da kanuma berona kayikanibuveni?”
MRK.9.29	Bi iwonedi bo, “Mmko kanuma berona naboni na, tuda gerubana tanikanibuveni, wasina kiiravine memeda tanarupari.”
MRK.9.30+MRK.9.31	Wasina Iesu kana kivikivina teya noko kuburina sikuyoveni, da kubura Galili sivera rughuwoneni. Kana kivikivina iyiyevevedi na geiyakayoveni da wawaya siyakovida tuna noko kuburina kamone na iyawonawona bo, “Kagu aviya siniwaghasina da tagu God yana 
MRK.9.32	Naboni ivisisiya, na yana wiiyeveveyana gegha siyakovi, na sinaghara da gesiyitarakiiyaneni.
MRK.9.33	Wasina Iesu kana kivikivina teya siveramagha Kaponiyamma na sirughu bare kamove, bi ivitarakiiyanedi bo, “Kedaye awaki kiiravine koyigamowana?”
MRK.9.34	Tudi sivikawapotapota, basuna kedaye sivigamowana vivirana da kamodiye iyabo kana waghawagha ghamana.
MRK.9.35	Iesu imake wiipikapika, bi yana 
MRK.9.36	Simira tana imana ikabi itainariya bi basudiye ikabiwiimiiri. Bi imana simira borinagha itaraghuni bi iwonedi bo, 
MRK.9.37	“Iyabo kagu waghawaghaye simira mmko naboni inakayowiiyayeni, na getuna kawagha bi tagu teya yakayowiiyayegu, bi iyabo tagu yakayowiiyayegu, na gegha tagu kawagha iyakayowiiyayeguna, bi kate iyabo iviporaguna yakayokayowiiyayeni.”
MRK.9.38	Bi Jon iwoneni bo, “Abawiiyeveveyana, tumii tomogha tana kakita kam waghawaghaye kanuma beroberodi iyikanibuwana. Na kavigesiyeni da geinabera mayenina basuna tuna gegha tuda kwiinada.”
MRK.9.39	Na Iesu iwona bo, “Gegha konigesiyeni. Gerubana wawaya iyabo kagu waghawaghaye 
MRK.9.40	Iyabo gegha kada aviya na tuda kwiinada. 
MRK.9.41	Tagu isuwonemi, memeda wawaya iyabo wiiwiita gisina inaveremi, naboni rarima inighu bi inaveremina basuna tamina kagu kivikivina, na yana miisana kate gegha iniwapeni bi inakabi.”
MRK.9.42	Iesu ivisisiya wiikaru iwona bo, “Memeda iyabo wawaya gisina tana ware mmko simirina naboni, tagu yigeruvegu bi inaberani da berone inarughu, na God kate aro berokirakiina inavereni. Memeda gegha naboni akima ghamana kanighone sayiratawani bi sitavena yowoyeni yegiiyena, noko gegha aro ghamana na. 
MRK.9.43+MRK.9.44	Yami yawa kokita yapora, memeda imam inaberam da berone kunarughu, na kasiyarayi. Imiise kirakii da imam tanagha bi kunarughu God yana wiikiiwawo kamone kunamake, bi ibero kirakii da imam bata bi kunarughu keyama karakarasine, keyamina karata makewaghawaghasina. 
MRK.9.45+MRK.9.46	Bi memeda kayem inaberam da berone kunarughu, na kasiyarayi. Imiise kirakii da kayem tanagha bi kunarughu God yana wiikiiwawo kamone kunamake, bi ibero kirakii da kayem bata bi sinitavena rughuvem keyama karakarasine. 
MRK.9.47	Bi memeda matam inaberam da berone kunarughu, na kutupawiisi. Imiise kirakii da matam tanagha bi kunarughu God yana wiibadana kamone kunamake, bi ibero kirakii da matam bata bi sinitavena rughuvem keyama karakarasine.
MRK.9.48	Noko kuburina kamone, ‘Na miikopu wawaya sakamkam na gemeyani sinarukwana, bi keyamina gegha meyani inapekina.’ 
MRK.9.49	Kagu kivikivina tupadi ruyagha vitadi sinabanana mekodi damidi ware keyama, bi mmkodi ruyagha kamodiye na inaberadi da sinamiise na yadi wiigeruwane sinimaragata, naboni ware yegii kam iyimetevina.
MRK.9.50	Yegii tuna sawara miisena, bi memeda yana metewa maragasina inakovina, gegha rubana tanabera da inayegii maghana. Memeda waghawagha ghamana kiiravine konigamowana, na tami naboni ware yegii yana metewa yakovina. Genaboni konaberana, bi kobera da kam yegiima teya yatawoghana - nuwaruririye komake patapata.
MRK.10.1	Iesu Kaponiyam ikuyoveni, bi inagho Jiudiya kubure da Jodan rarimina itowawoneni inagho raghani matana nawane. Bi wawaya korotodi tuna biidi sipiika magha, na nonowa yaberaberana naboni iyiyevevedi.
MRK.10.3	Iwonabodedi bo, “Mosis gwara iveremina kamone awaki iwoneni?”
MRK.10.4	Tudi siwona bo, “Mosis yana gwara iviwaghasina da tomogha wiiyakira sisiyina inagirumi bo, ‘Gegha ayawiiwiinimna kunagho taveyana,’ bi sisiyina igirumina wavinena inavereni bi muriye inipora taveni.” 
MRK.10.5	Bi Iesu iwonabodedi bo, “Tami nuwanuwami gegha siyatamotatarana bi gayamimi siviakima, noko biidi Mosis mmko gwarana igirumi tami kiiravimiye. 
MRK.10.6	Bi konoghosi da dagudagune, raghanina God wawaya iberadina, ‘Tomogha da wasike iberadi.’ 
MRK.10.7	‘Na tomogha tamananaki da sinananaki inakuyovedi, bi inanagho wavinena teya sinikapudi sinamake, 
MRK.10.8	bi yadi bata na ware tubugha tanagha.’ Na gegha muriye yadi bata bi tudi tanagha. 
MRK.10.9	Bi awaki God ikasiwiikapu, na gegha iyabo inibogabogaedina.”
MRK.10.10	Muriye siveramagha bareye na, kana kivikivina mmko sisiyina kiiravine sivitarakiiyaneni. 
MRK.10.11	Iesu iwonabodedi bo, “Memeda tomogha wavinena yiyakiri bi wasike bogae yarawayi, na wavinena katamanina yitutuwiiyogho bi God matane na bera berona. 
MRK.10.12	Kedana mayimayiyine, memeda wasike moghanena yiyakiri bi tomogha bogae yarawayi, na moghanena katamanina yitutuwiiyogho.”
MRK.10.13	Wasina wawaya mududi ededa sirutayina sipiika Iesu biidi da imana debadiye iyatura bi iyarupari da God iyimiiseyedi, bi kana kivikivina taghunudinaki sivigesiyedi. 
MRK.10.14	Iesu mmko ikitana nuwanuwana ipughu bi kana kivikivina iwonedi bo, “Ededa kokuyovedi sinapiika kurigu, gekonitara babaranedi, basuna wawaya mmkodi ededa naboni na God yana wiikiiwawo kamone sinamake. 
MRK.10.15	Isuwonemi, memeda wawaya tana gegha iyinuwamiise da God yana wiibadana iniwaghasineni naboni mmkodi ededidi saberana, na kate gegha meyani God yana wiikiiwawo kamone inamakena.” 
MRK.10.16	Wasina bi ededidi iyuna da manonone ivimakedi, bi imana debadiye itura bi irupari da God iyimiiseyedi.
MRK.10.17	Wasina, noko raghanine Iesu igeghomiiri iyanono na kedaye, tomogha tana ivera ipiika da naghone ivituwaporeoghogheyana bi iyitarakiiyaneni bo, “Abawiiyeveveyana miisem, awaki anabera da yawa makamakewaghasina anakabi?”
MRK.10.18	Bi Iesu iwoneni bo, “Awaki kiiravine kuwonegu da miisegu? Gegha tana iyabo miisena, wasina God kawagha miisena. 
MRK.10.19	Wasina, yam wiitarakiiyana kiiravine, na God yana gwara nada kwakovidi: ‘Gegha kunakasunugha; gekam kawakapu kunituwiiyoghona; gekunayapina; gekwiinam wiiyabama kuniwawu beroveni; gewiiyabama wawaya yadi mura kunayuna; tamamnaki da sinamnaki kabi karawayedi.’” 
MRK.10.20	Bi tomoyina iwona bo, “Abawiiyeveveyana, raghanina dodoguve da patana kata, mmkodi gwaradi akivikivina.”
MRK.10.21	Bi Iesu tomoyina iyakitakitana ivinuwayuyuneni na iwona bo, “Bera tanagha patana isiwana. Kunagho da yam mura kunigimona bi manena moyaka kuveredi, bi yam miisana na kate abame God gwabinama kunakabi. Wasina naboni kunabera murinena, piika kunakivinigu.”
MRK.10.22	Tomoyina imura kirakii na geiyawiini da yana mura iyavere taveyana na raghanina mmko sisiyina iwaiyana na ivinuwapoya bi ere-nuwavisina inagho.
MRK.10.23	Wasina Iesu ikita wiipata bi kana kivikivina iwonedi bo, “Ipiropiro kirakii da mura wawayidi sinavere mayedi bi God siniwaghasineni da inibadedi.”
MRK.10.24	Kivikivina yana sisiya kiiravine sivisokovena kirakiiyeni. 
MRK.10.25	Ipiropiro da ribiribi ghamana kana waghawagha kamel inobu mata bonayine inarughuwona, bi bada ipiropiro kirakii da tomogha mumurina iniwaghasina da yana yawa God inibadeni.”
MRK.10.26	Kana kivikivina sinokena kirakiiyeni bi tudimani sivitarakiiyana kabivivirana, “Meboda naboni, na iyabo bada yawa makamakewaghasina inakabi?”
MRK.10.27	Iesu ikitadi bi iwona bo, “Wawaya gegha rubana siniyawii mayedina, bi God na wasina basuna tuna bera tupadi rubana inabera.”
MRK.10.28	Bi Pita iwona bo, “Wasina, bada tumii metagha? Yama mura nada waghata kakuyowana bi tam kakivinim.”
MRK.10.29	Iesu iwona bo, “Wiisuwona awonewonemi, memeda iyabo yana bare, warewaresina, nughunughuna, sinananaki, tamananaki, natunatuna bo kana tarana inakuyowana da inakivinigu bi wara miisena tagu kiiraviguve wawaya mududi inawonedina, 
MRK.10.30	God miisana ghamana debane inatore mayeni bi inavereni mmko yawane. Na naboni bare, warewaresina, nughunughuna, sinananaki, natunatuna da tarana inayuna, bi wawaya bada sinikayotaketowaneni, bi raghani yapiipiikana, yawa makamakewaghasina inakabi. 
MRK.10.31	Bi iyawogha kata korotodi sivinaghona noko raghanine na sinimuri, bi iyawogha kata korotodi sivimurina noko raghanine na sininagho.
MRK.10.32	Tudi kedagha sipepewa siyagege Jerusalemma, na Iesu ivinagho bi kana kivikivina sivimuri. Na sikabinokeni, bi wawaya iyawogha murigha siyakivikivinina sinaghara. Wasina bi kivikivina yadi 12 ikabirena mayedi, bi iwonedi da mekodi beradi tupadi raghani muriye tuna biidi sinatubugha 
MRK.10.33	na iyawonewonedi, “Kowaiyana, tagege Jerusalemma, bi nama wawaya tana, tagu God yana 
MRK.10.34	Sininamayeni, sinakanuni da sinakwapuni bi sinakasunuyi. Bi gabudara aroba murine na raboboma inageghomiiri magha.”
MRK.10.35	Muriye na Jemes da Jon, Zebedi natunatuna, sipiika Iesu biidi siyawonawona bo, “Abawiiyeveveyana, awaki kanibabiim na kunabera, yama kayowana da tam kiiravimiiye kunabera.”
MRK.10.36	Na ivitarakiiyanedi bo, “Yami wiina awaki anabera kiiravimiye?”
MRK.10.37	Siwonabodeni bo, “Raghanina yam wiikiiwawo gabudarine wawaya kunibadedina, kuniwaghasinemii da yawata tanimakerereghana, tana katiiyamve bi tana dugemve.”
MRK.10.38	Bi Iesu iwonedi bo, “Gekoyakovi da awaki kiiravine kwiibaba. Tami rubami, da ananiuna na redunama konanina, bo rubami kona
MRK.10.39	Bi siwoneni bo, “Tumii rubamii!”
MRK.10.39	Bi Iesu iwonedi bo, “Redu ananiuna na konanina, da konababataito naboni tagu anababataitona. 
MRK.10.40	Bi gegha rubana anavinegha da tanimake rereghana, iyabo katiiyaguve inamake bi iyabo dugeguve. God iyawogha ivineyidina nokodi gawara inaveredi.”
MRK.10.41	Raghanina kana kivikivina yadi 10 mmko siwaiyanenina, nuwanuwadi sipughu Jemes da Jon biidi. 
MRK.10.42	Na ikwatuwiitaghomidi sipiika bi iwonedi bo, “Tami nada kwakovi da iyawogha kubumakamake damdi yadi kiikiiwawo, bi yadi kayowane sinibada, na nokodi babada wawaya wiitupaketowane sakoyayidi. 
MRK.10.43	Na tami, gegha naboni konigubegubeyana. Bi iyabo yana kayowana inibada, na tuna wiibagubagurana. 
MRK.10.44	Bi iyabo yana kayowana ininagho, na inabera da tuna wawaya tupadi yadi bagubagurana. 
MRK.10.45	Berana mayimayiyina, 
MRK.10.46	Wasina bi Jeriko kwanatune sinokanibu. Bi muriye, Iesu kana kivikivina teya da koroto ghamana Jeriko siyakuyokuyoveni, na tomogha tana matapotapotana kana waghawagha Batimias, Timias natuna, keda ririne iyamakamake bi iyipepeyana. 
MRK.10.47	Raghanina iwaiyana da Iesu Nasaret tomogha iyapiipiikana, irukwatu iwona bo, “Iesu, David natuna kuvinuwanuwanegu!” 
MRK.10.48	Wawaya korotodi sikini bi siwoneni bo, “Kuviraborabobo!” Bi ivikawakeke irukwatu gwaru, “David natuna, kuvinuwanuwanegu!” 
MRK.10.49	Na Iesu ivituramiiriyeni bi iwona bo, “Kokwatuveni inapiika mabo.”
MRK.10.49	Na tomogha matapotapotana sikwatuveni siwona bo, “Kinuwamiise! Geghomiiri! Yakwatukwatuvem.” 
MRK.10.50	Na yana sowo ivirupiitaveni, igeghomiiri ivikapoka bi ipiika Iesu biidi. 
MRK.10.51	Wasina ivitarakiiyaneni iwona bo, “Awaki yam wiina, kiiravimve anabera?” Tomogha matapotapotana iwonabodeni bo, “Abawiiyeveveyana, akayokayoveni da anakita magha.” 
MRK.10.52	Iesu iwoneni bo, “Yam wiigeruwana iviyawiim, kunagho.” Yaininagha ikitarunagha bi kedagha Iesu ikivini.
MRK.11.1	Raghanina Iesu kana kivikivina teya Jerusalem siyitutukabikabina, Betapage da Beteni kwanatudi riridiyena sipiika koya kana waghawagha Oliv koyane. Bi kana kivikivina bata iviporadi sivinagho 
MRK.11.2	bi iwonedi bo, “Konagho korughu noko meyagiina naghomiye. Raghanina konanokanibuna name, na donki wotuna 
MRK.11.3	Memeda wawaya sinitarakiiyanemi bo, ‘Awaki kiiravine mmko koberabera?’ kowonedi bo, ‘Bada yawiiwiini bi kate inipora inaveramagha.’”
MRK.11.4	Wasina sinagho da donki wotuna sibanani, maghatare kedaye, bi bare tana matamketana ririne koghore sayiratawani bi raghanina siyaruparupamina, 
MRK.11.5	wawaya mududi riridiye siyamiimiirina sivitarakiiyanedi, “Awaki kiiravine donki wotuna koruparupami?”
MRK.11.6	Na tudi metagha Iesu iwonedina naboni wawaya siwonedi, na siviwaghasinedi da sirutayini. 
MRK.11.7	Wasina donki wotuna sirutayini sipiika Iesu biidi bi yadi sowo sivitavenagegeyana kubukiine, bi Iesu debane imakegae. 
MRK.11.8	Bi wawaya korotodi yadi sowo sirutatara keda debane sikepana bi mududi kii ghabighabi ere-rugurugudi kwabuma siyaraghana kedaye sikepana. 
MRK.11.9	Bi wawaya naghone da iyawogha murine siyakivikivinina sikara yewoveni
MRK.11.9	“Hosanna!
MRK.11.9	Tam, God kana waghawaghaye kwapiipiika na kakabekabepepim.
MRK.11.10	Nosida David yana kunukunuma tam kwapiipiika kunibademii na kakabekabepepim!
MRK.11.10	God abame makamakena kakabekabepepi!”
MRK.11.11	Iesu Jerusalemma inokanibu na inagho God yana bareye irughu. Bi sawara tupadi nama ikita yapoyaporidi. Bi noko murine, nada iravidi na tuna da kana kivikivina yadi 12 yawata sikanibu sinagho Betenima.
MRK.11.12	Raghani ibori bi Iesu kana kivikivina teya Beteni sikuyoveni siyaveraveramagha Jerusalemma, na vitonana damina ikabi. 
MRK.11.13	Rabarabama ikitawiivera da kiiuwa kiina kana waghawagha kogheya inumo na ikita, na inagho iyakita da iuwagha bo gegha. Bi raghanina ipiika kiinena, ikita da rugurugu kawanagha, basuna gegha kogheya kana iri. 
MRK.11.14	Na kogheya kiina iwoneni bo, “Gegha tana iyabo uwam inakamtowogha mayemna!” Na kana kivikivina mmko sisiyina siwaiyaneni.
MRK.11.15	Raghanine Jerusalemma sinokanibuna, Iesu irughu God yana bare garina kamone 
MRK.11.16	bi gegha tana iyabo iyiwaghasineni da wiigimona sawaridi God yana bare garina kamonagha iyakawara iyarughuwonana. 
MRK.11.17	Bi iviyevevedi iwona bo, “God wonana buka kamone nada sigirumina iwona da, 
MRK.11.17	‘Yagu bare na sinakwatuveni da tuna rupari barena, wawaya damvedamve kiiravidiye, bi tami kobera da naboni yapiyapi damdi yadi kowokowogha.’” 
MRK.11.18	Na 
MRK.11.19	Wasina ravidiyena kana kivikivina teya 
MRK.11.20	Raghani ibori didibare, bi kedagha sipepewa siyanono Jerusalemma, na kogheyina kiina sikita. Tuna irabobo iyowogha inagho ramramne. 
MRK.11.21	Pita inoghosi da awaki itubugha na Iesu iwoneni bo, “Abawiiyeveveyana, kukita kogheya kiina kuvimagina irabobo!”
MRK.11.22	Iesu iwonabodedi bo, “God kovigeruveni! 
MRK.11.23	Isuwonemi, da iyabo mmko koyana inawoneni, ‘Geghomiiri bi yegiiye kitavena yowoyena mayem’, bi nuwanuwana kamone gegha ininuwabata, bi inigeruwana da awaki iwona na inatubugha, na God inabera kiiravine. 
MRK.11.24	Yana basuna mmko kiiravine awonewonemi: Raghanina kwarupari bi sawara kiiravine kwiibaba, kigeruwana da nada kukabi, na awaki kiiravine kunibaba na kunakabi. 
MRK.11.25+MRK.11.26	Bi raghanina kwageghomiiri da kwarupari, bi iyawogha berona tam biidi siberana kunanoghota tavedi, na noko tamamnaki abame kate yam tamumu inanoghota tavedi.”
MRK.11.27	Iesu kana kivikivina teya Jerusalemma sivera kanibu magha, bi raghanina God yana bare garina kamonagha iyapepepewa, na 
MRK.11.28	bi sivitarakiiyaneni bo, “Awaki maragasina kukabi da mmkodi beradi kubera? Bi iyabo mmko maragasina iverem?” 
MRK.11.29	Iwonabodedi bo, “Wiitarakiiyana tana anawonemi, bi tami wonabodeyana konaveregu, na anawonemi da awaki maragasine mmkodi beradi abera. 
MRK.11.30	Kowonegu, Jon mema yana maragata ipiika na iyabababataito: God gwabinama bo wawaya?” 
MRK.11.31	Na wiikawakereyana tudimani kamodiye sidaguni, “Awaki tanawoneni? Memeda tanawona bo, ‘God gwabinama,’ na inawona bo, ‘Awaki kiiravine gegha Jon koyigeruvenina?’ 
MRK.11.32	Bi meboda tanawona bo, ‘Wawaya gwabidima’ na kate bi koroto sinanuwatupa tuda biidi.” (Na tudi koroto sinagharedi, kiiravine wawaya tupana sinoghosi da Jon na 
MRK.11.33	Na Iesu siwonabodeni bo, “Tumii gegha kayakovi.” Na iwonedi bo, “Wasina gegha anawonemi, da awaki maragasine mmkodi bera abera.”
MRK.12.1	Wasina Iesu miibama iwonedi bo, “Tomogha tana kwabuve wain 
MRK.12.2	Raghanina kabipura gabudarina ipiikana, kwabu wiibadana yana wiitamariyana tana ivipora inagho kwabu bagibagi damdi biiyadi, da kana reregha kabipura kamonama iyakabi. 
MRK.12.3	Bagibagi damdi, wiitamariyana siburavi, da sigudani, bi ima kawanagha sivipora iveramagha. 
MRK.12.4	Wasina wiibadana yana wiitamariyana tana ivipora; bi kwabu bagibagi damdi gayamina siruvi bi siwona wiisinimayamayayi. 
MRK.12.5	Na yana wiitamariyana tana bada ivipora, na tuna bada sikasunuyi; bi wiitamariyana mududi kedana mayimayiyina sivikayoberowanedi, mududi siruwa bi mududi sivikasunughana.
MRK.12.6	Kwabu wiibadana wawaya tanagha imake da iyipora na tomoyina tuna wosina natunuwana. Tughura waghate, na natuna ivipora inagho bagibagi damdi biiyadi bi iwona, ‘Anoghonoghosi da natugu sinakabikarawayeni.’ 
MRK.12.7	Bi gegha, nokodi bagibagi damdi tudimani sivisisiya vivirana, ‘Mmkona kwabu wiibadana natuna. Kopiika, tanakasunuyi, bi yana kwabu na tanirapeneni.’
MRK.12.8	Na tomoyina natuna siburavi bi sikasunuyi da tubuyina sivitavena kanibuveni kwabu garina kubune.
MRK.12.9	“Awaki, bada kwabu wiibadana inabera? Inapiika da bagibagi damdi inikasunughana, bi wudi imadiye yana kwabu inatore. 
MRK.12.10	Wiisuwona, God wonana kamone nada kokabiyavidi da iwona,
MRK.12.10	‘Akima meko abayoghayoghana sivisinighiighiiyeni na kata iviakima kiitowana
MRK.12.11	Mmko berana Bada ibera, ayagha matadaye yinuwakayowana.’”
MRK.12.12	Jius babada sibera towoyi da siyaburavi, basuna sakovi da Iesu mmko iyisisiyeni na tudi kadi miiba. Bi gegha, da koroto sinagharedi, na sikitawiitaveni da sinagho.
MRK.12.13	Muriyena Jius babadidi, 
MRK.12.14	Sipiika bi siwona bo, “Abawiiyeveveyana, kakovi da wonawaghata kwiisisiyedi, bi wawaya awaki siyanoghonoghotana gekuyinuwapoyedina. Gegha kuyanoghonoghosi da kadi waghawagha ghamadi, bi tam wiisuwone God yana keda kwiiyeveveyana wawaya biiyadi. Kuwonemii, wasina da teks tanimiisana Sisa
MRK.12.15	Bi iyakovi da siyaberabera towoyi da siyiyabeni
MRK.12.16	Na denarius tana sikabi sivereni, bi ivitarakiiyanedi bo, “Mmkona iyabo gubana da kana waghawagha?”
MRK.12.16	Tudi siwona bo, “Sisa.”
MRK.12.17	Na Iesu iwonedi bo, “Wasina awaki Sisa rapene na Sisa kovereni bi awaki God rapene na God kovereni.” Bi yana sisiya sivisokoveni.
MRK.12.18	Sadusis
MRK.12.19	“Abawiiyeveveyana, Mosis God yana gwara igirumi kiiravimiiye mma naboni: Memeda tomogha inarabobo da wavinena inakuyoveni bi natunatuna gegha, na tomoyina waresina tana kwaburina inarawayi da sinituwa, bi nokodi ededidi na naboni waresina raborabobona natunatuna. 
MRK.12.20	Raghani tana tomotomogha rakarakadi yadi 7. Iyarokona wasike irawayi, bi gegha siyituwa bi irabobo. 
MRK.12.21	Na tiinaru murine kwaburina irawayi, gegha siyituwa bi irabobo. Berana mayimayiyina tomogha kana wiiaroba biidi itubugha inayi bi irabobo. 
MRK.12.22	Nokodi rakarakadi yadi 7 wasikena sirawayi, gegha siyituwa bi sirabobo. Tughurinena wasikena irabobo. 
MRK.12.23	Kata, raghanina raborabobodi tupadi geghomiiri magha gabudarine sinageghomiiri, na tuna iyabo wavinena? Basuna yadi 7 tupadi sirawayi.”
MRK.12.24	Iesu iwonabodedi bo, “Tami yami noghota sisiwana! Yana basuna God wonana bo yana maragata gegha koyakovina. 
MRK.12.25	Raghanina wawaya raboboma sinageghomiiri, na tudi naboni aneyaneya abame bi gegha sinanayina. 
MRK.12.26	Bi kata, wawaya raboboma sageghomiiri magha kiiravine, na memeda nada kokabiyavi da awaki Mosis yana bukaye igirumina, raghanina God irumaghatara tuna biidi kiikiiruku iyakarakarasina kamone. Name God Mosis iwoneni, ‘Tagu Abraham yana God bi Aisak yana God bi Jakob yana God.’ 
MRK.12.27	Na noko biidi na tanakovi da God na gegha wawaya raborabobodi yadi God bi wawaya yawayawiidi yadi God. Na yami noghota tupadi siwasiwanidi.”
MRK.12.28	God yana gwara kana wiiyeveveyana tana ipiika, bi Iesu da Sadusis naboni siyikawakereyana na iwaiyanedi. Iwaiyana da Iesu iwonabodena wiimasiyedi, na ivitarakiiyaneni, “God yana gwara meko iragata kirakii?”
MRK.12.29	Iesu iwona bo, “Gwara meko igekirakii na mmko: ‘Israel dammi, kowaiyana! Bada yada God, tuna kawagha Bada. 
MRK.12.30	Bi God nuwanuwam tupana, kanumim tupana, yam noghota bi yam maragata tupadima kinuwayuyuneni.’ 
MRK.12.31	Gwara kana wiibata ghamanakina mma naboni: ‘Turaturam kuvinuwayuyunedi mayimayiyina tam mani kwiinuwayuyunemna.’ Mmkodi gwaradi bata na siragata kirakii, genaboni mududi.” 
MRK.12.32	Gwara kana wiiyeveveyana tomoyina iwona bo, “Abawiiyeveveyana, kuvisisiya wiimasi, wiisuwona da God tanagha, bi gegha god tana nama ririnena. 
MRK.12.33	God nuwanuwada tupanama, yada noghota tupanama bi yada maragata tupanama taninuwayuyuneni. Bi turaturada taninuwayuyunedi mayimayiyina naboni tudamani tinuwayuyunedana. Mmkodi gwara yadi bata kabisisiredi na sigekirakii gegha naboni ribiribi tagibudi da God biidi tasuwarana bi kate suwara mududi.”
MRK.12.34	Iesu iyakovi da tomogha noghota miisenama iwonabodeyana, na iwoneni bo, “Tam gegha iyarabaraba da God yana wiibadane kunarughu.” Na wawaya sinaghara da getana iyabo wiitarakiiyana mududi iyawonenina.
MRK.12.35	Raghanina Iesu God yana bare garina kamone iyiyeveveyana, na iwona bo, “Awaki kiiravine gwara kana wiiyeveveyana damdi sawona da Keriso na David tubuna? 
MRK.12.36	Kanuma kabikabikuwayina David ivinuwasisiri na iwona bo, ‘Bada God yagu Bada iwoneni, “Mabo katiiyaguve kumakekira bi kam aviya anakabidi da kaye rogumve anatoredi.”
MRK.12.37	David tuna mani Keriso ikwatuveni da yana Bada. Na metagha konoghonoghosi, Keriso na tuna David tubuna bo?” Koroto ghamana Iesu yana sisiya nuwamiiseye siyawaiwaiyaneni.
MRK.12.38	Iesu iyiyevevedina, iwona bo, “Kokita yapori da gwara kana wiiyeveveyana damdi gegha siniyabemina. Tarasowo rukarukaruwanidi siniyagha bi sinapepewa, bi yadi wiina wawaya kabikarawaye sinikiikiivedi wiigimona gawaridiye. 
MRK.12.39	Bi yadi wiina makamake gawaridi miisedi 
MRK.12.40	Bi sarupari wiiguriguri na wawaya sanaghosi da tudi kabikabikuwayidi, bi kwabukwabura yadi bare sakita kirorovedi na siyabedi da baredi sirapeneyana. Mmkodi wawayidi, na God aro ghamanakina inaveredi.”
MRK.12.41	Iesu suwara kabomidi gawarina riridiye imakekira God yana bare kamone, bi wawaya metagha mane siyatutura na iyaruru wiitetedi. Wawaya mumuridi korotodi mane peyaridi siyatutura. 
MRK.12.42	Wasina bi kwabura moyamoyakina ipiika da kopar mane busobusodi bata, itura rughuwana suwara kabomina kamone. Bi mmkodi manedi 
MRK.12.43	Na Iesu kana kivikivina ikwatuvedi sipiika bi iwonedi bo, “Wiisuwona awonewonemi mmko kwaburina moyamoyakina puyo ghamanakina itore gegha naboni wawaya mududi. 
MRK.12.44	Yana basuna, mmkodi wawaya mumuridi tupadi yadi mura ghamadi bi pinimidigha sivereyana, bi noko kwaburina bagune moyamoyakina, bi awaki kana makekawakawa na tupana itore.”
MRK.13.1	Wasina raghanine Iesu Bare Kabikabikuwayina garina iyakuyokuyoveni na, kana kivikivina tana iwona bo, “Abawiiyeveveyana, kukita mmkodi bare warawaratetedi, da mmkodi akima ghamanakidi.”
MRK.13.2	Iesu iwona bo, “Nokodi bare ghamanakidi kukita! Raghani murine Jius kadi aviya tupana siniberodi. Gegha akima tana kwiinana debane inamakena.”
MRK.13.3	Wasina God yana bare bi nawane Oliv koyana debane Iesu iyamakamake 
MRK.13.4	“Kuwonemii, meyani mmkodi beradi sinatubugha. Awaki matakirina iniyeveveyana da mmkodi bera pinimina bi sinatubugha?”
MRK.13.5	Na iwonedi bo, “Kokita wiimasi da gegha iyabo iniyabemina. 
MRK.13.6	Wawaya korotodi waghawaghaguve sinapiika sinawona bo, ‘Tagu na Keriso!’ na wawaya korotodi siniyabedi. 
MRK.13.7	Bi raghanina wiiruwa kwarituna bo aviya waradi rabarabaye konawaiyana na gegha konanagharana. Mmkodi beradi sinatubugha naghove, bi noko gegha raghani damona. 
MRK.13.8	Dam sinageghomiiri da siniaviya vivirana bi kiiwawo sinageghomiiri da siniruwa vivirana. Nukenuke kubura bogaebogae sinatubugha da kate gomara. Mmkona dagudaguna kawagha, ware wasike roperopeyina wiituwa sinivisina dagudaguna yakabikabina.”
MRK.13.9	“Tami wosina kokoyagha yaporimi. Sinakabimi bi sinitupawamiwamiremi da bada 
MRK.13.10	Bi dagudagune na wara miisena God yana wiibadana kiiravine tami da iyawogha sigeruveguna konadimeni damve damve biidi, muriye da damona inapiika.
MRK.13.11	Bi raghanina kami aviya sinakabimi da sinitupawamiwamiremi, na gekoninuwapoya yaininagha da metagha konisisiya. Gegha tami yami noghotama konisisiyana bi Kanuma Kabikabikuwayina tamiye inisisiya na awaki inaveremina kovisisiya.
MRK.13.12	Tomotomogha sinageghomiiri da warewaresidi sinavereyana bi kadi aviya sinikasunughana, bi tamadam mayimayiyina natunatudi biidi sinabera. Ededa taghunudinaki siniaviyedi bi sinavereyana da kadi aviya sinikasunughana. 
MRK.13.13	Tami kagu kivikivina kiiravine na wawaya tupana sinasinighiyemi. Bi iyabo inamiiri kikita da damone na God iniyawiini.”
MRK.13.14	“Bi raghanina konakita da awaki peroveta Daniel ivisisiyenina meko bera tupana yiberodina gawara kabikabikuwayenine inamiiri, meme gegha wasina da iyamiirina. (Kabiyawa wawayim: Kunuwagiureni mmko awaki basuna.) Wasina nokodi Jiudiya kubura kamone samakamakena sinavera taveyana koyaye. 
MRK.13.15	Wawaya bare kubunena 
MRK.13.16	bi bada, iyabo yana kwabuve yabagibagi, na gegha inaveramagha bareye da kana tarasowo inakabi. 
MRK.13.17	Bi noko raghanine na kabikwarakwara ghamanakina wasiwasike biiyadi iyawogha siropeya da pepeya sisusuna. 
MRK.13.18	God biidi korupari da mmkodi beradi gegha boduve sinatubughana! 
MRK.13.19	Yana basuna noko raghanine na kabikwarakwara ghamanakina nama. Bi raghanine God kubura iberana na kabikwarakwara ghamadi roro nokodi naboni gesiyatubugha, patana da kata bi raghani muriye kate gegha naboni sinatubugha maghana. 
MRK.13.20	Na Bada, nokodi gabudaridi iruwiitupo. Bi memeda gegha iyayaraghana, wawaya kate gesiyayawana. Bi iyawogha ivineyidi na noghosidiye, tuna mmkodi gabudaridi iyaragha.
MRK.13.21	Noko raghanine, memeda wawaya tana inawonemi bo, ‘Keriso mmakatanina kokita!’ bo, ‘Vinikatanina!’ gekonigeruvenina. 
MRK.13.22	Yana basuna Keriso wiiwiiyaba da 
MRK.13.23	Na kokabunagha, bi kokoyagha mayemi! Bera tupadi kadi sisiya awonena katamanemi, muriye da raghanina inapiika.”
MRK.13.24	“Bi kabikwarakwara ghamanakidi gabudaridi sinakovi, muriye
MRK.13.24	na gabudara raragha inakabitore bi matu bada gegha inikonakona. 
MRK.13.25	Kewokewo abame sinaririgha, bi abama kana sawara mududi maragasidi sininukenuke. 
MRK.13.26	Bi noko raghanine wawaya sinakita God yana 
MRK.13.27	Wasina bi aneyaneya iniporadi kubura tupane da God yana wiivinevinegha wawayidi sinituwiitaghoma kubura damone da inanagho abama damone.”
MRK.13.28	Wasina Iesu iwona bo, “Konoghosi awaki itubugha kogheya kiina biidi da akowa nokove konakabi. Raghanina ragharaghana sameyu da samatagha bi numonumo sarumaghatara, na kwakovi noko gogo raghanina yapiipiika. 
MRK.13.29	Mayimayiyina, raghanina konakita da mmkodi beradi sinatubutubughana, konakovi da God yana 
MRK.13.30	Isuwonemi, mmko inasina wawayimi tupana gegha konarabobo patana da mmkodi beradi sinatubugha naghove. 
MRK.13.31	Abama da kubura sinamomogha, bi wonagu kate gegha inamomoghana.”
MRK.13.32	“Getana iyabo iyakovi, da meyani noko gabudarina bo raghanina inapiika, - gegha aneyaneya abame, bo Natu iyakovina; Tamada God kawagha iyakovi.
MRK.13.33	Kokabunagha da kokoyagha mayemi, gegha koyakovi da meyani noko raghanina inapiika! 
MRK.13.34	Ware tomogha tana yana bare yakuyoveni yawagawaga yanagho takubure. Na wiitamariyana imadiye yana sawara yatura bi tatadigegha yadi bagibagi yaveredi. Bi iyabo matamketa yakoyakoyayina yawoneni da inikighukighu. 
MRK.13.35	Wasina bi tami bada kokabunagha, basuna gekoyakovi meyani bare badana inaveramagha. Memeda ravidiye bo kenakenaruwamire, bo kokorereko sinaduduna bo didibare. 
MRK.13.36	Bi raghanine inapiika na gegha yana wiina da inabananimi konakenakenana. 
MRK.13.37	Awaki awonewonemina, bada, wawaya tupadi anawonedi: Kokabunagha!”
MRK.14.1	Kata na gabudara bata kawagha siyamakamake da 
MRK.14.2	Na siwona bo, “Gegha poragha raghanine tanaberana, kate bi wawaya wiiruwa sinidaguveni.”
MRK.14.3	Bi raghanina Iesu Betenine na Saimon, tomogha iyabo naghove korekore ikabina yana bareye. Bi siyakamkam, na wasike tana verikoko alabastama 
MRK.14.4	Wawaya mududi nama nuwanuwadi sipughu na sivisisiya kabivivirana bo, “Awaki kiiravine mmko mayawagina ivikawawaneni? 
MRK.14.5	Siyigimogimoneni da mane ghamana siyakabi bi manena moyaka siyaveredi,” na sikikirakiiyeni.
MRK.14.6	Bi Iesu iwonedi bo, “Kokuyoveni, awaki kiiravine kwiisinimayamayayi? Tuna bera waratetena ibera tagu biidi. 
MRK.14.7	Tami nonowa moyaka teya konamakamake, bi yami kayowane koniwiitedi bi tagu gegha nonowa yawata tanamakena. 
MRK.14.8	Bi awaki rubana da iyabera na ibera; da mayawaga tubuyiguve iwayi da raghani katamane ikabununagha kagu dogudogu kiiravine. 
MRK.14.9	Isuwonemi, meghamegha mmko kuburine, meme wawaya waragu miisena sinadimedimenina, awaki mmko wasikena tagu biidi ibera na kate sinisisiyeni da raghani nonowa sinanoghonoghosi.”
MRK.14.10	Noko murine Jiudas Iskariot, kivikivina 12 kamodiye bi tana, inagho 
MRK.14.11	Damdi mmko sisiyina siwaiyaneni na sivinuwamiise bi sivisuwoneni da mane siyavereni. Wasina bi Jiudas keda wiinogha idagu da metagha Iesu, imadiye iyatore. 
MRK.14.13	Wasina bi kana kivikivina bata iviporadi, iwonedi bo, “Konagho konarughu kwanatuve, bi tomogha rarima kibubuna yakawakawarina konakita. Na kokivini, 
MRK.14.14	da meme inarughu, na barena wiibadana kowoneni: ‘Abawiiyeveveyana iwona da, “Tupayarayina meme, tagu da kagu kivikivina kiiravimiiye meme 
MRK.14.15	Wasina bi tupayaragha ghamana kiidamove iniyevevemi, turawiikayowanina da kabukabununayina, na name bera tupana kokabikuya kiiravidaye.” 
MRK.14.16	Kivikivina sinagho sirughu kwanatuve, bi bera tupana metagha Iesu iwonedina sibanani, da 
MRK.14.17	Bi ravidiyena Iesu, kivikivina yadi 12 yawata siverakanibu. 
MRK.14.18	Bi siyakamkam raghanine, iwonedi bo, “Isuwonemi, da kamomima tana kagu puka inakabi iyabo yawata kakamkamna.” 
MRK.14.19	Kivikivina noko sisiyina siwaiyana na sivinuwapoya bi sidagu tatadigegha sinitarakiiyaneni, “Wiisuwona tagu bo gegha?”
MRK.14.20	Iesu iwonabodedi bo, “Tami 12 kamomiye tana, iyabo kana parawa dabira kamone tagu teya kakutuwana. 
MRK.14.21	 metagha sigirumana naboni da 
MRK.14.22	Bi siyakamkam raghanine, Iesu parawa tana ikabi, God biidi ivikiikiiwa, bi ikiyagima da kana kivikivina iveredi, iwona bo, “Kokabi; mmko na tubuyigu.”
MRK.14.23	Bi wain reduna ikabi, God biidi ivikiikiiwa, bi iveredi da tupadi tunama siniuna. 
MRK.14.24	Bi iwona bo, “Mmko tagu ganiganigu, meko inororo taveyana wawaya korotodi kiiravidiye. Ganiganigu tuna inabera da God yana wiiwaghasina wuna inatarakirami yana wawaya biidi. 
MRK.14.25	Isuwonemi, gegha meyani mmko wainna ananiuna mayeni patana da God wawaya keda wune inibadedina gabudarine wain wuna ananiuni.”
MRK.14.26	Wasina bi ayii tana sitawori bi Jerusalem sikanibu taveni sinagho Oliv koyane.
MRK.14.27	Iesu iwonedi bo,
MRK.14.27	“Tupami konavera da konakuyovegu, basuna God wonana buka kamone iwona da:
MRK.14.27	‘God sip kadi bodaboda inakasunuyi, na sip tupadi sinimosaredi,’ 
MRK.14.28	bi muriye raboboma anageghomiiri magha, na Galilima aninagho ananagho, bi tami murigha.”
MRK.14.29	Pita iwona bo, “Memeda turagu sinavera da sinakuyovem, bi tagu geanakuyovemna!”
MRK.14.30	Iesu, Pita iwoneni bo, “Isuwonem, kata nubabasuve muriye da kokorereko inadou da bata, naghove kunawona raghani aroba da tagu gegha kuyakoviguna.”
MRK.14.31	Pita iwonabodeyana wiimaragata bo, “Tagu kate genaboni anisisiyana, bagune tam da tagu sinikasunughaneda, kate gemeyani anawona wiinagonagovemna.” Bi kivikivina mududi bada sisiyina mayimayiyina sivisisiyeni.
MRK.14.32	Wasina sipiika gawara kana waghawagha Getsemenima, na kana kivikivina iwonedi bo, “Mma komakae bi anarupari.” 
MRK.14.33	Na Pita, Jemes da Jon irutayinidi yawata sinagho. Bi nuwavisi da nuwapoya ikabikirakiiyeni, 
MRK.14.34	na iwonedi bo, “Nuwapoya nuwanuwaguve iragata kirakii da damina ware pinimina bi inirabobogu. Mma komakae bi kovikighukighu.”
MRK.14.35	Inagho gisina bi ere-nuwavisina ivitavena yowoyena mayeni tanave, bi irupari da nuwavisi da sinivisi naghone sapiipiikana memeda rubana bo gegha da siyanaghotaveyana. 
MRK.14.36	Na ruparima iwona bo, “Abba
MRK.14.37	Wasina bi Iesu iveramagha da kivikivina aroba ibananidi siyakenakena. Na Pita iwoneni, “Saimon, kwakenakena bo? Raghani gisinagha kunabanenega bo gegha?” 
MRK.14.38	Na iwonedi bo, “Kovikighukighu, bi korupari da gegha ruyagha kamone konabekuna. Kanuma yakayokayoveni da bera miisena bi tubugha inoganoga.”
MRK.14.39	Inagho magha bi irupari, sisiyidi mayimayiyidi ivisisiya. 
MRK.14.40	Bi iveramagha na ibananidi siyakenakena, kiiravine gerubana matadi siyakitatora. Na gegha siyakovi da awaki tuna siyawoneni. 
MRK.14.41	Bi raghani wiiarobina iveramaghana, iwonedi bo, “Tami patana kokenakena da kwiiyawiitaveyana? Wasina rubana! Gabudarina ipiika! Kokita, puke wawayina 
MRK.14.42	Kogeghomiiri, tananagho, kokita tomoyina mmakatanina iyabo kagu puke ikabina.”
MRK.14.43	Iesu patana iyisisiya bi Jiudas, kivikivina 12 kamodiye bi tana, iverakanibu. Bi murinagha na koroto ghamana seri 
MRK.14.44	Bi Jiudas nada ivikatayidi matakira kiiravine: iwona bo, “Tomogha anamaghanina, 
MRK.14.45	Raghanina Jiudas iverakanibu, na yaininagha inagho Iesu biidi bi iwona bo, “Abawiiyeveveyana!” bi nawanawana imaghani. 
MRK.14.46	Na sipatumi da sikabi kikisi. 
MRK.14.47	Bi wawaya tana nama iyamiimiiri na yana seri itaiyina kanibuveni bi 
MRK.14.48	Bi Iesu iwonedi, “Tagu ware kasukasunugha, bo? Na seri da kepatama kopiika da konapatumigu. 
MRK.14.49	Raghani nonowana tagu tami yawata, God yana bareye ayiyeveveyana, bi gegha koyapatumiguna. Bi gegha, da buka 
MRK.14.50	Wasina bi kivikivina tupadi sikuyoveni bi siverawiitaveni. 
MRK.14.51	Bi tomogha yaragina, gara yabuyabunama ivitarasowowota, da Iesu iyakivikivini, na sibera towoyi da siyaburavi, 
MRK.14.52	bi kana gara imadebadiye ikuyoveni bi ighaninagha iverataveyana.
MRK.14.53	Wasina Iesu sikabi sinagho 
MRK.14.54	Bi Pita kanataraboga murigha ikivinidi da irughu 
MRK.14.55	Bi 
MRK.14.56	Wawaya korotodi sipiika da sisiya wiiyaba sivisisiya da Iesu siyiaviyeni, bi yadi waragututu gegha mayimayiyidina.
MRK.14.57	Tomotomogha mududi sigeghomiiri da mmko wiiyabinama Iesu siviaviyeni: 
MRK.14.58	“Kawaiyaneni iwona da, ‘Tagu, mmko God yana bare, meko wawaya imadima siyoghanina anatainarika, bi gabudara aroba murine na tana anayoghana mayeni gegha naboni wawaya imadima siyaberana.’” 
MRK.14.59	Bi gegha, yadi waragututuna tupadi na sivibogae.
MRK.14.60	Na 
MRK.14.61	Bi Iesu ivikawapotapota da gegha awaki tana iyawoneni. Na 
MRK.14.62	Na Iesu iwona bo, “Wasina Tagu, bi tupami konakita da 
MRK.14.63	Na 
MRK.14.64	Tami tupami, yana sisiya kowaiyaneni, tuna God ivigiboyi. Awaki konoghonoghosi?” 
MRK.14.64	Bi noko korotona siwona bo, “Tuna iberabero na inarabobo.”
MRK.14.65	Bi mududi sidagu Iesu siyakanukanu, matana sigere bi siruvi. Da siwoneni bo, “Memeda tam 
MRK.14.66	Wasina bi Pita patana petakone gari kamone, bi 
MRK.14.67	Na raghanina ikita da Pita keyame iyiraragha, na rotomanina ikitarorona bi iwoneni bo, “Tam teya, na Iesu Nazaret tomoyina yawata.”
MRK.14.68	Bi Pita iwona wiinagonagoveni bo, “Geayakovi bi geyagu akowa da awaki kwiisisiyeni,” bi ikanibu taveyana gari matamketane bi kate noko raghanine kokorereko idou. 
MRK.14.69	Bi wiitamariyana wasikena, raghanina Pita nama ikita na idagu wawaya nama ririne siyamiimiirina iwonena mayedi bo, “Mmko tomoyina, na Iesu kwiinana tana!” 
MRK.14.70	Bi Pita iwona wiinagonagoveni.
MRK.14.70	Raghani gisina bi murine na nama iyawogha miimiiridi bada siwoneni bo, “Gekunakeena, wiisuwona tam Iesu yana wawaya tana, bi tamna Galili tomogha.” 
MRK.14.71	Na Pita iwona bo, “Isuwona, gegha ayiyabana, bi meboda aniyabana God aro inaveregu! Tagu noko tomoyina kwiisisiyenina gegha ayakovina.”
MRK.14.72	Wasina bi kokorereko idou iyibata, na Pita inoghosi da metagha Iesu iwonenina, “Muriye da kokorereko inadou inibatana, naghove raghani aroba kunawona da tagu gekuyakoviguna.” Na nuwanuwana idugari da iwasigorita idou.
MRK.15.1	Raghani sowasowaye 
MRK.15.2	Pailat, Iesu ivitarakiiyaneni, “Tamna Jius yadi kiiwawo bo?” Na Iesu iwona bo, “Wasina kwiisisiya namakatanina.” 
MRK.15.3	 babadidi Iesu wiiwawu sisiyidima siyikeekeeni. 
MRK.15.4	Na Pailat ivitarakiiyanena mayeni, “Kunawonabodeyana bo gegha? Yadi wiiwawu tupana da kuwaiyana!” 
MRK.15.5	Bi Iesu geiyawonabodeyana magha, na Pailat ivisokoveni.
MRK.15.6	Raghanina Koghanu porayidi nunudigha na Pailat ibera nuwaneni da biwa gawarina kamonama wawaya tana yikanibuveni, iyabo, dam Jius sakayovenina kiiravine sibabana. 
MRK.15.7	Bi noko raghanine tomogha kana waghawagha Barabas na biwa gawarina kamone, da wawaya iyawogha wiiruwa kamone kasunugha siberana yawata. 
MRK.15.8	Raghanina koroto sivitaghomidi na sidagu Pailat siyibabiini da nonowa iyaberaberana naboni da yadi kayowana iyabera, 
MRK.15.9+MRK.15.10	Bi Pailat iyakowa katamaneni da 
MRK.15.11	Na 
MRK.15.12	Wasina bi Pailat koroto iwonena mayedi bo, “Bi awaki, anabera mmko tomoyina biidi, kokwatuveni da Jius yadi kiiwawo?” 
MRK.15.13	Bi sirabodeyana bo, “Kotuparatuni!” 
MRK.15.14	Na ivitarakiiyanedi, “Awaki kiiravine? Bi awaki berana berona ibera?” Bi koroto sirukwatu kamokamogha, “Kotuparatuni!” 
MRK.15.15	Na Pailat yana kayowana da koroto iyinuwapikadi, na Barabas kiiravidiye biwa gawarinama ivikanibuveni. Bi kawanena Iesu sikwapu kirakiiyeni bi iwonataveni da siyatuparatu.
MRK.15.16	Wasina iyo wawayidi Iesu sikabi sinagho Pailat yana bare garina kamone bi iyo wawaya turaturadi tupadi sikwatu riyariyadi sipiika. 
MRK.15.17	Bi kwama ididurinama Iesu sivikoteni da kapi iyiyona sibera bi gayamine siviyagha. 
MRK.15.18	Da ere-wiiwiinamayidi siyikayekayeni siyawonawona bo, “Kiiwa, kiiwa Jius yadi kiiwawo!”
MRK.15.19	Bi dighonama gayamina siyaruruvi da siyakanukanu, bi siyituwaporeoghogheyana da ere-wiiwiinamayidi siyapepepeteni. 
MRK.15.20	Raghanina sivinamayeni ikovi na, kwama ididurina sikabitaveni bi kana kwama waghata sivikotena mayeni. Bi sirutayini sikanibu da siyatuparatuni.
MRK.15.21	Jerusalem sikanibu taveni bi kedaye na tomogha kana waghawagha Saimon sibanani, wawa kuburinama ipiika iyarughurughu kwanatuve, na iyo wawayidi siruwiiyaiyaini da Iesu kana korosi iyakawari. (Saimon na Sairin tomogha bi Alexsanda da Rufas tamadinaki.)
MRK.15.22	Wasina iyo damdi Iesu sirutayini sinagho gawara kana waghawagha Golgota, (yana basuna ‘deudeu gawarina’.) 
MRK.15.23	Name sibera towoyi ware wain da kii otona kana waghawagha Myrrh yawata siwamirina siyavereni, bi Iesu gegha iyaniunina.
MRK.15.24	Wasina situparatu, bi kana kwama sikabireregha tudimani kamodiye, bi wiirekwa tana sibera da yadi kayowane meko kwamadi siyayuna.
MRK.15.25	Didibare, gabudara iyarurumuyamuya (9:00 a.m.) bi situparatu. 
MRK.15.26	Bi wiiwawu sisiyina siyiaviyenina kiisepiye sigirumi da gayamina wowone situturatu naboni iwona, “Jius yadi kiiwawo.” 
MRK.15.27+MRK.15.28	Bi yapiyapi damdi bata situparatudi, Iesu yawata, tana katiiyane bi tana dugene.
MRK.15.29	Wawaya ririnagha siyanaghonagho piika na gayamidi siwiineyana bi Iesu siwona wiigiboyi: “Eka damina kabi! Tam kuwona da God yana bare kuyatainarika bi gabudara aroba kamone kuyayoghana mayeni! 
MRK.15.30	Na kata korosima kuyowogha da kuniyawii mayem!”
MRK.15.31	Bi berana mayimayiyina 
MRK.15.32	Mede tanakita, iwona da tuna God yana wiivinevinegha tomoyina, Israel kana kiiwawo kata korosima inayowogha, na tanigeruveni.” Bi nokodi bata, Iesu yawata situparatudi na bada siwona wiiberoveni.
MRK.15.33	Gabudara yubasune na wiididibara kubura tupana isowomumu, patana da ravidi gabudare. 
MRK.15.34	Bi ravidi gabudare (3.00 pm) na Iesu irukwatu da ghamana, “Eloi, Eloi, lama sabatani?” Yana basuna, “Yagu God, Yagu God, awaki biidi kukuyovegu?” 
MRK.15.35	Wawaya mududi nama siyamiimiiri bi siwaiyaneni na siwona bo, “Kowaiyana, tuna Elaija yakwatukwatuveni.” 
MRK.15.36	Wasina bi tomogha tana ivera inagho gumba ikabi da wain tomatomane isirakutuvi, bi kii damone ivikavini. Bi ikoghasi igae Iesu biidi da iyaniuna bi iwona bo, “Kokoyai! Tanakita memeda Elaija yapiipiika korosima inatore yowoyeni!” 
MRK.15.37	Bi Iesu irakapara da yawiina itavena tughureni. 
MRK.15.38	Wasina bi God yana bareye bebera meko tupayaragha kabikabikuwayina itoreboda iyarororoga na itamogosira da bata, wowone da iyowogha kabine.
MRK.15.39	Iyo damdi kadi bada nama korosi naghone iyamiimiirina ikita da metagha Iesu irabobo, na iwona bo, “Wiisuwona mmko tomoyina na God natuna!” 
MRK.15.40	Wasiwasike mududi nama, kadi taraboga siyaruruwiitete. Bi kamodiye na Meri Magdalin, bi Meri tana, Jemes murimurina da Joses sinadinaki da Sayome. 
MRK.15.41	Raghanina tuna Galiline, na mmkodi wasiwasikedi siyakivikivini da yana kayowana siyaberabera. Bi wasiwasike mududi iyawogha Iesu teya sipiika Jerusalemma na bada yawata nama.
MRK.15.42+MRK.15.43	Ravidi pikaye, Jousep Arimatiya tomogha, bi bada ghamana 
MRK.15.44	Bi Pailat geiyigeruwana da Iesu nada irabobo, na iyo badana ikwatuveni ipiika bi ivitarakiiyaneni da memeda nada waghata irabobo bo gegha! 
MRK.15.45	Bi iyo badana yana sisiya iwaiyana ikovi na Jousep iviwaghasineni da Iesu tubuyina iyakabi.
MRK.15.46	Na Jousep bebera poina yeyeghanina igimoni bi Iesu tubuyina itore yowoyeni da igere bi karawaga akima kakokakone sibanina name itore. Bi akima ghamana itabiri ipiikeni karawaga kawabonayina itoreboda.
MRK.15.47	Meri Magdalin da Meri tana, Joses sinananaki na siyaruruwiitete bi sikita da meme Iesu tubuyina sitore. 
MRK.16.2	Na Sande didibara wote gabudara iwasepi iyagegena, sinagho karawaga epamana bonayine. 
MRK.16.3	Bi kedagha sidune siyanonona tudimani siyisisiya kabivivirana, “Iyabo akima karawaga epamana bonayina kawane kiiravidaye inatabira taveni?”
MRK.16.4	Bi raghanina siyakayogagawana sikita da akimina nada sitabira taveni. (Akimina ghamanakina.) 
MRK.16.5	Na karawaga epamana bonayine sivitavena rughuvedi, bi siyakita da katiiyadiye na tomogha yaragina ere-kwama poipoina iyamakamake na sikumararagha.
MRK.16.6	Na iwonedi bo, “Gekonakumararaghana, akovi da Iesu Nazaret tomogha kwiininoyeni, iyabo situparatu. Na gegha mma - nada igeghomiiri! Kokita gawarina mmakatanina meme sitorena. 
MRK.16.7	Bi konagho da kana kivikivina mududi da kate Pita yawata mmko warana kowonedi; Tuna ivinagho yanono Galilima, bi name konakita, metagha iwonemi na naboni.”
MRK.16.8	Na karawaga epamana bonayine sivikanibu taveyana, nuwapoya bi kiroro teya da getana iyabo awaki siyawoneni, kiiravine sinaghara kirakii.
MRK.16.9	Sande raghani didibare pom sowaye, Iesu raboboma igeghomiiri magha murine na, ghuyoghuyone Meri Magdalin biidi irumaghatara, iyabo roro kanuma beroberodi yadi (7) seven gwabinama ivikanibuvedina. 
MRK.16.10	Wasikena inagho da awaki itubughana kiiravine Iesu turaturana iwonedi, tudi siyasiyasiyapa bi siyadudu. 
MRK.16.11	Bi raghanina Meri Magdalin iwonedi bo, “Iesu nada raboboma igeghomiiri; Tagu mataguma akita.” Bi yana sisiya siwaiyanenina gesiyigeruvenina.
MRK.16.12	Noko murine, kivikivina bata raghanina Jerusalem sikanibu taveni siyanono wawa kuburidiye na Iesu kana kita ivibogae bi irumaghatara tudi biiyadi na sivinagonagoveni. 
MRK.16.13	Bi muriye sakovina siveramagha da turaturadi siwonedi, bi tudi yadi sisiya gesiyigeruvenina.
MRK.16.14	Tughura waghate, na Iesu kivikivina yadi eleven (11) biiyadi irumaghatara raghanina siyakamkamna. Bi ikidi kiiravine yadi noghota sigisi, basuna nuwanuwadi sikotakii da gayamidi siviakima da iyawogha sikitana, yadi sisiya gesiyigeruvedi da iyawa magha. 
MRK.16.15	Bi iwonedi bo, “Kokanibu konagho kubura tupane da waragu miisena dam bi dam biiyadi konadimeni. 
MRK.16.16	Iyabo inigeruwana da inababataito na inayawa, bi iyabo geinigeruwana na yana tamumu kiiravine aro inakabi. 
MRK.16.17	Bi wiigeruwana damdi maragata sinakabi da 
MRK.16.18	Bi imadima mota sinayuna, bo memeda tuwamoroba sinaniuna, na kate gesinarabobona. Bi imadi wawaya gubagubagidi debadiye sinatura, na siniyawiidi.”
MRK.16.19	Bada Iesu, kana kivikivina iwona wiiyoyowanedi ikovi murine na God yana maragate na ikabi igae abame da katiiyane ivimakeni. 
MRK.16.20	Wasina bi kivikivina sinagho kubura tupane wara miisena wawaya biiyadi siyadimedimeni, bi Bada yawata kamodiye sibagibagi na ikabirubata da yadi dima na wiisuwona, basuna yana maragate 
