MRK.1.1	Jisas 
MRK.1.2	Katɨk 
MRK.1.3	Muñuŋgumbañi yetɨk balañjɨkɨn towok sivɨtva, “Gasak Wakɨnkɨk mai bambave, wokok mase mfavɨliñjiwɨ.” ’ ”
MRK.1.4	De, Jonon muñuŋgumbaŋɨk yiŋɨmeve. Kaukatɨk balañju maŋamɨk ga bumŋɨlali wun. Jonon kavik yikali yikali galaveve, “Juñjuŋama anafak yive suwɨ. Suwɨndi ŋɨn be maŋamɨk ga bumbapa. Kavik pavɨndi Gotɨn bikɨk yaka wulu bikɨk safumbatɨk mandɨve ka sivɨlapayi. Valambapa.” 
MRK.1.5	De, wunutuk yiŋɨ yiŋɨlali Juta galavale distrikɨle balañju wofopti Jerusalem galavale sititɨle balañju wofopɨn. Valan bɨkɨk yakavik paŋɨlalile wulu sivɨlevendi Jonon vala ga bumbeve Jordan galavale maŋamguanɨk.
MRK.1.6	De, Jonon kamel
MRK.1.7	Wun kavik galaveve, “Ŋakɨk pɨtɨkti juñjuŋama matɨkakalɨwale balañjɨkɨn yiŋɨmama pɨndaŋ. Ŋɨn yakakatɨk balañjɨk, kapekandi apɨtɨtɨtve wokok gambiŋgitɨle sutɨle gɨnda tokoivalen ka balakapayi. 
MRK.1.8	Ŋɨn be maŋamɨk ga bumba, kape wun be 
MRK.1.9	De, Jisasɨlɨn Nasalet galavale watɨkɨle. Nasaletɨn Galili galavale distrikɨle avɨt. De, Jonon balañju maŋamɨk ga bumbeve valundi Jisasɨlɨn yetɨk vandi Nasalet valambe yiŋɨmeve Jontɨk. Kape, de, Jonon wunu maŋamɨk ga bumbeve, Jordan maŋamguanɨk. 
MRK.1.10	De, Jisasɨlɨn maŋami alikɨvevekandi, de, wun wuleve fɨiŋgalɨn atavɨkɨvendi 
MRK.1.11	Bumbevendi fɨiŋgati yetɨk maŋgɨkɨn kavik galaveve, “Du ŋakɨk ŋɨn mɨliwale fak. Ŋakɨk kumbaŋɨn du towok mɨliwa.”
MRK.1.12	De, 
MRK.1.13	Wun kaukatɨk 40 valu toneve. Kavɨla valundi 
MRK.1.14	De, yila balañjun Jon wuwɨ muñjɨmɨk suwove. Suwovendi Jisasɨlɨn Galilitɨk ŋɨmeve. Ŋɨmevekandi Gotkɨk wulu anafu sivɨleve.
MRK.1.15	Wun kavik galaveve, “De, mfɨmɨmaneve valɨn kamfu. Yila balañjun Got lolomɨk tonapa. Kapendi juñjuŋama anafak yive. Gotkɨk wulu anafu yive suwɨ.”
MRK.1.16	Jisasɨlɨn Galili galavale maŋamguan vevekatɨk ŋɨmevekandi wuleve wuŋgiakti wufaka, bɨkɨk wuŋa Saimondi Andru. Valan giŋdi yesiŋa kolowove, maŋamguanɨk. Valan valu valu yesiŋandi bɨkɨk moni mɨñakavik yiŋɨlali. 
MRK.1.17	De, Jisasɨlɨn valatɨk kavik galaveve, “Ŋunu vañjenme ŋɨme. Ŋɨn be apɨkakalaiyapa yesiŋa kolokvale daŋdi balañju miyakavik ga yivaŋga.” 
MRK.1.18	De, valan kepat bɨkɨk giŋa valambevekandi wunu vañjenme wakan ŋɨmeve.
MRK.1.19	De, yika ŋɨmevekandi, ŋaikɨkfak, wun wuleve yetɨk wuŋgiakti wufaka, Jemsɨndi Jon,
MRK.1.20	De, wun vala galaveve, kapendi valan bɨkɨk waŋ balɨ kumbaŋɨk valambeve, bɨkɨk luasamban balañjundi. Valambevekandi valan Jisas vañjenme ŋɨmeve.
MRK.1.21	De, Jisasɨlɨn wokok guŋgundandi Kaperneam galavale watɨkɨk ŋɨmeve. Ŋɨmevekandi, de, 
MRK.1.22	De, katɨk watɨkɨle balañjun wokok mfɨtɨtiwale wulu bɨimbɨi bɨkɨk kumbaŋgin yikali yikali kambekeve. Wun 
MRK.1.23	De, yetɨk ŋaikɨk vandi yetɨk avɨtɨn toneve katɨk Sa Wamɨk. Yetɨk sulak yakakatɨkɨn wunutuk dundumɨive toneve. 
MRK.1.24	Kapendi wun kavik joŋ galaveve, “Jisas, du Nasaletɨle avɨt. Dɨn gɨtɨk we pavaŋga pave yiŋɨma, ñetɨk? Dɨn ñe yakai yakai ga tonmaŋga pave yiŋɨmala? Ŋɨn du juŋava. Du Gotkɨk anafawali.”
MRK.1.25	Kape Jisasɨlɨn wunu apɨkakambeve. Wun kavik galaveve, “Maŋgɨk valambe! Wunu valambe dalaŋɨme!” 
MRK.1.26	De, katɨk sulak yakakatɨkɨn katɨk avɨt ga nanambevekandi towok ga joŋovekandi wunu valambe ŋɨmeve.
MRK.1.27	De, balañju wofopkɨk kumbaŋgin kambekeve. Valan busuak kavik sivɨleve, “Kasik gɨtɨk we? Kuŋgu wulu sivɨtva, wun. Wokok maŋgɨkɨn pɨtɨkie. Kapendi sulak yakakalen wokok maŋgɨk bɨiye pava.” 
MRK.1.28	De, afɨndafɨnda katɨk wun paveve wulu Galilitɨle mɨta mɨta wofop ŋɨmeve.
MRK.1.29	Valan 
MRK.1.30	De, Saimonkɨk wuŋañilɨn malɨwɨ yokowɨ toneve safulun kukuleve. De, kape, de, valan sivɨleve Jisasɨtɨk, wokok mamalɨk. 
MRK.1.31	De, Jisasɨlɨn wunutuk ŋɨmeve, wokok kɨlik mfove mfakambekevendi wokok mamalɨkɨn valambeve katɨk me. Kape, de, wun kambekevekandi jeñjek masiveve valatɨk.
MRK.1.33	De, katɨk watɨkɨle balañju wofopɨn katɨk mfotok lova salava pavale mai mfakuŋguŋmɨ toneve. 
MRK.1.34	Kapendi Jisasɨlɨn mamalu mamalu malɨwale balañju wusandaŋ anafak ga tonevekandi sulak yakakale wusandaŋ sañjaŋeve. Kavɨla sulak yakalen Jisas juŋaveve. Kape wun sulak yakakale kavik apɨkakambeve, “Ben wulu sivɨtvandu.”
MRK.1.35	De, watvit, gasak wukan vaŋ, Jisasɨlɨn kambewɨ yetɨk balañju mɨñakɨk mɨtɨk ŋɨme kukuñeve. 
MRK.1.36	De, Saimonɨn wunundi wakan toneve balañjundi ŋɨme mamfoveve, Jisas. 
MRK.1.37	Mamfovɨlevekandi kavik galaveve, “Wofopɨn du mamfova!” 
MRK.1.38	De, Jisasɨlɨn valatɨk kavik galaveve, “De, amban yila vevekatɨk tonmale watatɨk ŋɨmama, ŋɨn Gotkɨk wulu sivɨtvaŋga. Ŋɨn katɨk juñjuŋamandi yiŋɨmeve.” 
MRK.1.39	Kapekandi wun Galilitɨle mɨta mɨta wofop ŋɨmeve. Ŋɨmevekandi 
MRK.1.40	De, yetɨk andɨvɨli safu jivali mamalɨkiye balañjɨkɨn Jisasɨtɨk ŋɨme gambiŋgi mfaiyimutve apɨtɨtɨlevekandi kavik galambalambaneve, “Dɨn ŋunu anafak ga tonmaŋga pave mɨliwalen, dɨn balakapa.”
MRK.1.41	De, Jisasɨlɨn wunu balambanevekandi kɨlik mandɨvevekandi wunutuk kavik galaveve, “Ŋɨn kavik mɨliwa. Dɨn anafak tonme.” 
MRK.1.42	De, kepat katɨk andɨvɨli safu jivale mamalɨkɨn wunu valambeve, kape wun anafak toneve. 
MRK.1.43	De, Jisasɨlɨn wunu apɨsukuve towok galaveve, 
MRK.1.44	“Dɨn waiŋgeve. Dɨn kavɨla wulu sivɨtvandu yetɨk balañjɨktɨk. Kape dalaŋɨme dakɨk safu apɨkasɨlɨmfu Gotkɨk 
MRK.1.45	Kape katɨk avɨtɨn ŋɨme galaveve balañju wofoptɨk. Kavɨla wulu mɨta mɨtatɨk ŋɨme galaveve, wun. Kape Jisasɨlɨn yetɨk watɨk avik ŋɨme lovapa, sɨpalati. Wun muñuŋgumbaŋɨk tonevendi mɨta mɨtatɨle balañjun wunutuk ŋɨmeve.
MRK.2.1	De, muñuŋgubaŋñi tonevekandi Jisasɨlɨn Kaperneamɨk yika ŋɨmeve. Kapendi yila balañjun sivɨleve, “Jisasɨlɨn wokok mfotok tonma.” 
MRK.2.2	Bɨiyevekandi balañjun wusandaŋɨn wokok mfotok yiŋɨmeve. Kapekandi balañju sakimbaŋ vaŋɨn gɨfutupeve. Mfoton apɨmomowovendi yilan mfot lova salava pavale mai makolowove. Kape, de, Jisasɨlɨn valatɨk Gotkɨk wulu sivɨleve.
MRK.2.3	De, valan yetɨk kɨliandi gambiŋgin sɨŋgɨneve balañjɨk Jisasɨtɨk malaŋɨve. Yila balañju aŋgataseñeñ wunu palasakɨk suwɨ malaŋɨve. 
MRK.2.4	Malaŋɨvekandi ta wuleve, mfoton apɨmomowove. Ta wulevekandi vavɨki kɨve mfot wunambinɨk vaŋɨle ñisemɨk malaŋkɨveve. Malaŋkɨvevekandi Jisasɨlɨn toneve mɨt wofop wofop yetɨk kutak mfamandaŋeve valan. Mfamandaŋevekandi mfot kumbaŋɨk palasaktɨliaka apɨkukuwo ga bumbeve. 
MRK.2.5	De, Jisasɨlɨn kavik wuleve, bɨkɨk juñjuŋamalɨn kavik toneve, “Jisasɨkɨk pɨtɨkɨn gasak kasik balañjɨk anafak pavɨliyapa.” Wulevekandi wun kavik galaveve, “Ŋakɨk wufaka, ŋɨn dakɨk yaka wulu dakɨk safutuk mandɨve ka sivɨlapayi. Ŋɨn anañ valambale.”
MRK.2.6	De, yila 
MRK.2.7	“Kasik balañjɨkɨn wun kavik aipandi sivɨtva? Wun wokok wuŋ ŋaikɨk malaŋkɨva. Wun kavik juŋava, wun Gotoŋgo tonma! Gotɨn wun wusuak ŋaikɨk pava kavik, balañjukok yaka wulu valamba.
MRK.2.8	Kavɨla Gotkɨk Wulu Kumbaŋgikɨk Balañjun kavik juŋavevendi, de, kepat Jisasɨlɨn wokoki bɨkɨk juñjuŋamavi wuleve. Kapekandi wun valatɨk kavik galaveve, “Ben bikɨk kumbaŋgiti kavik aipandi juŋava? 
MRK.2.9	Kasik kɨliandi gambiŋgin sɨŋgɨneve balañjɨktɨk avik sivɨlapa, ŋɨn? Kavik waiŋgeve sivɨlapati, ‘Ŋɨn dakɨk yaka wulu dakɨk safutuk mandɨve ka sivɨlapayi. Ŋɨn anañ valambale.’ Kavik waiŋgeve sivɨlapati, ‘Dɨn kambewɨ, dakɨk palasak yive dalaŋɨme.’ 
MRK.2.10	Kape ŋɨn be apɨkakalayapa, Balañjɨkɨk Fakɨn yaka wulu valambaŋgapale pɨtɨkɨn kasik mañjikatɨk tonma.”
MRK.2.10	Kavik sivɨlevekandi wun kavɨla Gotkɨk Wulu Kumbaŋgikɨk Balañju valambevekandi katɨk kɨliandi gambiŋgin sɨŋgɨneve balañjɨk wulevekandi kavik galaveve, 
MRK.2.11	“Ŋɨn dutuk sivɨtva, kambewɨ, dakɨk palasak yive, mfotok dalaŋɨme.”
MRK.2.12	Kapekandi katɨk avɨtɨn kambekevekandi wokok palasak yive salaveve, balañju wofopkɨk sɨpalati. Kapekandi bɨkɨk kumbaŋgin kambekevendi valan Got apɨkɨleve. Valan kavik galaveve, “Anañ amban kavik tonmale wulu ava wutve.”
MRK.2.13	De, Jisasɨlɨn yika ŋɨmeve maŋamguan vevekatɨk. Ŋɨmevendi balañju wofopɨn yiŋɨ yiŋɨ makolokɨlali wunutuk. Kapendi wun valatɨk yikali yikali mfɨtɨtiwɨ sivɨleve. 
MRK.2.14	De, wun ŋɨmevekandi wuleve, Livai galavale avɨt. Wun Alfius galavale avɨtkɨk fak. Livaisɨn yisɨwɨ toneve yetɨk takis yivaŋgapale mfotok. Jisasɨlɨn wunutuk kavik galaveve, “Ŋunu vañjenme ŋɨme!” Kape, de, Livaisɨn kambekevekandi Jisas vañjenme ŋɨmeve.
MRK.2.15	De, Jisasɨlɨn Livaikɨk mfotok ŋɨmevekandi yisɨwɨ jeñjek jiveve. Takis yivaŋgapale balañju gasakamanaŋdi yaka wulu pavale balañju gasakamanaŋɨn yisɨwɨ toneve, Jisasɨndi wokok guŋgundandi wakan. Vala wusandaŋɨn Jisas vañjeneve.
MRK.2.16	De, yila 
MRK.2.17	De, Jisasɨlɨn kavik bɨiyevekandi valatɨk kavik galaveve, “Anafak tonmale balañjun doktatɨk ka ŋɨmi. Kayi. Malɨwale balañjun ŋaikɨk doktatɨk ŋɨma. Mɨñakavik ŋɨn anafak wulu pavale balañju joŋmɨ ga yiŋɨmaŋga ava yiŋɨme. Kayi. Ŋɨn yaka wulu pavale balañju joŋmaŋga yiŋɨmeve.”
MRK.2.18	De, yila valundi Jonkɨk guŋgundandi 
MRK.2.19	De, Jisasɨlɨn valatɨk kavik galaveve, “Me yivapale vɨtɨk ŋɨmale balañjun jeñjek kakambala, katɨk me yivapale avɨtɨn valandi tonma? Kayi. Wun valandi tonmalen valan jeñjek ka kakambi. 
MRK.2.20	Pɨndaŋ yila balañjun katɨk avɨt malaŋapa. Katɨk vandi valan jeñjek kakambapa.”
MRK.2.21	De, Jisasɨlɨn yila wulu kavik galaveve, “Yila balañjun yetɨk anɨkɨk wataŋ yindaŋ yive yetɨk pɨlɨk wataŋɨle guan mfɨndiŋmalen, wun pɨndaŋ andakambindi mfapetaŋmɨ pɨlɨk wataŋ ga pɨtɨwɨkapa. Pɨtɨkɨvakandi katɨk guanɨn gasak tonapa. Kapekandi balañjun kavik ka pavi.”
MRK.2.22	De, Jisasɨlɨn yila wulu kavik galaveve, “De, balañjun anɨkɨk wain maŋam yañjik jak mfɨsakɨk ka fulapayi.
MRK.2.23	De, yetɨk 
MRK.2.24	De, yila 
MRK.2.25	Jisasɨlɨn valatɨk kavik sivɨleve, “Devitɨn anañ paveve wulu moleve anañ anañ, yetɨk balañjɨkɨn. Ben katɨk momotva ava wuleka? Wunundi yila balañjun yataŋgɨn gunaŋan toneve. Valan jeñjekɨn mɨñakɨk. 
MRK.2.26	Katɨk vandi Apiatalɨn Gotkɨk 
MRK.2.27	Jisasɨlɨn kavɨla Farisitɨle aututɨk kavik sivɨleve, “Gotɨn Yisɨ Tonɨmbale Va mandɨveve balañju anafak ga tonmaŋga. Kape Gotɨn balañju ava mandɨve Yisɨ Tonɨmbale Va anafak ga tonmaŋga. 
MRK.2.28	Miyakavik 
MRK.3.1	De, Jisasɨlɨn yetɨk 
MRK.3.2	Katɨk Sa Wam kumbaŋɨle balañjun Jisas wutve jɨleve. Wun katɨk avɨt anafak ga tonapati Yisɨ Tonɨmbale Vandi. Kavik pavalen valan wulu mandɨve sivɨtvaŋga juŋaveve wunutuk.
MRK.3.3	De, Jisasɨlɨn katɨk kɨlik sɨsɨŋgɨlifukɨk avɨtɨk galaveve, “Dɨn kaipatɨk ŋɨme.” 
MRK.3.4	Jisasɨlɨn valatɨk kavik kombɨiyeve, “Yisɨ Tonɨmbale Vandi ala wulu kakamba, ala wulu anafak tonma? Wulu anafu pavati, yaka wulu pavati? Balañju anafak ga tonmati, balañju matve ga sɨŋgɨnmati?”
MRK.3.4	Kape valan wulu ava sivɨtve. 
MRK.3.5	De, Jisasɨlɨn vala jɨtve vaŋ jɨlevekandi wokok kumbaŋɨn akalakɨve. Bɨkɨk kumbaŋgin yakakale toneve. De, Jisasɨlɨn wokok kumbaŋɨn akalakeve. De, wun katɨk avɨtɨk sivɨleve, “Dɨn dakɨk kɨlik apɨpɨliñjiwɨ.” De, Wun wokok kɨlik apɨpɨliñjiwevekandi anafak toneve.
MRK.3.6	Sa Wami salavevekandi kavɨla 
MRK.3.7	De, Jisasɨlɨn wokok guŋgundandi Galili maŋamguanɨk ŋɨmeve. Distrik Galilitɨle balañjun wusandaŋ wakan ŋɨmeve. Distrik Jutatɨle balañjun wakan, 
MRK.3.8	siti Jerusalemɨle balañjun wakan, distrik Idumeatɨle balañjun wakan, maŋamguan Jordan aŋgɨndaŋɨle balañjun wakan ŋɨmeve. Siti Tair vevekatɨlendi siti Saidon vevekatɨle balañju wusandaŋɨn wakan ŋɨmeve. Valan wokok wun paveve papava bɨiyevekandi wunutuk ŋɨmeve.
MRK.3.9	Jisasɨlɨn wokok guŋgundatɨk galaveve yetɨk balɨ vevekatɨk malaŋmɨ mandɨvaŋga, kavɨla balañju wusandaŋɨn wunu towok gɨfutupandu. 
MRK.3.10	Wun balañju wusandaŋ anafak ga toneve, kapendi malɨwale balañju wofopɨn wunu gɨfutupeve, wunu mfovaŋga. 
MRK.3.11	De, balañjutuk mamalɨk masivale sulak yakakale, valan Jisas wulevekandi, valan Jisasɨkɨk makɨtɨk kumu fɨlekevekandi kavik joŋmɨ galaveve, “Du Gotkɨk Fak.” 
MRK.3.12	Jisasɨlɨn apɨkakambe sivɨleve, “Ben ŋunu sivɨtve masivandu.”
MRK.3.13	De, Jisasɨlɨn lamɨk kɨvevekandi, wun mɨlikɨve balañju wun kañiŋɨve. Kapendi valan wunutuk ŋɨmeve. 
MRK.3.14	Wun 12 autu akakalayeve wunundi wakan tonmakandi apɨsukuvaŋga Gotkɨk wulu sivɨtvakandi 
MRK.3.15	sulak yakakale sañjaŋmaŋgapale pɨtɨk yivaŋga. 
MRK.3.16	Kavɨla 12 autukok wuŋa kavik tonma: Saimon, Jisasɨlɨn yetɨk wuŋ galaveve, Pita. 
MRK.3.17	Sepetikɨk fak Jemsɨndi wokok wufaka Jon. Kavɨla alawiñ wun yetɨk wuŋ kavik galaveve, Boanerges. Ambɨkɨk balaŋdi katɨk wuŋkɨk asɨk kavik galava, bambalanduŋuŋgo fu. 
MRK.3.18	Yila balañju Andrundi Filipti Bartolomyundi Matyundi Tomasɨndi yetɨk Jems, Alfiusɨkɨk fakti Tatiusɨndi yetɨk Saimon, Selotɨle
MRK.3.19	Jutas Iskariot. Jutasɨlɨn mamatutuk Jisas kɨndɨŋmɨ suwapale fak.
MRK.3.20	De, Jisasɨlɨn wokok mfotok ŋɨmeve. Ŋɨmevendi balañju wusandaŋɨn yika wunutuk ŋɨmeve mfakuŋguŋove. Kapendi wun wokok guŋgundandi jeñjek akafayi jivapa? 
MRK.3.21	De, kavik bɨiyevekandi wokok ñiŋandi jaŋasan wunutuk yiŋɨmeve, wunu wuwaŋga. Valan kavik galaveve, “Wun nanambakandi tonma, kaukatɨk.”
MRK.3.22	De, yila Jerusalemɨle 
MRK.3.23	De, Jisasɨlɨn vala yiŋɨmaŋga galaveve. Yiŋɨmevendi wun apɨkamule wulu kavik sivɨleve, “
MRK.3.24	Ŋaikɨk lomɨn gɨŋgani matɨvavɨlevekandi yipatɨli balañjun yipatɨli balañjundi mɨn ŋɨlik tonma, kavik pavalen katɨk lomɨn anafak ka tonapayi. 
MRK.3.25	De, ŋaikɨk mfotɨle balañjun mɨn ŋɨlik tonmalen valan anafak ka tonapayi. 
MRK.3.26	De, Satanɨn wokok guŋgundandi gɨŋgani matɨvavɨli mɨn ŋɨlɨwalen, valan ka sambɨtve tonapayi. Wun mɨñakɨk tonapa.
MRK.3.27	De, yetɨk fumafumɨn katɨk gasak pɨtɨkie balañjɨkɨk mfotok yataŋgɨn ka lovapayi, lua fombaŋga. Wun wandefaka kɨlɨwɨ balawɨ, lovama, lua fombaŋga pave.
MRK.3.28	Ŋɨn betɨk wulu vaŋu galava, balañjun Gotkɨk wulu anafu yive suwɨndi, Gotɨn kavɨla balañjukok yaka wulundi Got maiyawale wulu bɨkɨk safumbatɨk ka mandɨve sivɨlapayi. Valambapa. 
MRK.3.29	Kape yetɨk balañjɨkɨn Gotkɨk Sulak maiyawalen, Gotɨn katɨk yakakatɨk wulu ka valambapayi. Wokok yaka wulu valu valu tonŋɨmama.”
MRK.3.30	Kavɨla Gotkɨk Wulu Kumbaŋgikɨk Balañjun anañ kavik sivɨleve, “Wun wokok kumbaŋɨk yetɨk sulak yakakatɨkɨn tonma.” Kapendi Jisasɨlɨn kavɨla wulu sivɨleve.
MRK.3.31	De, Jisasɨkɨk womendi wufakalɨn yiŋɨmevekandi tataŋgatɨk sambɨlevekandi yetɨk balañjɨk apɨsukuveve Jisas ga salavaŋga pave. 
MRK.3.32	Balañju sakimbaŋɨn wunundi yisɨwɨ toneve. Valan wunutuk sivɨleve, “Dakɨk womendi wufakali tataŋgatɨk tonma. Valan du salavaŋga galava.” 
MRK.3.33	De, Jisasɨlɨn kavik kombɨiyeve, “Ŋakɨk womendi wufakali nanimba?” 
MRK.3.34	Wun kavɨla wunundi yisɨwɨ toneve balañju joloŋevekandi kavik galaveve, “Ŋakɨk womeandundi wufakalin kavɨla. 
MRK.3.35	Gotkɨk wulu pavale balañjun ŋakɨk wufaka, ŋakɨk sami, ŋakɨk wome tonma.”
MRK.4.1	De, balañju gasakamanaŋ Jisasɨtɨk yika ŋɨme mfakuŋguŋove mfanɨk, kapendi Jisasɨlɨn wulu mfɨtɨtiwɨ sivɨleve Galili maŋamguan avaki. Kape, de, wun balɨnɨk valape yisɨwove maŋamguanɨk. De, wofopɨn siŋasiŋ mokalowove. 
MRK.4.2	Wun yila wulu gasakamanaŋ apɨkamule sivɨleve, valatɨk.
MRK.4.2	De, kavik mfɨtɨtiwɨ sivɨleve, 
MRK.4.3	“De, bɨiye. Yetɨk avɨtɨn wit mavi mandɨveven masoiŋɨmeve, wokok balamɨk. 
MRK.4.4	De, wun miyakavik masoiŋɨmevendi yila wit mavi masi kumuwovendi waŋan ŋɨme jiveve. 
MRK.4.5	De, yila wit mavi yetɨk mɨndɨmɨn vɨlekɨk toneve mañjikatɨk kumuwove. Gasakamanaŋ mañju mɨñakɨk mɨtɨk kumuwove. Kape, de, valan kepat pambi takeve. 
MRK.4.6	Takevekandi valɨn sikapavendi kepat aliyeve. Sɨmbɨlin waiŋgeve ava bumbe, kape aliyeve. 
MRK.4.7	De, yila wit mavi yisakɨk wulakɨn gɨŋganɨk kumuwove, kapendi katɨk wulakɨnɨn vaiyendoŋevendi kavɨla witɨn ava loŋmɨ. 
MRK.4.8	De, yila wit mavin mañjika anafakɨk kumuwove. Kapekandi kambewɨ gasak tonevekandi yila ŋaikɨk ŋaikɨkɨn 30 loŋeve, yila ŋaikɨk ŋaikɨkɨn 60 loŋeve, yila ŋaikɨk ŋaikɨkɨn 100 loŋeve. Wofopɨn miyakavik loŋeve.” 
MRK.4.9	Kapekandi wun kavik sivɨleve, “Tuandukok balañjɨk mɨkɨnɨm bɨiyaŋgale.”
MRK.4.10	Jisasɨlɨn wokok guŋgundandi ŋaikɨk yika tonevendi, yila wunundi wokok 12 guŋgundandi toneve balañjun wunutuk kavɨla apɨkamule sivɨleve wulu kombɨiyeve. 
MRK.4.11	Jisasɨlɨn valatɨk kavik galaveve, “Ben yivale Gotkɨk lomɨle fombale wulu, kape yila balañjun ava yive. Apɨkamule sivɨtvale wulu katɨk ŋaikɨk bɨiya, valan. 
MRK.4.12	Kapekandi valan yataŋgɨn jɨñjɨt tonma, kape ka wuti. Yataŋgɨn bɨimbɨi tonma, kape ka juŋavi. Valan kavik pavalen juŋjuŋamavi anafak yivakandi Gotɨn bɨkɨk wulu yakakale bɨkɨk safumbatɨk mandɨve ka sivɨlapayi. Valambapa. Kape kavik ka pavi, valan.”
MRK.4.13	De, Jisasɨlɨn kavik kombɨiyeve, “Ben kasik apɨkamule sivɨtvale wulukɨk asɨk ka juŋavala? Ben apɨkamule sivɨtvale wulu wofopkɨk asɨk avik juŋavapa? 
MRK.4.14	Katɨk wit mavi mandɨvale avɨtɨn wun Gotkɨk wulu mandɨva. 
MRK.4.15	Katɨk masi kumuwole wit mavi kavik tonma, Gotkɨk wulu sivɨtvale mɨtɨk yila balañjun wokok wulu bɨiya, kape Satanɨn afɨndafɨnda ŋɨme dɨwa, katɨk valan bɨiyale wulu. 
MRK.4.16	De, mɨñakavik, kavɨla wit mavin yetɨk mɨndɨm vɨlekɨk tonmale mañjikatɨk kumuwa. Valan kavik tonma, yila balañjun Gotkɨk wulu bɨiyakandi afɨndafɨnda yive vavalawa. 
MRK.4.17	Kape valan sɨmbɨli mɨñakɨk bɨkɨk kumbaŋgitɨk. Ŋasuak ŋasuak tonmale yila balañjun Gotkɨk wulu gɨlɨpakandi valatɨk yikali yikali yaka wulu pavandi valan Gotkɨk wulu valamba, kepat. 
MRK.4.18	De, mɨñakavik, kavɨla wit mavin yisakɨk wulakɨndakɨk mɨtɨk kumuwa. Valan kavik tonma, yila balañjun Gotkɨk wulu bɨiya. 
MRK.4.19	Kape valan mañjikatɨle wulu wulu wofop towok juŋava. Moni pɨpɨwandi yila lua yivaŋga mɨliwa. Kavɨla wulun wofop Gotkɨk maŋgɨk vaiyendoŋmandi ka loŋmi. 
MRK.4.20	De, mɨñakavik, yila wit mavin mañjika anafakɨk kumuwa. Valan kavik tonma, yila balañjun Gotkɨk wulu bɨiye yive mfovakandi loŋmɨ, yila ŋaikɨk ŋaikɨkɨn 30 loŋma, yila ŋaikɨk ŋaikɨkɨn 60 loŋma, yila ŋaikɨk ŋaikɨkɨn 100 loŋma.”
MRK.4.21	De, Jisasɨlɨn kavi kombɨiyeve, “Ben yisɨ tonmaŋgapale mɨn gɨnɨŋgindi tɨmbala? Kayi. Ben katɨk mɨn mambat lolomɨk mandɨvala? Kayi. Ben mambat vɨlekɨk mandɨvala? Ye! 
MRK.4.22	Anañ gɨsakaivale wulu wofopɨn wulapa. Anañ fombe tonmale wulu tataŋgatɨk tonapa. 
MRK.4.23	Tuandukok balañjɨk mɨkɨnɨm bɨiyaŋgale.”
MRK.4.24	Jisasɨlɨn valatɨk kavik sivɨleve, “Ben bɨiyale maŋgɨk, ben mfove. Ben atɨk siŋgak masivalen Gotɨn betɨk katɨk ŋaikɨk siŋgak masivapa. Kape Gotɨn betɨk yila wusandaŋ masivapa. 
MRK.4.25	Yetɨk balañjɨkɨn yila lua tonmalen, Gotɨn yika yila lua masivapa wunutuk. Yetɨk balañjɨkɨn lua mɨñakɨk tonmalen, wunutuk tonmale lua wokok, Gotɨn yivapa.”
MRK.4.26	De, Jisasɨlɨn kavik sivɨleve, “Gotkɨk lomɨn kavikɨŋgo tonma, ŋaikɨk balañjɨkɨn wit mavi balamɨk mandɨveve. 
MRK.4.27	De, wun wukanda ñemŋɨlalilekandi vasisu paŋɨlali, kape kavɨla valundi pambi tawɨ apɨkɨkɨva, kape katɨk balañjɨkɨn katɨk apɨkɨkɨvale wulu ka juŋavi. 
MRK.4.28	De, katɨk mañjikalɨn woven ga tawɨ pambi, de, pɨndaŋ duŋmati loŋmakandi, de, pɨndaŋ vaŋ wokok mavi loŋeve. 
MRK.4.29	De, kavɨla witɨn alivakandi sɨŋgɨnma, kape balam waŋɨn ŋɨma, yivaŋga pave. Wokok jeñjekɨn balawale.”
MRK.4.30	De, Jisasɨlɨn kavik sivɨleve, “Gotkɨk lomɨn gɨtɨk woseŋgo tonma? Amban gɨtɨk wulu apɨkamule sivɨlapa? 
MRK.4.31	Wun muŋ mastet maviŋgo tonma. Katɨk mañjikatɨk mandɨvale, wun vɨvɨtka vaŋ tonma. Yila mavi wofopɨn gasak. 
MRK.4.32	Kape wunu mandɨve kambekuakɨle gasak vaŋ, wokok yila gasak gu mɨliyaŋgale, kapendi yila waŋan muaŋa kawale wokok dɨndɨŋgatɨk.”
MRK.4.33	De, Jisasɨlɨn yila kavik tonmale wulu wusandaŋ valatɨk apɨkamule sivɨleve, bɨkɨk juñjuŋamatɨle gɨkɨlikɨk. 
MRK.4.34	Wun vala wofopti tonevekandi apɨkamule wulu ŋaikɨk sivɨleve. Kape wun wokok guŋgundandi ŋaikɨndi tonevekandi, wun wokok wulu wofop matɨsivaŋmɨ sivɨleve.
MRK.4.35	De, katɨk vanɨle mfunum, valɨn mfatɨndɨmbevendi, Jisasɨlɨn wokok guŋgundatɨk sivɨleve, “Amban aŋgɨndaŋɨk govapa.” 
MRK.4.36	De, valan katɨk mfakuŋguŋeve mfa valambe ŋɨmeve. De, Jisasɨlɨn wandefaka balɨnɨk valape yisɨ mfɨtɨtiwɨ sivɨleve. Kapekandi valan wakan valapevekandi ŋɨmeve. Yila balɨŋan wakan ŋɨmeve, wunundi.
MRK.4.37	De, gasak vɨvɨlimɨn ŋɨmandi pukapukalɨn gasak vaŋɨn kambekevendi balɨlɨn maŋam mfuleve. Gasak maŋam mfulevendi ŋɨlɨwaŋga pave. 
MRK.4.38	Jisasɨlɨn fufu kalaŋmɨ fop mandɨve ñembeve vimbati. Kape valan wunu matɨmfemfembe sivɨleve, “Watpalaŋ, dɨn sawulu juŋavala, amban sɨŋgɨnapa!”
MRK.4.39	Kapendi Jisasɨlɨn kambekuakave vɨvɨlim apɨvawɨ galavevekandi maŋam wokok kavik, galaveve, “Balawɨ! Biam tonme!” Kape, de, vɨvɨlimɨn mɨñakɨk, biam toneve maŋamɨn. 
MRK.4.40	Jisasɨlɨn wokok guŋgundatɨk kavik sivɨleve, “Ben aipandi valaiva? Ben Gotkɨk wulu ava yive suwoka?”
MRK.4.41	De, valan towok valaiveve. Valan bɨsak sivɨleve, “Wun nanafat? Wun galavandi vɨvɨlimndi maŋamɨn wokok maŋgɨk bɨiye pava.”
MRK.5.1	De, Jisasɨlɨn wokok guŋgundandi maŋamguan aŋgɨndaŋɨn goveve, katɨk Gerasa galavale mɨtɨk. 
MRK.5.2	Govevekandi balɨni alikɨvevendi, de, kepat yetɨk sulak yakakale dundumɨivale balañjɨkɨn gumbiti salave ŋɨmeve, Jisasɨtɨk. 
MRK.5.3	Katɨk balañjɨkɨn gumbitɨk tonŋɨlali. Yila balañjun wunu ta kɨlɨkeve. Senɨn ava balawɨ. 
MRK.5.4	Valan anañ yikali yikali sendi gambiŋgindi kɨlia kɨlɨkeve. Kape wun kɨliatɨle sen gɨpɨtɨkevekandi gambiŋgitɨle wokok gɨpɨtɨwɨ pata pata ga kumuwove. De, balañju wofopɨn pɨtan mɨñakɨk wunu wuwaŋgapale. 
MRK.5.5	Vasisu wukanda wun gumbitɨk toneve, kape lambitɨk. Towok kolekɨlalilekandi wovene wovene wokok safu mapɨpɨlɨkeve, mundumundi.
MRK.5.6	Wun Jisas ganaiŋgatɨk wulepakavekandi Jisasɨtɨk jaŋevekandi makiye daŋdi vandamfufu amandepewɨ bakti mañjikatɨk taŋmɨ toneve. 
MRK.5.7+MRK.5.8	De, Jisasɨlɨn wunutuk sivɨleve, “Kasik sulak yakakatɨk, dɨn wunu valambe!” De, katɨk balañjɨkɨn gasak pɨtɨkti joŋmɨ sivɨleve, “Jisas, du Gotkɨk fak. Goton wusuak ŋaikɨk tonma, Gasak Wakɨn. Dɨn ŋunutuk gɨtɨk papa? Ŋɨn dutuk Gotkɨk wuŋdi aŋgeleŋmɨ sivɨtva, dɨn ŋunu yakai yakai pavandu.”
MRK.5.9	De, Jisasɨlɨn wunutuk kombɨiyeve, “Dakɨk wuŋɨn nanɨ?”
MRK.5.9	De, wun Jisasɨtɨk sivɨleve, “Ŋakɨk wuŋɨn Kamaŋ. Ñen gasakamanaŋ.” 
MRK.5.10	Wun Jisas towok galambalambaneve vala sañjaŋmɨ yetɨk mɨtɨk ga ŋɨmandu.
MRK.5.11	De, vevekatɨk yetɨk lamɨk yila vilun sakimbaŋɨn jitoneve. 
MRK.5.12	Kavɨla sulun galambalambanme sivɨleve, “Ñe kavɨla vilutuk apɨsukuve. Ñe valatɨk ga love.” 
MRK.5.13	Kape Jisasɨlɨn apɨsukuve ga ŋɨme loveve. De, valan katɨk balañjɨk valambe salavevekandi vilutuk lovevendi kavɨla vilu wofopɨn kambɨlɨmɨk jaŋ bumbe ŋɨlɨkeve maŋamguanɨk. De, 2000-iŋgo ŋɨlɨwove.
MRK.5.14	Kape, de, kavɨla vilu mañjiñjiveve balañjun mɨlevekandi sivɨleve, gia watɨkɨle balañjundi kaukatɨle balañjutuk. Kape, de, valan wofopɨn salaveve wulaŋga, katɨk paveve wulu, gɨtɨk wulu. 
MRK.5.15	De, valan Jisasɨtɨk ŋɨmevekandi katɨk kamaŋ sulu dundumɨivale balañjɨk wuleve. Wun wataŋ kɨlɨwɨ Jisasɨndi yisɨtoneve. Wokok juŋjuŋamalɨn tukuakeve, kapendi kavɨla balañjun valaiveve. 
MRK.5.16	Kavɨla wutvale balañjun Jisasɨlɨn pavale wulu yila balañjutuk sivɨleve, katɨk sulak yakakatɨk dundumɨiveve balañjɨkɨk wulundi katɨk vilukɨk wulu sivɨleve, valan. 
MRK.5.17	De, kavɨla balañjun galambalambaneve Jisasɨlɨn bɨkɨk mañjika valambe ŋɨmaŋga.
MRK.5.18	Jisasɨlɨn balɨnɨk valapaŋga pavevendi katɨk sulak yakakale dundumɨivale avɨtɨn wakan ŋɨmaŋga galambalambaneve Jisasɨtɨk. 
MRK.5.19	Kape Jisasɨlɨn wunu kavik aŋgeleŋmɨ sivɨleve, “Dɨn dakɨk mfotok dalaŋɨme, dakɨk balañjutuk sivɨtvaŋga kasik Gasak Wakɨnɨn du balambanme pavale wulu.” 
MRK.5.20	Kape, de, katɨk avɨtɨn valambe ŋɨme sivɨleve Dekapolis galavale distrikɨle balañjutuk. Wun Jisasɨlɨn wunutuk pavale wulu sivɨleve, kapendi balañju wofopkɨk kumbaŋgin kambekeve.
MRK.5.21	De, Jisasɨlɨn yika aŋgɨndaŋɨk gove alikɨvevendi balañju wusandaŋɨn wunutuk mfakuŋguŋove maŋamguan vevekatɨk. 
MRK.5.22	De, yetɨk 
MRK.5.23	galambalambanme kavik galaveve, “Ŋakɨk alepɨn sɨŋgɨnmaŋga pava. Dɨn ŋɨme kɨlik mandɨvaŋga. Kavik pavalen wun anafak tonapa, ka sɨŋgɨnapayi.” 
MRK.5.24	De, Jisasɨlɨn wunundi ŋɨmeve.
MRK.5.24	Gasakamanaŋ balañjun wakan ŋɨme wunu gɨfutupe ŋɨmeve. 
MRK.5.25	De, ŋaikɨk melɨn wakan ŋɨmeve. Wun 12 yia yila valu wusandaŋ ambala towok kakɨlali. 
MRK.5.26	Katɨk melɨn gasakamanaŋ doktalutuk ta ŋɨlali. Kape valan wunu towok ga akalakeve kape wun wokok gasakamanaŋ moni vala ta wusuwɨ valambeve. Kape wokok mamalɨkɨn ava valambe. Avan. Yika gasak toneve.
MRK.5.27	Katɨk melɨn Jisasɨkɨk wulu bɨiyeve kapekandi gasakamanaŋ balañju gɨŋgani yiŋɨmeve Jisas pɨndaŋi. Yiŋɨmevekandi wun Jisasɨkɨk wataŋ matɨvɨvɨñiŋeve. 
MRK.5.28	Wun wokoki sivɨleve, “Ŋɨn wokok wataŋ matɨvɨvɨñiŋmalen, ŋɨn anafak tonapa, yika.” 
MRK.5.29	De, kepat, wokok ambala matɨtɨkaleve. Wun juŋaveve wokok mamalɨkɨn wunu valambeve.
MRK.5.30	De, kepat, Jisasɨlɨn kavik juŋaveve yila pɨtɨkɨn wunu valambe salaveve. Kapekandi, matɨyokolowɨ sivɨleve, “Ŋakɨk wataŋ nan matɨvɨvɨñiŋma?”
MRK.5.31	De, wokok guŋgundan wunutuk sivɨleve, “Balañjun gasakamanaŋ du gɨfutupa. Dɨn aipandi galava, ‘Ŋunu nan matɨvɨvɨñiŋma?’ ” 
MRK.5.32	Kape Jisasɨlɨn joloŋeve wunu matɨvɨvɨñiŋeve balañjɨk wulaŋga.
MRK.5.33	De, katɨk melɨn valaive pɨpɨkeve. Wun juŋaveve, wokok mamalɨkɨn wunu valambeve. Kapekandi Jisasɨkɨk makɨtɨk gambiŋgi mfaiyimɨtve apɨtɨtɨlevekandi wulu vaŋu sivɨleve. Wun wokok wulu wofop sivɨleve.
MRK.5.34	De, Jisasɨlɨn wunutuk sivɨleve, “Ŋakɨk sami, dɨn kavik juŋava, ŋɨn dakɨk mamalɨk ga apɨtandaŋmaŋgapale pɨtɨkɨn tonma. Katɨk juñjuŋamandi mamalɨk valambale, dɨn. Dɨn anafak dalaŋ juŋaŋɨme. Dɨn dakɨk mamalɨkɨn yika ka yivapayi.”
MRK.5.35	Valan kamfu sivɨt tonevekatɨk, katɨk bɨkɨk Sa Wamɨle gasak avɨtkɨk mfotɨle yetɨk avɨtɨn ŋɨme sivɨleve, “Dakɨk alepɨn anañ sɨŋgɨnmale. Watpalaŋ gɨtɨk paŋga malaŋmaŋga? Ga tonme.”
MRK.5.36	De, Jisasɨlɨn bɨkɨk wulu bɨiyulu gɨlipeve. Wun katɨk bɨkɨk Sa Wamɨle gasak avɨtɨk kavik sivɨleve, “Valaivandu. Ŋakɨk wulu yive suwɨ.”
MRK.5.37	De, wun balañju wofop aŋgɨleŋevekandi wun aliluaŋguaŋ balañju ŋaikɨk malaŋeve, Pitandi Jemsɨndi Jon, Jemsɨkɨk wufaka, kavɨla aliluaŋguaŋ ŋaikɨndi wakan ŋɨmeve. 
MRK.5.38	De, valan katɨk wamɨle gasak avɨtkɨk mfotok ŋɨmevekandi, Jisasɨlɨn kavik wuleve, yila balañjun jipala salaveve, kape yila balañjun towok yekeve. De, gasak dɨndɨŋgɨt paveve, valan. 
MRK.5.39	De, Jisasɨlɨn lovevekandi sivɨleve, “Ben aipandi gasak dɨndɨŋgɨt pandi pandi yewɨ? Wun ava sɨŋgɨnme. Wun ñemba.” 
MRK.5.40	Kape valan wunu sekeve.
MRK.5.40	De, wun vala wofop tataŋgatɨk sañjaŋeve. Sañjaŋevekandi katɨk alepkɨk womendi waŋdi wokok wunundi ŋɨmeve balañjundi katɨk alepɨn toneve mɨtɨk loveve. 
MRK.5.41	De, wun katɨk alepkɨk kɨlik mfovevekandi galaveve, “Talita kum.” Wun ambɨkɨk balaŋdi kavik galava, “Kasik alepat, ŋɨn du galava, dɨn kambewɨ!” 
MRK.5.42	De, kepat katɨk alepɨn kambekevekandi makaŋɨmeve. Wun 12 krismas toneve. De, kavɨla balañjun wutve vɨlawɨkɨ pɨkɨliyeve, towok pɨkɨliyeve. 
MRK.5.43	De, Jisasɨlɨn valatɨk towok sivɨleve kasik wulu yila balañjutuk sivɨtve masivandu. Kavik sivɨlevekandi yila jeñjek katɨk aleptɨk masivaŋga galaveve.
MRK.6.1	De, Jisasɨlɨn katɨk mɨt valambe ŋɨmeve wokok watɨkɨk. Wokok guŋgundandi wakan ŋɨmeve. 
MRK.6.2	De, katɨk 
MRK.6.3	Wun katɨk kɨlikvali. Wun Mariakɨk fak. Wun Jemsɨndi Josepɨndi Jutasɨndi Saimonkɨk wuŋgiak. Wokok samilu ambandi tonma.” Kavik sivɨlevekandi, de, bɨkɨk kumbaŋgin akakalakeve, wunundi.
MRK.6.4	De, Jisasɨlɨn kavik sivɨleve, “Balañjun Gotkɨk maŋgɨk malaŋmɨ sivɨtvale balañjɨk akɨtva, kape wokok watɨk ŋaikɨk valan wunu ka akɨtvi, wokok ñiŋan wunu ka akɨtvi, wokok mfotɨle balañjun wunu ka akɨtvi.” 
MRK.6.5	Kape, de, Jisasɨlɨn gasak pɨtɨkie wulu katɨk watɨkɨk avik pavapa? Kape wun ŋaikɨk ŋaikɨk malɨwale balañju kɨlik mandɨvevendi apɨtandaŋeve. 
MRK.6.6	Valan wokok wulu ava yive suwɨ, kapendi wun towok juŋaveve.
MRK.6.6	De, Jisasɨlɨn wokok guŋgundandi wata watatɨk ŋɨlali mfɨtɨti mfɨtɨti sivɨleve. 
MRK.6.7	Kape, de, wun wokok 12 guŋgunda kañiŋmɨleve. Kañiŋɨmɨlevekandi asɨkuveve alawiñe alawiñe Gotkɨk wulu sivɨtvaŋga. Wun valatɨk pɨtɨk masiveve sulak yakakale sañjaŋmaŋgapale. 
MRK.6.8+MRK.6.9	Wun kavik galaveve, “Ben muŋfuti sundi safutɨle wataŋ ŋaikɨk malaŋmɨ. Kape yetɨk wataŋdi kaŋgaindi bretandi yila monindi malaŋmandu.” 
MRK.6.10	Wun valatɨk galaveve, “Ben yetɨk watɨkɨk ŋɨme apɨsalavakandi yetɨk ŋaikɨk mfotok love tonmumfu. Ben katɨk mfot valambe yetɨk mfotok ŋɨmandu. Kape yetɨk watɨk ŋɨmamaŋga pavalen, de, katɨk vandi katɨk mfot valambumfu. 
MRK.6.11	De, katɨk watɨkɨle balañjun be yivulu gɨlipakandi bikɨk wulu bɨiyulu gɨlipalen, de, ben vala valambe ŋɨmumfu. Kavik pavapalen ben bikɨk gambiŋgitɨle mañju bɨmbɨliŋmumfu. Kavik pamfu kavɨla balañjun bɨkɨk yaka wulu ga juŋavaŋgapale.”
MRK.6.12	Kape, de, kavɨla guŋgundan wata watatɨk ŋɨŋɨ salavevekandi sivɨleve, yila balañju anafak juñjuŋama ga yivaŋga pave. 
MRK.6.13	Valan sulak yakakale wusandaŋ sañjaŋevekandi malɨwale balañju gasakamanaŋɨk wel mandɨve anafak ga toneve.
MRK.6.14	De, 
MRK.6.15	Kape yila balañjun kavik galaveve, “
MRK.6.16	De, Herotɨn kavɨla wulu bɨiyevekandi sivɨleve, “Ŋɨn sivɨtve Jonkɨk fop ga matɨpɨtɨkeve, kape wun guami yika kambekeve.”
MRK.6.17+MRK.6.18	Anañ Herotɨn wokok Filip galavale wufakakɨk Herotias galavale me vasomɨleve. Jonon Herotɨk kavik sivɨleve, “Gotkɨk wulun kakambeve dakɨk wufakakɨk me vasomɨleve wulu.”
MRK.6.17+MRK.6.18	Kape, de, Herotɨn wokok matamatu ga ŋɨmeve Jon wuwɨ muñjɨmɨk suwove.
MRK.6.19	Kape, de, Herotiasɨkɨk kumbaŋ akalakɨlali Jondi. Wun Jon ga sɨŋgɨnmaŋga ta sivɨleve. 
MRK.6.20	Herotɨn Jon valaiveve. Wun juŋaveve Jonon balañjɨk anafawali, Gotkɨk wulu ŋaikɨk pavale balañjɨk. Kapekandi wun Jon anafak ga tonmaŋga paveve. Jonon Gotkɨk wulu sivɨlevendi Herotɨn Jonkɨk maŋgɨk bɨiyevekandi wokok kumbaŋɨn towok kambekeve, kape wun yikali yikali bɨiyaŋga mɨlikeve.
MRK.6.21	De, pɨndaŋ Herotiasɨlɨn Jon ga sɨŋgɨnmaŋgapale juñjuŋama kavik yiveve. Herotɨn yetɨk gasak vɨt paveve wokok womelɨn wunu kakeve vandi. Kape katɨk vɨtɨk wokok wakɨndundi matamatkasundi Galilitɨle yila gasak autun yiŋɨmeve. 
MRK.6.22	De, Herotiasɨkɨk alepɨn love gɨŋ sɨlɨveve, kapendi Heroti wokok vɨtɨk yiŋɨmeve balañjun vavalakeve. Kapekandi Herotɨn katɨk aleptɨk kavik sivɨleve, “Dɨn mɨliwale lua ŋunu kombɨiyumfu, ŋɨn masapa.” 
MRK.6.23	Wun galaveve, “Ŋɨn ka galavalaŋapayi. Dɨn gɨtɨk lua gɨtɨk lua kombɨiyalen, ŋɨn masapa. Dɨn ŋakɨk lomɨle yipat yivaŋga mɨliwalen, ŋɨn gɨŋgani vawa dutuk yipat masapa.”
MRK.6.24	De, katɨk alepɨn wokok wometɨk salave kombɨiyeve, “Ŋɨn avik galavapa?”
MRK.6.24	De, wokok womelɨn galaveve, “Jon, katɨk balañju maŋamɨk gaŋga bumbeve balañjɨk, dɨn wokok fop kombɨiyumfu.”
MRK.6.25	De, kepat katɨk alepɨn afɨndafɨnda ŋɨme galaveve Herotɨk, “Ŋɨn kavik mɨliwa, katɨk balañju maŋamɨk gaŋga bumbeve balañjɨk, Jon, dɨn wokok fop kamfu kamfu aŋgatɨk suwɨ masive ŋunutuk.”
MRK.6.26	De, Herotɨn katɨk wulu bɨiyevekandi juŋambɨi juŋambɨiyeve. Kape wun wokok anañ towok sivɨleve wulu juŋaveve. Wun kavɨla vɨtɨk yiŋɨmale balañju mɨmɨlikeve, kapekandi kavɨla wun sivɨleve wulu valambulu gɨlipeve. 
MRK.6.27	De, wun yetɨk wunundi tonmale matamat apɨsukuve ga ŋɨmeve Jonkɨk fop matɨpɨtɨwɨ yivaŋga. Katɨk matamatɨn muñjɨmɨk ŋɨmevekandi Jonkɨk fop matɨpɨtɨkeve. 
MRK.6.28	Matɨpɨtɨwevekandi aŋgɨtɨk suwɨ malaŋmɨ masiveve aleptɨk. De, katɨk alepɨn wokok wometɨk masiveve.
MRK.6.29	De, kavɨla wulu bɨiyevekandi Jonkɨk guŋgundan ŋɨmeve Jon sɨsɨŋgɨn yive malaŋmɨ mandɨveve guamɨk.
MRK.6.30	De, kavɨla Jisasɨlɨn apɨsukuveve 12 balañjun wunutuk yika yiŋɨmevekandi bɨkɨk valan paveve papavandi mfɨtɨtiwɨ sivɨleve wulu Jisasɨtɨk sivɨleve.
MRK.6.31	De, balañju gasakamanaŋɨn valatɨk yikali yikali yiŋɨ yiŋɨmeve, kapendi valan jeñjek avik jivapa? De, Jisasɨlɨn wokok guŋgundatɨk kavik sivɨleve, “De, ŋunundi ŋɨme. Amban muñuŋgumbaŋɨk ŋɨmama, yisɨ wuliaŋga.” 
MRK.6.32	De, valan busuak ŋaikɨk balɨndi muñuŋgumbaŋɨk ŋɨmeve.
MRK.6.33	Valan ŋɨmevendi yila balañju wusandaŋɨn wule juŋave ŋɨmeve. Wata watatɨle balañju wusandaŋɨn masi jaŋmɨ ŋɨmeve, bɨndefop. 
MRK.6.34	De, Jisasɨlɨn alikɨvevekandi wuleve balañjun mfakuŋguŋove mfa. Wulevekandi balambaneve. Wun kavik wuleve valan sipsip fuingo toneve, valan mañjiñjiveve balañjɨkɨn mɨñakɨk. De, wun wulu gasakamanaŋ mfɨtɨtiwɨ sivɨleve, valatɨk.
MRK.6.35	Kape, de, mfunum, valɨn bumbevendi wokok guŋgundan Jisasɨtɨk ŋɨme sivɨleve, “Kaikalɨn muñuŋgumbaŋ, de, valɨn bumba. 
MRK.6.36	Kavɨla balañju ga ŋɨme veveka mɨtandi watatɨk, bɨkɨk jeñjek ga wusuwaŋga.”
MRK.6.37	Kape Jisasɨlɨn wokok guŋgundatɨk kavik sivɨleve, “Ben jeñjek masive, valatɨk.”
MRK.6.37	De, valan wunu kombɨiyeve, “Ñen 200 valu tonapale monitɨle breta wusuwapala, valatɨk masive ga jivaŋga?”
MRK.6.38	Wun valatɨk sivɨleve, “Ben breta akuaŋɨn tonma? Wutvaŋga dalaŋɨme.”
MRK.6.38	Valan ŋɨme wutve balakevekandi yika yiŋɨme sivɨleve, “Ñen ŋaikɨk kɨlik bretandi alawiñ yesiŋa tonma.”
MRK.6.39	De, Jisasɨlɨn kavɨla balañju wofoptɨk kavik galaveve, “Ben gumu gumu yisɨwɨ, anafak vasembaŋɨk.” 
MRK.6.40	De, valan gumu gumu yisɨwove, yilan 100 100 yisɨwove, yilan 50 50 yisɨwove.
MRK.6.41	De, Jisasɨlɨn kavɨla ŋaikɨk kɨlik bretandi alawiñ yesiŋa yivevekandi fɨiŋga mataŋmɨ wulevekandi Gotɨk akɨtve kukuñeve. Kukuñevekandi breta pɨtɨwɨ masiveve wokok guŋgundatɨk kavɨla balañjutuk masivaŋgapale. Pavevekandi wun kavɨla alawiñ yesiŋa pɨtɨwɨ masiveve, wofoptɨk. 
MRK.6.42	Kape, de, vala wofopɨn jive balakeve. 
MRK.6.43	De, valan yila yisɨŋgalindi breta yila 12 banda yive suwɨ mɨmɨlesekeve. 
MRK.6.44	De, 5000 autun katɨk jeñjek jiveve.
MRK.6.45	Jisasɨlɨn wokok guŋgunda balɨnɨk ga valapeve aŋgɨndaŋɨk govaŋga, bɨndefop. Wun Betsaita galavale watɨkɨk ga goveve, vala. Wun wusuak toneve, kavɨla yila balañju bɨkɨk mfututuk ga ŋɨmaŋga pave. 
MRK.6.46	De, wun kavɨla balañju ga ŋɨme balakevekandi yetɨk lamɨk ŋɨme kɨvevekandi Got kukuñmaŋga.
MRK.6.47	De, katɨk wukan vaŋ, katɨk balɨlɨn maŋamguan gɨŋganɨk toneve. Kape Jisas wusuak siŋasiŋɨk toneve. 
MRK.6.48	De, wun kavik wuleve wokok guŋgundan towok yikɨveve, kape gasak vɨvɨlimɨn bɨkɨk mapalatɨk ŋɨmevendi ta yikɨveve.
MRK.6.48	De, valɨtɨk Jisasɨlɨn ŋɨmeve maŋam vɨleki. Wun vala valambe ŋɨmaŋga paveve, 
MRK.6.49	kape valan maŋam veleki wunu wuleve. Kapekandi sɨŋgɨn mui juŋavevekandi kolekeve. 
MRK.6.50	Vala wofopɨn wunu wule valaiyeve. De, kepat wun valatɨk galaveve, “Ŋunu kasik. Valaivandu! Kumbaŋgi dɨtɨpata tonme.” 
MRK.6.51	De, wun valandi balɨni valapevendi katɨk vɨvɨlɨmɨn valambeve. De, valan wutve towok mfulawɨkeve.
MRK.6.52	Valan katɨk breta masiveve wulukɨk asɨk mamaŋgoveve. Valan sipɨlavɨt yakakale balañju.
MRK.6.53	De, Jisasɨlɨn wokok guŋgundandi maŋamguan aŋgɨndaŋɨk govevekandi Genesaret galavale mɨtɨk ŋɨme balɨ dɨŋeve. 
MRK.6.54	Dɨŋevekandi balɨ valambe alikɨvevendi kavɨla balañjun wunu wule juŋaveve. 
MRK.6.55	Kapekandi valan bɨkɨk mɨta mɨta wofop jaŋɨvekandi malɨwale balañju yiveve. Valan palasuandi malaŋeve malɨwale balañju katɨk Jisasɨlɨn tonmale mɨtɨk anañ bɨiyeve, valan. 
MRK.6.56	De, Jisasɨlɨn ŋɨmeve mɨta wofop, wata wofop, gia wata wofop, mia mɨta wofop, valan bɨkɨk malɨwale balañju malaŋmɨ mfelekeve, bɨkɨk makalowale mfanɨk. Valan pavevekandi Jisasɨtɨk galambalambaneve wokok wataŋɨle mfumfut matɨvɨvɨñiŋmaŋga. Wokok wataŋɨle mfumfut matɨvɨvɨñiŋeve balañju wofopɨn bɨkɨk mamalun valambeve. 
MRK.7.1	De, yila 
MRK.7.2	Mfakuŋguŋovekandi wuleve Jisasɨkɨk yila guŋgundan jeñjek jiveve, kape bɨkɨk kɨlia yakakale, valan ava andakambe maŋamɨk.
MRK.7.3	(Kavɨla Farisitɨle balañjundi yila Jutatɨle balañjun wofopɨn bɨkɨk kɨlia ka andakambalen jeñjek ka jivapayi. Anañkɨk balañjun masiveve bɨkɨk goŋguaŋmali fulakɨn kavik toneve. 
MRK.7.4	Valan maket mandɨvale mfanɨk ŋɨme yiŋɨmevekandi, yataŋgɨn ava jive. Valan wandefaka maŋam andakambeve. Bɨkɨk goŋguaŋmali wulu wusandaŋ mɨñakavik vañjeneve. Bɨkɨk wambikasundi susumundi gɨnɨŋgiñe andakambeve.)
MRK.7.5	De, kavɨla Farisitɨle balañjundi Gotkɨk Wulu Kumbaŋgikɨk Balañjun Jisasɨtɨk kombɨiyeve, “Dakɨk guŋgundan aipandi anañkɨk balañjun masiveve goŋguaŋmali fulak ava pave? Valan yataŋgɨn jiva, kape bɨkɨk kɨlia yakakale, ava andakambe.” 
MRK.7.6	De, Jisasɨlɨn valatɨk galaveve, “Ben velek mapalandi sivɨtvale balañju! Katɨk 
MRK.7.7	Valan ŋunu yataŋgɨn ta kukuñma, valan balañjukok mfɨtɨtiwali wulu ŋakɨk wululuŋgo galava.’ ”
MRK.7.8	Jisasɨlɨn Aisaiakɨk wulu kavik galavevekandi wun wusuak yika kavik galaveve, “Ben Gotɨn Masiveve Goŋguaŋmali Fulak pindave kape balañjukok goŋguaŋmali wulu pava. 
MRK.7.9	Ben kavik juŋava, Gotɨn Masiveve Goŋguaŋmali Fulak valambakandi kape anañkɨk balañjukok goŋguaŋmali fulak pava, katɨk anafak, a? 
MRK.7.10	 anañ anañ galaveve, ‘Dakɨk waŋdi wome fofonombe.’ Wun miyakavik galaveve, ‘Yetɨk balañjɨkɨn wokok waŋdi wome moŋgopalen, ben katɨk balañjɨk matve ga sɨŋgɨnme.’ 
MRK.7.11+MRK.7.12	Kape ben pindavakandi galava yetɨk balañjɨkɨn wokok womendi waŋtɨk masivaŋgapale lua wun anañ galaveve Gotɨk masivaŋga, wun wokok womendi waŋtɨk masivandu. Kakamba. Gotkɨk lua. 
MRK.7.13	Ben mɨñakavik Gotɨn Masiveve Goŋguaŋmali Fulak valambakandi kape anañkɨk balañjun betɨk masiveve goŋguaŋmali fulak ben katɨk pava. Ben mɨñakavik pava yila wulu wusandaŋ.”
MRK.7.14	De, Jisasɨlɨn galaveve yila balañju wunutuk yika mfakuŋgumaŋga. Yiŋɨmevendi wun galaveve, “Ben ŋakɨk wulu bɨiye juŋave. 
MRK.7.15+MRK.7.16	Tataŋgatɨle yetɨk wosen balañjɨktɨk lovalen katɨk balañjɨkɨn yakatɨk balañjɨk ka tonapayi. Kayi. Balañjɨkɨk kumbaŋɨle wulun salavakandi, kavɨla wulun katɨk balañjɨk yakatɨk balañjɨk ga tonapa.”
MRK.7.17	De, Jisasɨlɨn kavɨla balañju valambevekandi mfotok ŋɨme lovevendi wokok guŋgundan wunutuk ŋɨme kombɨiyeve katɨk mfɨtɨtik sivɨleve wulu. 
MRK.7.18	De, wun valatɨk kavik galaveve, “Ben wakan juñjuŋama mɨñakɨk, a? Ben ka juŋavai, a? Tataŋgatɨle yetɨk wosen balañjɨkɨk kumbaŋɨk lovalen katɨk balañjɨkɨn yakatɨk balañjɨk ka tonapayi. 
MRK.7.19	Katɨk wosen dau ŋaikɨk love salave, kape katɨk balañjɨkɨk juñjuŋamatɨk ka lovapayi.”
MRK.7.19	Jisasɨlɨn kavɨla anañ galaveve wulu galavevendi, de, jeñjekɨn wofopɨn anafawali tonma, Gotkɨk makɨti.
MRK.7.20	Jisasɨlɨn yika kavik galaveve, “Balañjɨkɨk kumbaŋɨle wulun salavakandi, kavɨla wulun katɨk balañjɨk yakatɨk balañjɨk ga tonapa. 
MRK.7.21+MRK.7.22	Balañjukok kumbaŋɨle yila yakatɨk juñjuŋamalɨn salava. Kavɨla kavik tonma, mendulak fulak pava, lua fomba, balañju mat mat gaŋga sɨŋgɨnma, wutvɨliwa, yaka wulu yaka wulu pamfuluwa, apɨpɨlaiva, mɨmɨlika mɨñakɨk, mfamuñjuwa, maiyawa, wovene yataŋgɨn malaŋkɨva, kakaŋgɨn. 
MRK.7.23	Kavɨla yaka wulun balañjɨkɨk kumbaŋɨle. Valan katɨk balañjɨk yakatɨk ga tonma.”
MRK.7.24	De, Jisasɨlɨn katɨk watɨk valambe ŋɨmeve Tair galavale siti vevekatɨle mɨtɨk. Wun kaukati yetɨk mfotok loveve, kape wokok safulun pɨmbɨlɨŋmeve, kapekandi wun yila balañjun wunu wutvulu gɨlipeve. Kape wun avik gulipɨliyapa?
MRK.7.25	De, yetɨk melɨn, yetɨk sulak yakakatɨkɨn wokok aleptɨk dundumɨiyeve. Katɨk melɨn bɨiyeve Jisasɨlɨn yiŋɨmeve, kape, de, wun ŋɨmeve Jisasɨkɨk gambiŋgitɨk vandamfufundi amandepewɨ bakti mañjikatɨk mandɨveve.
MRK.7.26	Katɨk melɨn yetɨk wutakɨwɨ. Wokok goŋguaŋmali fulakɨn Gris galavale lomɨle, kape wokok wunu kaweve watɨkɨn Sairofonisia galavale distrikɨle.
MRK.7.26	Wun Jisasɨtɨk yiŋɨmevekandi galambalambaneve Jisasɨlɨn wokok alep dundumɨiyeve sulak yakakatɨk sañjaŋmaŋga. 
MRK.7.27	Kape Jisasɨlɨn wunutuk galaveve, “Faklia bɨndefaka ga jive. Fakliakɨk bret yive kindutɨk malipakɨle fulakɨn yakatɨk.”
MRK.7.28	Kape katɨk melɨn wunutuk sivɨleve, “Gasak Wakɨn, mambat lolomɨle kindun fakliakɨk jeñjek vɨvɨli jiva.”
MRK.7.29	De, Jisasɨlɨn wunutuk kavik galaveve, “Dɨn kavik galavandi, ŋɨn anafak bɨiya, kape dɨn dalaŋɨme. Katɨk sulak yakakatɨkɨn dakɨk alep valambe ŋɨma.”
MRK.7.30	De, katɨk melɨn mfotok ŋɨmevekandi wuleve, wokok alepɨn ñeñembaŋɨk yokowɨ toneve. Katɨk sulak yakatɨkɨn anañ valambe ŋɨmeve.
MRK.7.31	De, Jisasɨlɨn Tair valambe ŋɨmeve Saidon galavale distrikɨk. Kauka valambe ŋɨmeve Dekapolis galavale distrikɨk. Kauka valambe ŋɨmeve Galili galavale maŋamguanɨk.
MRK.7.32	De, valan yetɨk tuandusin balañjɨk Jisasɨtɨk malaŋeve. Wokok belɨn gɨkɨlikeve, wulu waiŋgeve ava sivɨtve. Kape valan Jisasɨtɨk galaveve wokok kɨlik mandɨvaŋga, katɨk balañjɨk anafak ga tonmaŋga.
MRK.7.33	De, Jisasɨlɨn katɨk balañjɨk yive kavɨla yila balañjukok mɨt valambe ŋɨmɨleve. Ŋɨmɨlevekandi wokok kɨliwavi katɨk balañjɨkɨk tuandutuk suwovekandi susupi tulevekandi wokok kɨlik katɨk balañjɨkɨk betɨk mandɨveve. 
MRK.7.34	De, Jisasɨlɨn fɨiŋga wunambin gɨvataŋmɨ wulevekandi, sikaiŋevekandi katɨk balañjɨtɨk galaveve, “Efata!” Katɨk wulu amban kavik galava, “Tɨkuaka!”
MRK.7.35	De, kepat wokok tuandun tɨkuakevekandi wokok belɨn anafak tonevekandi wulu waiŋgeve sivɨleve 
MRK.7.36	De, Jisasɨlɨn valatɨk galaveve yila balañjutuk sivɨtvandu, kape valan bala pindave sivɨleve. Wun towok apɨkakambe sivɨleve, kape valan Jisasɨkɨk maŋgɨk yika towok bala pindave sivɨleve. 
MRK.7.37	Kape, de, kavɨla yila balañjun, bɨkɨk kumbaŋgin towok vaŋ kambekeve, kapekandi galaveve, “Wun wulu wulu wofop waiŋgeve pava. Wun tuandusin balañju wulu ga bɨiya. Wun maŋgɨk miyakɨk balañju wulu ga sivɨtva.”
MRK.8.1	De, yetɨk vandi yila balañjun wusandaŋ mfakuŋguŋove, kape valan jeñjekɨn mɨñakɨk. Kape, de, Jisasɨlɨn wokok guŋgunda kañiŋmɨ ga yiŋɨmevekandi galaveve, 
MRK.8.2	“Ŋɨn kavɨla balañju balambanma. Valan valu alilam tonmale, kape jeñjekɨn mɨñakɨk. 
MRK.8.3	Ŋɨn vala yataŋgɨn gunaŋa apɨsukuvalen bɨkɨk mfututuk, yilan gunaŋaka masi sɨŋgɨnapati. Yilan ganaiŋgati yiŋɨmale.”
MRK.8.4	De, wokok guŋgundan wunutuk galaveve, “Kaikalɨn muñuŋgumbaŋ, jeñjek miyakɨk mɨt. Amba breta akati yivapa kavɨla balañju ga jivaŋga?”
MRK.8.5	Wun valatɨk kombɨiyeve, “Ben breta akuaŋ?”
MRK.8.5	Valan galaveve, “7 breta.”
MRK.8.6	De, Jisasɨlɨn galave mañjikatɨk ga yisɨwove, kavɨla balañju. Wun kavɨla 7 breta yivevekandi Gotɨk akɨtve kukuñevekandi pɨtɨwɨ masiveve wokok guŋgundatɨk, kavɨla yila balañjutuk ga masivaŋga. De, valan kavɨla balañjutuk masiveve. 
MRK.8.7	De, valan yila sa yesiŋa toneve, ŋaikɨle. Wun Got akɨtve galavevekandi kavɨla yesiŋa ga masiveve, miyakavik.
MRK.8.8	Valan jeñjek jive mamalasewɨ balawɨ, valambeve makandu 7 bandatɨk yive suwɨ mamalasekeve. 
MRK.8.9	Kavɨla balañjun 4,000-iŋgo toneve.
MRK.8.10	De, Jisasɨlɨn vala apɨsukuve ga ŋɨmevekandi wun wokok guŋgundandi yetɨk balɨni valape aŋgɨndaŋɨk goveve Dalmanuta galavale distrikɨk.
MRK.8.11	De, yila 
MRK.8.12	De, Jisasɨlɨn wokok kumbaŋɨn saŋmɨkɨ apɨwoselevekandi kavik galaveve, “Kamfu tonmale balañjun ga juŋavaŋgapale gasak pɨtɨkɨle wulu aipandi wulaŋga mɨliwa? Ŋɨn wulu vaŋu betɨk sivɨtva, valan ka wulapayi. Ŋɨn vala ga wutvaŋga ka pavapayi.” 
MRK.8.13	De, wun vala valambe ŋɨmevekandi balɨnɨk yika valapevekandi aŋgɨndaŋɨk goveve.
MRK.8.14	De, Jisasɨndi wokok guŋgundan bret gɨnanambe valambe ŋɨmeve. Ŋaikɨk bret ŋaikɨkɨn balɨ kumbaŋɨk toneve. 
MRK.8.15	De, Jisasɨlɨn valatɨk kavik galaveve, “Ben waiŋgeve, 
MRK.8.16	Wokok guŋgundan bɨkɨk gumi wokok sivɨleve wulu sivɨt pɨiyeve. Valan kavik sivɨleve, “Amban bretɨn mɨñakɨk.”
MRK.8.17	Jisasɨlɨn valan sivɨleve wulu juŋavevekandi sivɨleve, “Ben aipandi bretɨn miyakɨk tonmale wulu sivɨtva? Ben ka juŋavi, a? Bikɨk kumbaŋgi ava tɨkuakɨka? Bikɨk juñjuŋamalɨn apɨvɨtɨpalia? 
MRK.8.18	Ben sɨpalakɨk, kape ka wuti, a? Ben tuandukok, kape ka bɨsi, a? Ben gɨnanambale, a?
MRK.8.19	Ŋɨn bret ŋaikɨk kɨlik pɨtɨk pɨliŋevekandi 5,000 balañjukok, jive gɨpɨive valambeve bretandi ben akuaŋ banda suwove?”
MRK.8.19	Valan wunutuk sivɨleve, “12.”
MRK.8.20	Jisasɨlɨn valatɨk yika galaveve, “Ŋɨn bret 7 pɨtɨk pɨliŋevekandi 4,000 balañjukok, jive gɨpɨive valambeve bretandi ben akuaŋ banda suwove?”
MRK.8.20	Valan wunutuk sivɨleve, “7.”
MRK.8.21	Wun valatɨk galaveve, “Ben ka juŋavi, a?”
MRK.8.22	De, Jisasɨndi wokok guŋgundan Betsaita galavale watɨkɨk apɨsalave ŋɨmeve. Apɨsalave ŋɨmevendi katɨk watɨkɨle balañjun wunutuk malaŋeve yetɨk sɨpala yakakalekɨk balañjɨk. Valan wunu galambalambaneve Jisasɨlɨn wunutuk kɨlik mandɨvaŋga. 
MRK.8.23	Kape Jisasɨlɨn wokok kɨlik mfovevekandi wunu watɨk kutuk malaŋeve. Malaŋevekandi wokok sɨpalatɨk susupi tulevekandi kɨlia wunutuk mandɨvevekandi kavik kombɨiyeve “Dɨn yila lua wutvala?” 
MRK.8.24	De, wun wutve wulevekandi kavik galaveve, “Ŋɨn balañju wutva, kape muŋaŋgo ŋɨmakatɨk wutva.”
MRK.8.25	De, Jisasɨlɨn wokok kɨlia katɨk balañjɨkɨk sɨpalatɨk yika mandɨveve. Mandɨvevendi katɨk avɨtɨn towok jɨlevekandi, de, tɨkuakave, wun waiŋgeve wuleve, lua wofop. 
MRK.8.26	De, Jisasɨlɨn wokok mfotok apɨsukuve ga ŋɨmeve. Wun kavik galaveve, “Dɨn watɨkɨk apɨsalavandu.”
MRK.8.27	De, Jisasɨlɨn wokok guŋgundandi yila watatɨk ŋɨmeve. Sisaria Filipai galavale siti vevekatɨk tonmale kavɨla. Valan mai ŋɨmevekatɨk wun wokok guŋgundatɨk kombɨiyeve, “Yila balañjun ŋunu nani galava?”
MRK.8.28	Valan wunutuk galaveve “Yilan galava Jon, katɨk maŋamɨk ga bumbale fak. Yilan galava 
MRK.8.29	Kape wun vala yika kombɨiyeve, “Ben ŋunu nanifak galava?”
MRK.8.29	De, Pitalɨn kavik galaveve, “Dɨn Krais tonma, katɨk Gotkɨk Balañju Yika Yivaŋgapale Balañjɨk.”
MRK.8.30	De, wun vala apɨkakambeve, valan katɨk wun Krais tonmale wulu sivɨtvandu yila balañjutuk.
MRK.8.31	De, Jisasɨlɨn valatɨk yila wulu mfɨtɨtiwɨ sivɨleve. Kavɨla wulu kavik tonma, yila balañjun yaka wulu wusandaŋ 
MRK.8.32	Wun kavɨla wulu matɨsivaŋmɨ sivɨleve. Kape, de, Pitalɨn wun malaŋevekandi vavawɨ sivɨleve.
MRK.8.33	De, Jisasɨlɨn matɨyokolowovekandi wokok yila guŋgunda wuleve. Wun Pita mɨñakavik vavawɨ sivɨleve, “
MRK.8.34	De, Jisasɨlɨn ga yiŋɨmevekandi wokok guŋgundandi yila balañju wusandaŋ. Wun valatɨk kavik sivɨleve, “Yetɨk balañjɨkɨn ŋunu vañjenme ŋɨmaŋga mɨliwalen, woven mɨliwale juñjuŋama ga valambe, kape wokok mamatawi muŋ ga afufulive malaŋmɨ ŋunu vañjenme. 
MRK.8.35	Yetɨk balañjɨkɨn wovene wovene kamfu kamfu kasik mañjikatɨk alilekalak tonmaŋgapale wulu gasak wulu vaŋ juŋava. Kavik juŋavale balañjɨkɨn sɨŋgɨnapa. Kape yetɨk balañjɨkɨn kavik ka juŋavi. Wun wokok woven tonmaŋgapale wulu gasak we ka galavi. Wun ŋunundi Gotkɨk wulu anafu malaŋkɨve juŋava, kapekandi sɨŋgɨnma. Kavik juŋavale balañjɨkɨn alilekalak tonŋɨmama.
MRK.8.36	Yetɨk balañjɨkɨn lua wofop vaŋ wofop yiva, kapekandi sɨŋgɨnmalen, kavɨla luan wunu anafak avik ga tonapa? 
MRK.8.37	Katɨk balañjɨkɨn woveñe woveñe gɨtɨk luandi wusukapa, alilekalak yika tonmaŋga?
MRK.8.38	Kamfu tonmale yakakale balañjun, Got valambale balañjun, betɨle yetɨk balañjɨkɨn ŋunundi ŋakɨk wulu mɨmɨliwɨ ŋaŋalambalen, Balañjɨkɨk Fakɨn, wokok wun yiŋɨmale vandi, wun mɨñakavik mɨmɨliwɨ ŋaŋalambapa katɨk balañjɨk. Balañjɨkɨk Fakɨn katɨk vandi wokok Waŋkɨk gasak pɨtɨkti valɨŋgo apɨkowɨ yiŋɨmama Gotkɨk anafawali luasamban sulundi.”
MRK.9.1	Jisasɨlɨn valatɨk kavik galaveve, “Ŋɨn wulu vaŋu betɨk sivɨtva, kaikatɨk sambɨtve tonmale yila balañjun kavik wulapa, Gotɨn gasak pɨtɨkɨk Juwutkasak tonapa. Wandefaka ka sɨŋgɨnapayi, yilan.”
MRK.9.2	De, valu 6 vandi, Jisasɨlɨn Pitandi Jemsɨndi Jon ŋaikɨk yive malaŋɨve, yetɨk lam wunambin vaŋɨk. Kaukatɨk valan bɨsak tonevekandi wuleve yetɨk fulakɨn wunutuk apɨsalavevendi kape wun yindaŋdi toneve. 
MRK.9.3	Wokok wataŋu towok vavaivɨkɨve, towok vaŋ kɨliavɨkɨve. Kasik mañjikatɨle yetɨk balañjɨkɨn wokok wataŋu avik ga kɨliavɨkapa, kavik. 
MRK.9.4	De, wokok guŋgundan kavik wulevekatɨk 
MRK.9.5	Kape, de, Pitalɨn Jisasɨtɨk kavik sivɨleve, “Watpalaŋ, amban kaikatɨk tonma anafak. Ñe kakalak mfutu alilam ga gɨve, dakɨk yetɨk, Mosesɨkɨk yetɨk, Elaijakɨk yetɨk.” 
MRK.9.6	Kavɨla guŋgundan towok valaiyevendi Pitalɨn kavik galaveve.
MRK.9.7	De, yetɨk yaŋgɨmɨn ŋɨme vala tɨmbevendi yaŋgɨm kumbaŋñi yetɨk maŋgɨkɨn kavik sivɨleve, “Ŋakɨk towok mɨliwale fakɨn kasik. Ben wunu bɨiye.” 
MRK.9.8	Valan kepat ta maiyokolok mfɨiyokolokevekandi Jisas ŋaikɨk wuleve valan.
MRK.9.9	De, lam bumbevekandi sivɨlɨmeve Jisasɨlɨn. Katɨk valan wuleve wulu apɨkakambe sivɨleve. Wun kavik sivɨleve, “Kamfu ben wutvale wulu sivɨtvandu. Balañjɨkɨk Fakɨn sɨŋgɨnme kambekuakɨle vandi pɨndaŋ matɨsivaŋmɨ sivɨtvumfu.” 
MRK.9.10	Kavɨla wulun bɨkɨk kumbaŋgi ŋaikɨktɨk tonŋɨlali. Kape valan bɨvene bɨvenetɨk kombɨi kombɨi sivɨt pɨiyeve. Katɨk sɨŋgɨnme kambekuakɨle wulu sivɨt pɨiyeve, valan.
MRK.9.11	Valan wunutuk kavik kombɨiyeve, “
MRK.9.12	De, wun valatɨk kavik sivɨleve, “Kavik tonma. Elaijalɨn wandefaka yiŋɨmama wulu wofop waiŋgeve mfavɨliñjiwaŋga pave. Kape Gotkɨk Buk kumbaŋɨle wulu aipava? Kavik moleve, Balañjɨkɨk Fakɨn yakai yakai tonapa, kape yila balañjun wunu maiyakapa. 
MRK.9.13	Kape ŋɨn kavik galava, Elaijalɨn anañ yiŋɨmeve. Yila balañjun wunutuk bɨkɨk juñjuŋamandi paveve. Gotkɨk buk kumbaŋɨle anañ moleve wulu miyakavik paveve, valan.”
MRK.9.14	De, Jisasɨlɨn Pitandi Jemsɨndi Jonɨndi wokok yila guŋgundatɨk yiŋɨmevekandi wuleve, valatɨk mfakove toneve gum. Katɨk gum kumbaŋɨle yila 
MRK.9.15	De, kavɨla gumɨle balañjun wofopɨn Jisas wulevekandi bɨkɨk kumbaŋgin kepat kambekeve. Valan wunu wutve jaŋevekandi wunu wutve vavalawa galaveve, “Anafak yiŋɨma!”
MRK.9.16	Wun valatɨk kombɨiyeve, “Ben gɨtɨk wulu sivɨt pɨiya?”
MRK.9.17	De, katɨk gum kumbaŋɨle yetɨk balañjɨkɨn galaveve, “Watpalaŋ, ŋakɨk fak yetɨk sulak yakakatɨkɨn dundumɨive maŋgɨk miyakɨk ga tonma, kapendi ŋɨn dutuk malaŋma. 
MRK.9.18	Katɨk sulak yakakatɨkɨn dundumɨivendi wun gapakandi suapɨn salava mamaliŋñi kapekandi ŋandu lɨkɨtɨwa safulun pektaŋmuwa. Ŋɨn dakɨk guŋgundatɨk ga sañjaŋmaŋga ta kombɨiya. Valan ka balawɨ.”
MRK.9.19	De, Jisasɨlɨn valatɨk kavik galaveve, “Ben kamfu tonmale balañju. Ben Gotkɨk wulu yive susuka mɨñakɨk balañju. Ŋɨn bendi akuaŋ valu tonapa? Ŋɨn valu valu be ta mfɨtɨti mfɨtɨti sivɨtvale. Ben ka juŋavi, a? Ŋɨn valu akuaŋ kavik pavapa, betɨk? Katɨk fak ŋunutuk malaŋmɨ!” 
MRK.9.20	De, valan wunu Jisasɨtɨk malaŋevendi katɨk sulak yakakatɨkɨn Jisas wulevekandi katɨk fak ga gapeve. Katɨk fakɨn mañjikatɨk kukumukevekandi asokopekevendi suapɨn salaveve mamaliŋñi.
MRK.9.21	De, Jisasɨlɨn katɨk fakɨk waŋtɨk sivɨleve, “Valu akuaŋ kavik toneve?”
MRK.9.21	Wun galaveve, “Sawekatɨk mandɨvɨleve, wun. 
MRK.9.22	Yila valu katɨk sulak yakakatɨkɨn mɨndatɨk gaŋga kumukeve yila valu maŋambitɨk gaŋga kumukeve, wunu ga sɨŋgɨnmaŋga pave. Kape dɨn balawalen, ñe balambanmakandi matɨkokolewɨ.”
MRK.9.23	Jisasɨlɨn wunutuk sivɨleve, “Dɨn aipandi galava ‘Dɨn balawalen’? Yetɨk balañjɨkɨn kavik juŋavalen, ‘Gotɨn balawa,’ de, katɨk balañjɨkɨn balakapa wulu wulu wofop pavaŋga.”
MRK.9.24	De, kepat katɨk fakɨk waŋɨn galaveve, “Ŋɨn kavik juŋava! Ŋɨn ta juŋavale daŋ waiŋgeve ga juŋave.”
MRK.9.25	De, Jisasɨlɨn wulevekandi yila balañjun wusandaŋ jaŋmɨ mfakuŋgumove, wun katɨk sulak yakakatɨkɨk apɨkakambe sivɨleve, “Dɨn, maŋgɨk ga valambalendi tuandu sin ga tonmale sulak, ŋɨn du apɨkakambe sivɨtva, wunu valambe dalaŋɨme. Wunutuk yika dundumɨivaŋga yiŋɨmandu.”
MRK.9.26	De, katɨk sulakɨn ga kolewɨ gapevekandi wunu valambe ŋɨmeve. Kape katɨk fakɨn sɨsɨŋgɨn vaŋɨŋgo toneve. Mɨñakavik wulevekandi balañjun wusandaŋɨn sivɨleve, “Wun anañ sɨŋgɨnmale.” 
MRK.9.27	Kape Jisasɨlɨn wokok kɨlikɨk mfove mfakambekevendi wun kambewɨ sambɨleve. 
MRK.9.28	De, Jisasɨlɨn wokok guŋgundandi vala valambe ŋɨme loveve yetɨk mfotok. Valan bɨsak tonevekandi Jisasɨtɨk kavik kombɨiyeve, “Ñen aipandi katɨk sulak yakakatɨk sañjaŋmaŋga ta pava?”
MRK.9.29	Wun valatɨk kavik galaveve, “Kavik tonmale sulun ŋaikɨk fulakɨn ŋaikɨkɨn tonma, sañjaŋmaŋgapale, ambɨkɨk Waŋ kukuñmalen, balakapa.”
MRK.9.30	De, Jisasɨlɨn wokok guŋgundandi katɨk mɨt valambe ŋɨmeve. Valan Distrik Galili ŋɨŋawɨ ŋaikɨndi ŋɨmeve. Jisasɨlɨn wokok guŋgundantɨk yila mfɨtɨtiwale wulu sivɨtvaŋga mɨlikeve, kapekandi yila balañjutuk wunu ga wutve juñjuŋawulu gɨlipeve. 
MRK.9.31	Wun wokok guŋgunda kavik mfɨtɨtikeve yetɨk balañjɨkɨn 
MRK.9.32	Wokok Guŋgundan wokok wulu mamaŋguve kape kombɨiyulu valaiyeve.
MRK.9.33	De, Jisasɨlɨn wokok guŋgundandi Kaperneam galavale watɨk apɨsalave ŋɨmevekandi mfotok ŋɨme loveve. Lovevendi Jisasɨlɨn wokok guŋgundatɨk kombɨiyeve, “Masi ŋɨmakandi ben gɨtɨk wulu sivɨlɨma?”
MRK.9.34	Kape valan wulu mɨñakɨk. Valan masi ŋɨmevekandi vala gɨŋgani nan gasak tonapale wulu sivɨlɨmeve bɨvene bɨvenetɨk.
MRK.9.35	Kape, de, Jisasɨlɨn yisɨkevekandi gave ga yiŋɨmeve, wokok 12 guŋgunda. Yiŋɨmevendi valatɨk kavik sivɨleve, “Yetɨk balañjɨkɨn gasak vaŋ tonmaŋga mɨliwalen, wovene wovene mañjika vaŋɨk malaŋbumbe yila balañju wofopkɨk luasamban tonme.”
MRK.9.36	De, Jisasɨlɨn yetɨk fakliak yive mfapiŋgapeve bɨkɨk gɨŋganɨk. Wun mamatawuwɨ tonevekandi valatɨk kavik galaveve, 
MRK.9.37	“Yetɨk balañjɨkɨn ŋunu juŋavalen kapekandi yetɨk kavik tonmale fak matɨkokolewalen, wun ŋunu matɨkokolewa. Mɨñakavik yetɨk balañjɨkɨn ŋunu matɨkokolewalen wun ŋunutuk ka pavi. Kayi. Wun ŋakɨk ŋunu apɨsukuve ga yiŋɨmale Waŋ matɨkokolewa.”
MRK.9.38	De, Jonon Jisasɨtɨk galaveve, “Watpalaŋ, ñen dakɨk wuŋdi sulak yakakale sañjaŋmale balañjɨk wutvale. Wun amba ava vañjenme kapendi ñen wunu apɨkakambale.”
MRK.9.39	Kape Jisasɨlɨn kavik galaveve, “Wunu apɨkakambandu. Yetɨk balañjɨkɨn ŋakɨk wuŋdi gasak pɨtɨkie wulu pavalen, wun kamfu kamfu ŋunu avik maiyakapa? 
MRK.9.40	Ambatɨk yakavik ka pavale balañjɨkɨn ambatɨk anafak pava. 
MRK.9.41	Yetɨk balañjɨkɨn juŋavalen ben 
MRK.9.42	Jisasɨlɨn kavik galaveve, “Yila faklian ŋakɨk wulu yive suwapa. Yetɨk balañjɨkɨn kavik tonmale fak ŋakɨk wulu ga valambalen, wun yakai yakai vaŋ tonapa. Yila balañjun wandefaka katɨk balañjɨk yetɨk gasak mɨndɨm wokok bɨŋbatɨk dɨŋmakandi gia maŋamguanɨk yukuakɨ ga ŋɨlɨwalen, valan anafak pava wunutuk. Ŋɨlɨwale fulakɨn yakai yakai vaŋ gaveka. Yetɨk balañɨkɨn safakliak pave ŋunu ga valambalen, ŋɨn yakakatɨk vaŋ wunutuk papa.
MRK.9.43+MRK.9.44	Kape, de, dakɨk yetɨk kɨlikɨn yakakatɨk fulak pavalen, kapendi dɨn miyakavik yakakatɨk fulak paviŋgi, de, dɨn dakɨk kɨlik matɨpɨtɨkumfu. Dɨn Wunambinɨk ŋaikɨk kɨlikti ŋɨmalen, dɨn anafak tonapa. Kape dɨn alawiñ kɨliandi Heltɨk ŋɨmalen, dɨn yakai yakai vaŋ tonapa. Heltɨle mɨnɨn kusimbeve mɨn gaveka. 
MRK.9.45+MRK.9.46	Dakɨk yetɨk gambaŋɨn yakakatɨk fulak pavalen, kapendi dɨn miyakavik yakakatɨk fulak paviŋgi, dɨn dakɨk gambaŋ matɨpɨtɨkumfu. Ŋaindaŋ gambaŋdi Wunambinɨk ŋɨmalen, dɨn anafak tonapa. Kape dɨn Heltɨk gambiŋgi alawindi ŋɨmalen, dɨn yakai yakai vaŋ tonapa. 
MRK.9.47	Dakɨk yetɨk sɨkɨlɨn yakakatɨk fulak pavalen, kapendi dɨn miyakavik yakakatɨk fulak paviŋgi, dɨn dakɨk sɨkɨ dɨkumfu. Dɨn Gotkɨk watɨkɨk ŋaindaŋ sɨkɨndi ŋɨmalen, dɨn anafak tonapa. Kape dɨn Heltɨk sɨpala alawiñdi ŋɨmalen dɨn yakai yakai vaŋ tonapa. 
MRK.9.48	Heltɨle mfumfundan ka sɨŋgɨnapayi. Mɨñakavik Heltɨle mɨnɨn ka kusimbapayi.
MRK.9.49	Mɨnɨk apɨkuwapa balañju wofoptɨk sota mfafɨlewalɨŋgo.
MRK.9.50	Sotan anafak. Kape sotan sotaŋgo ka gɨŋgɨliŋmalen, dɨn avik pave yika anafak ga tonapa? Bikɨk kumbaŋgi sotaŋgo ga gɨŋgɨliŋmɨkaŋga, kapekandi bivene bivenendi ka ŋɨliwa.”
MRK.10.1	De, Jisasɨlɨn wokok guŋgundandi Kaperneam valambe ŋɨmeve Distrik Jutatɨk Jordan maŋamguan aŋgɨndaŋɨk. De, balañjun wusandaŋɨn yika wunutuk mfakaŋguŋove. Kape, de, wun wokok fulak kavik paveve, wun valatɨk yila wulu mfɨtɨtiwɨ sivɨleve.
MRK.10.2	De, yila 
MRK.10.3	Jisasɨlɨn kavik galaveve, “Anañ anañ 
MRK.10.4	Valan kapendi kavik galaveve, “Mosesɨlɨn galaveve yetɨk avɨtɨn wokok me apɨtomoñmaŋga pavalen katɨk avɨtɨn wokok me apɨtomoñmaŋgapale janda motve masive wokok metɨk.”
MRK.10.5	De, Jisasɨlɨn valatɨk kavik galaveve, “Ben wulu pindavale balañju, kapendi Mosesɨlɨn katɨk ŋaikɨk wulu betɨk motve masiveve. 
MRK.10.6	Kape anañ anañ vaŋ Gotɨn yila wulu galaveve. Gotɨn lua wofop mandɨvevekandi, wun balañju mañjikatɨk gotve mandɨveve. Avɨti me mandɨveve, wun. 
MRK.10.7	Gotɨn kavik paveve, kapekandi wun ambatɨk kasik fulak masiveve. De, yetɨk avɨtɨn wokok waŋdi wome valambakandi wokok me yivpa. 
MRK.10.8	Yivakandi valan alawiñɨñ ŋaikɨk safu tonapa. Valan alawiñɨñ gaveka. Kayi. Ŋaikɨk balañjɨkɨŋgo tonapa. 
MRK.10.9	Kape, de, Gotɨn anañ mfakuŋove balañju, yetɨk balañjɨkɨn apɨtomoñmandu.”
MRK.10.10	De, Jisasɨndi wokok guŋgundan mfotok ŋɨmevendi wokok guŋgundan katɨk wun anañ sivɨtvale me apɨtomoñmale wulu yika kombɨiyeve. 
MRK.10.11	Kapendi wun valatɨk galaveve, “Yetɨk avɨtɨn wokok me apɨtomoñme yetɨk me yivalen, wun mendulak fulak pava. Wun wunutuk yakai yakai pava. 
MRK.10.12	Miyakavik yetɨk melɨn wokok malat apɨtomoñme yetɨk malat yivalen, wun miyakavik mendulak fulak pava.”
MRK.10.13	De, yila balañjun faklia Jisasɨtɨk malaŋmaŋga paveve, wun vala mfovaŋga. Kape wokok guŋgundan vala apɨkakambe galaveve.
MRK.10.14	Jisasɨlɨn kavik wulevekandi gɨlipe valatɨk kavik sivɨleve, “Faklia ŋunutuk ga yiŋɨme. Apɨkakambe sivɨtvandu. Gotkɨk lomɨle balañjun kavik tonmale balañju. 
MRK.10.15	Ŋɨn wulu vaŋu betɨk sivɨtva, yetɨk balañjɨkɨn Got lolom tonmaŋga sa fakliakiŋgo ka vavalawalen wun Gotkɨk watɨk avik lovapa? Kayi vaŋ.” 
MRK.10.16	Kape, de, Jisasɨlɨn kavɨla faklia mamatawuwo kɨlia valatɨk mandɨve kukuñeve, Gotɨn valatɨk wulu anafu ga pavaŋga.
MRK.10.17	De, Jisasɨlɨn yetɨk mɨtɨk ŋɨmevekatɨk yetɨk avɨtɨn wunutuk jaŋmɨ yiŋɨmevekandi vandamfufu mañjikatɨk mandɨvevekandi kombɨiyeve, “Watpalaŋ Anafawali. Ŋɨn avik pave Gotki tonŋɨmama siŋambamavi?”
MRK.10.18	Jisasɨlɨn wunutuk kavik sivɨleve, “Dɨn ŋunutuk aipandi anafawali galava. Got ŋaikɨkɨn tonma anafawali. 
MRK.10.19	Dɨn aipandi kombɨiya? Dɨn 
MRK.10.20	De, katɨk avɨtɨn Jisasɨtɨk sivɨleve, “Watpalaŋ, ŋɨn sawekatɨk mandɨvɨli miyakavik kavɨla wulu ŋaikɨk juŋave paŋɨlali.”
MRK.10.21	Jisasɨlɨn wunu wulevekandi towok mɨlikevekandi kavik sivɨleve, “Dɨn yetɨk ŋaikɨk fulak ava pave. Dɨn dakɨk lua yila balañjutuk ga wusuwɨ. Yivale moni miña balañjutuk yataŋgɨn masive. Kavik pavakandi dɨn lua wusandaŋ Hevenɨk tonapa. Kape, ŋɨme. Ŋunu vañjenme ŋɨme.”
MRK.10.22	Katɨk maŋgɨk bɨiyevekandi baŋgaivɨkɨ ŋɨmeve. Wokok lua gasakamanaŋ toneve.
MRK.10.23	De, Jisasɨlɨn wokok guŋgundatɨk wutve sivɨleve, “Lua wusandaŋ tonmale balañjun Got lolomɨk tonmaŋga ta mandɨmbɨi mandɨmbɨiapati.”
MRK.10.24	Wokok guŋgundan wokok wulu bɨiyevekandi bɨkɨk kumbaŋgin kambekeve. Kape Jisasɨlɨn yika sivɨleve, “Wufakali. Balañjun Gotkɨk lolomɨk tonmaŋga ta mandɨmbɨi mandɨmbɨiapati. 
MRK.10.25	Gaŋgɨikɨk fopɨle guanɨk kameltɨn love salavakalen ka balakaŋgale. Miyakavik lua wusandaŋ tonmale yetɨk balañjɨkɨn Gotkɨk watɨk avik lovapa. Kape katɨk lua towok tonmale balañjɨkɨn Gotkɨk watɨk ta lovale wulun kameltɨn gaŋgɨikɨk fopɨle guanɨk love salavale wulu matɨkakalɨwa.” 
MRK.10.26	Wokok guŋgundan kavik bɨiye towok pɨkɨliye kombɨiyeve Jisasɨtɨk, “Miyakavik tonmalen, nan Gotki tonŋɨmama siŋambamavi?”
MRK.10.27	Jisasɨlɨn vala wutve sivɨleve, “Balañjun avik? Kape Gotɨn balakapa. Wun pava wulu wulu wofop.”
MRK.10.28	De, Pitalɨn wunutuk galaveve, “Wutve, ñen lua wofop valambevekandi vañjenma, du.”
MRK.10.29	De, Jisasɨlɨn sivɨleve, “Ŋɨn wulu vaŋu betɨk sivɨtva, yetɨk balañjɨkɨn ŋunu vañjenme mɨliwakandi wokok mfoti wuŋgiaki wuiñaŋdi wufakandi avɨti samindi waŋdi womendi mañjikandi faklia valambalen ŋunundi Gotkɨk wulu anafu vañjenmaŋga, 
MRK.10.30	wun kamfu watɨk tonmale vandi 100 mfutundi wufakalindi samilundi womeandundi fakliandi mañjika yivapa. Kape yila balañjun yaka wulu wunutuk papa. Kape wun pɨndaŋ siŋambamavi tonŋɨmama Gotki. 
MRK.10.31	Kape yila wusandaŋ kamfu gasak tonmale balañju Gotɨn malaŋbumbapa. Kape yila wusandaŋ wuŋa miyakɨk tonmale balañju Gotɨn malaŋkɨvapa.”
MRK.10.32	De, Jisasɨlɨn wokok guŋgundandi yila balañjundi Jerusalemɨk masi ŋɨmeve. Jisasɨlɨn wandefop ŋɨmeve. Valan pɨndaŋɨle balañjun veven juŋavevekandi valaiyeve. Mai kamfu ŋɨmevekandi Jisasɨlɨn wokok guŋgunda yive sivɨlɨmeve wunutuk pɨndaŋ pavaŋgapale papawa. 
MRK.10.33	Wun kavik sivɨleve, “Bɨiye. Amban Jerusalemɨk ŋɨma. Yetɨk balañjɨkɨn 
MRK.10.34	Kavɨla wutan wunu maiyawakandi susupi tulakandi towok paiyakandi matve ga sɨŋgɨnapa. Matve ga sɨŋgɨnmindi wun alilaŋgɨk vandi yika kambekapa.”
MRK.10.35	Sepatikɨk fun, Jemsɨndi Jon, valan Jisasɨtɨk ŋɨme kombɨiyeve, “Watpalaŋ, ñen kombɨiyale wulu dɨn pavaŋga mɨliwa.”
MRK.10.36	Jisasɨlɨn valatɨk sivɨleve, “Ben ŋɨn gɨtɨk we pavaŋga mɨliwa?”
MRK.10.37	Valan sivɨleve, “Dɨn gasak tonmakandi ñetɨle yetɨk mamataŋ ga yisɨwɨ, yetɨk aŋgataŋ ga yisɨwɨ.”
MRK.10.38	De, Jisasɨlɨn valatɨk sivɨleve. “Ben kombɨiyale wulu ben waiŋgeve ka juŋavi. Ben waiŋgeve jivapala kasik ŋɨn jivapale wombikasak? Katɨk ŋɨn maŋamɨk bumbale we ben wakan kavik bumbapala?”
MRK.10.39	Valan galaveve, “Ñen balawa.”
MRK.10.39	Kape, de, Jisasɨlɨn valatɨk sivɨleve, “Ŋɨn jivapale wombikasak ben jivapa. Miyakavik ŋɨn maŋamɨk bumbale we ben miyakavik bumbapa. 
MRK.10.40	Kape mamataŋdi aŋgataŋɨk yisɨwaŋgapale wulu ŋakɨk wulu gaveka. Kavɨla tɨkɨmu Gotɨn galavale balañjukok.”
MRK.10.41	Kavɨla yila fopat guŋgundan kavɨla wulu bɨiyevekandi bɨkɨk kumbaŋgin yakakale, Jemsɨndi Jontok. 
MRK.10.42	Kape Jisasɨlɨn vala ga yiŋɨmevekandi galaveve, “Ben juŋava, wutan yila balañju gasak wakɨn galava. Kavɨla wutatɨle gasak wakundun bɨkɨk lolomɨk tonmale balañju bɨkɨk wulu ga bɨiye pave. Bɨkɨk gasak autun bɨkɨk juñjuŋama sivɨtva yila balañju ga pavaŋga. 
MRK.10.43	Kape ben kavik tonmandu. Gasak balañjɨk tonmaŋgapale betɨle balañjɨkɨn bikɨk luasamban tonme. 
MRK.10.44	Betɨle yetɨkɨn wakɨn tonmaŋga mɨliwalen, wun sambanma vaŋ tonme. 
MRK.10.45	Miyakavik Balañjɨkɨk Fakɨn ava yiŋɨme yila balañju wunu matɨkokolewaŋga. Kayi. Wun yila balañju matɨkokolewaŋga yiŋɨmeve. Wun sɨŋgɨnmaŋga yiŋɨmeve, yila balañju wusandaŋ wusuwaŋga.”
MRK.10.46	Jisasɨlɨn wokok guŋgundandi Jeriko galavale watɨkɨk ŋɨmeve. Yika valambe ŋɨmevekandi yila balañju gasakamanaŋɨn wakan ŋɨmeve. De, mai laŋgɨnɨk yisɨwɨ toneve Bartimeus galavale avɨtɨn. Wun Timeus galavale avɨtkɨk fak. Bartimeusɨlɨn yetɨk sɨpala yakakalekɨk avɨt. 
MRK.10.47	Wun Nasaletɨle Jisasɨlɨn yiŋɨmeve sak bɨiyeve. Bɨiyevekandi kavik joŋ galaveve, “Jisas! 
MRK.10.48	Valan wunu apɨkakambe kavik galaveve, “Dɨn maŋgɨk valambe!”
MRK.10.48	Kape wun yika towok vaŋ joŋ galaveve, “Jisas! Devitkɨk Afun! Dɨn ŋunu balambanme!”
MRK.10.49	De, Jisasɨlɨn ŋɨmevekandi sambɨtve kavik galaveve, “Ga yiŋɨme.”
MRK.10.49	Valan katɨk balañjɨktɨk sivɨleve, “Dakɨk kumbaŋ ga apɨtɨwɨ. Kambewɨ. Wun du galava.”
MRK.10.50	De, wun wokok safu tɨmbeve yetɨk wataŋ malipakɨ afɨndafɨnda pɨtɨkti kambekuakavekandi Jisasɨtɨk ŋɨmeve.
MRK.10.51	De, Jisasɨlɨn wunutuk sivɨleve, “Dɨn ŋɨn dutuk gɨtɨk pavaŋga mɨliwa?”
MRK.10.51	Wun sivɨleve, “Watpalaŋ, ŋakɨk sɨpala anafak ga tonme.”
MRK.10.52	Jisasɨlɨn wunutuk sivɨleve, “Dɨn kavik juŋava ŋɨn pɨtɨkɨn tonma dakɨk sɨpala anafak ga tonmaŋga. Kapekandi dɨn anafak dala juŋaŋɨme.”
MRK.10.52	De, kepat wun waiŋgeve wulevekandi Jisas vañjenme ŋɨmeve katɨk masi.
MRK.11.1	De, Jisasɨlɨn wokok guŋgundandi ŋɨmeve Jerusalem vevekatɨle sa watatɨk. Betfagendi Betani galavale wata. Kavɨla wata alawiñɨñ Oliv galavale lam gambaŋɨk tonma.
MRK.11.1	De, Jisasɨlɨn wokok guŋgunda alawiñ apɨsukuve ga ŋɨme 
MRK.11.2	galaveve, “Ben aŋgɨtɨk watɨkɨk dalaŋɨme. Ŋɨme apɨsalavakandi kepat wulapa yetɨk dɨŋmale kambɨn donki. Yetɨk balañjɨkɨn ava yisɨwɨ anañ wunutuk. Tokoive yimalaŋumfu. 
MRK.11.3	De, yetɨk balañjɨkɨn betɨk kavik kombɨiyalen ‘Ben aipandi pava?’ ben kavik galavumfu, ‘Gasak Wakɨnɨn yila wulu pavapa, wunundi.’ De, wun afɨndafɨnda ga yiŋɨmama yika.”
MRK.11.4	De, valan ŋɨmevekandi wuleve, yetɨk dɨŋmale kambɨn donki. Wun yetɨk mfotok lova salava pavale mai gia mai laŋgɨnɨk toneve. Valan wunu tokoiyeve.
MRK.11.5	Tokoiyevekatɨk kaukatɨk tonmale balañjun kombɨiyeve, “Ben aipaŋga tokoiva katɨk donki?”
MRK.11.6	De, Jisasɨkɨk guŋgundan Jisasɨlɨn galavale maŋgɨk sivɨleve valatɨk. Kapendi valan ga malaŋeve Jisasɨtɨk.
MRK.11.7	De, Jisasɨtɨk malaŋevekandi wokok guŋgundan bɨkɨk wataŋu donkikɨk siŋmatɨk sɨmbɨle ga yisɨkeve Jisas. 
MRK.11.8	De, yila balañjun Jisas fofonombaŋga mɨlikevekandi bɨkɨk wataŋu masi sɨmbɨleve, kape yila balañjun balambitɨk ŋɨme muŋ batɨfu vawɨ malaŋmɨ masi sɨmbɨleve. 
MRK.11.9	De, yila balañjun bɨndefop ŋɨmeve, yila pɨndaŋ ŋɨmeve. Valan kavik fofonombe akɨtve galaveve, “Ñen Got akɨtva! Got, dɨn waiŋgeve pave katɨk ñetɨk Gasak Wakɨnkɨk wuŋdi ŋɨmale balañjɨktɨk!
MRK.11.10	Got, dɨn waiŋgeve pave ñikɨk wuŋgasak Devitkɨk lomtɨk! Yika wokok sumuaŋgalɨn Juwutkasak tonapa! Hevenɨle luasamban sulun Got akɨtva!”
MRK.11.11	De, Jisasɨlɨn Jerusalemɨk apɨsalavevekandi Gotkɨk 
MRK.11.12	De, wulak vandi valan Betani valambe ŋɨmevekandi Jisasɨlɨn gunaŋa gɨveve. 
MRK.11.13	De, Jisasɨlɨn yetɨk fik galavale muŋ ganaiŋgatɨk wuleve. Katɨk muŋkɨk daŋa fofokeve, kape, de, Jisasɨlɨn ŋɨme mavi ta mamfoveve, daŋa ŋaikɨk fofokeve. Wun loŋmale siŋa gaveka. 
MRK.11.14	De, Jisasɨlɨn galaveve, “Dɨn yika ka loŋapayi. Yila balañjun dakɨk mavi ka jivapayi. Kayi vaŋ.” Wokok guŋgundan katɨk maŋgɨk bɨiyeve.
MRK.11.15	De, Jisasɨlɨn wokok guŋgundandi Jerusalem ŋɨme apɨsalaveve. Apɨsalavevekandi 
MRK.11.16	Pavevekandi wun Gasak Wam mfawuŋove pumbumɨk bɨkɨk lua mamalaŋulu kakambeve. 
MRK.11.17	Wun kavik mfɨtɨtiwɨ galaveve, “Gotkɨk buk kumbaŋɨle wulu kavik tonma, ‘Ŋakɨk mfoton ŋunu kukuñmale mfot tonapa, mɨta mɨtatɨle balañju wofopkɨk.’ Ben kavik juŋavala? Kape ben fumafumukok totoŋga ga tonma.”
MRK.11.18	De, kavɨla 
MRK.11.19	De, mfunum Jisasɨndi wokok guŋgundan Jerusalem valambe ŋɨmeve.
MRK.11.20	De, wulak vandi watvɨt ŋɨmevekatɨk Jisasɨndi wokok guŋgundan wuleve katɨk fik galavale muŋ aliyeve, wokok sɨmbɨlin wakan. 
MRK.11.21	Wulevekandi Pitalɨn katɨk Jisasɨlɨn anañ paveve wulu juŋave galaveve, “Watpalaŋ, wutve! Dɨn galavale muŋɨn aliva!”
MRK.11.22	De, Jisasɨlɨn valatɨk galaveve, “Ben juŋave, wulu vaŋu. Kukuñmiŋgi, Gotɨn wulu papa. 
MRK.11.23	Ŋɨn wulu vaŋu betɨk sivɨtva, yetɨk balañjɨkɨn kasik lamtɨk galavalen, ‘Katɨk lam, Gotɨn du yive yukuakapa gia maŋamguanɨk,’ katɨk balañjɨkɨn katɨk ŋaikɨk juñjuŋama ŋaikɨk juŋavalen Gotɨn papa kavik wun galavale we. Wokok kumbaŋɨn matɨñjuŋavalen Gotɨn ka pavapayi. 
MRK.11.24	Kapekandi ŋɨn betɨk sivɨtva, kukuñme kombɨiyale wulu wofop kavik towok juŋave Gotɨn anañ pavale. Kavik juŋavalen Gotɨn ben kombɨiyale wulu papa.”
MRK.11.25+MRK.11.26	Jisasɨlɨn yila wulu kavik galaveve, “Ben sambɨtve kukuñmalen, ben yila balañjukok betɨk yakayi pavale wulu valambe. Bɨkɨk safumbatɨk mandɨve sivɨtvandu. Kavik pavalen Gotɨn bikɨk yaka wulu valambapa. Wun bikɨk safumbatɨk mandɨve ka sivɨlapayi.”
MRK.11.27	De, Jisasɨndi wokok guŋgundan Jerusalemɨk yika ŋɨme apɨsalaveve. Apɨsalavevekandi 
MRK.11.28	kavik kombɨiyeve, “Kavɨla wulu akatɨk yive pava, dɨn? Nan sivɨtve masiva, dutuk, katɨk dakɨk wulu pavaŋgapale wulu?”
MRK.11.29	De, Jisasɨlɨn valatɨk yika galaveve, “Ŋɨn yila wulu betɨk kombɨiyapa. Ben sivɨtviŋgi, ŋɨn katɨk ŋunutuk sivɨtve masivale wulu betɨk sivɨlapa. 
MRK.11.30	Ben Jonon maŋamɨk ga bumbale wulu avik juŋava? Gotkɨk wulu a? Balañjɨkɨk wulu a? Ben ŋunutuk sivɨtve.”
MRK.11.31	De, valan busuak kavik sivɨt pɨiyeve, “Amban Got galavalen, wun kavik galavapa, ‘Ben aipandi ava yive suwɨ juŋave?’ 
MRK.11.32	Kape amban balañju galavalen amba yakakai papa.” Valan yila balañju valaiyeve. Yila balañju wofopɨn kavik juŋaveve, katɨk Jonon Gotkɨk maŋgɨk malaŋmɨ sivɨtvale balañjɨk toneve wulun wulu vaŋu toneve.
MRK.11.33	De, valan Jisasɨtɨk sivɨleve, “Ñen akoŋma.”
MRK.11.33	De, Jisasɨlɨn valatɨk sivɨleve, “Ŋɨn mɨñakavik wowakandi ka sivɨtapayi, katɨk ŋunutuk sivɨtve masive ga pavale wulu.”
MRK.12.1	De, Jisasɨlɨn kavɨla gasak aututuk apɨkamule wulu sivɨleve kavik, “Yetɨk avɨtɨn wain galavale muŋa mandɨveve wokok yetɨk balamɨk. Balam gɨsɨkaiye pumbumbeve pumbum paveve. Mɨndɨmɨk mut anañ yowove wain mavi sambɨ sɨsɨwaŋgapale. Wun yetɨk wunambin vaŋɨle mfot gɨveve, balam jɨtvaŋgapale. Kavɨla wulu wofop pavevekandi yila balañjutuk valambeve katɨk balam. Wain mavi vewɨ balawakandi valan wovenetɨk yila masapa. Kavik pavevekandi woven ganaiŋgatɨk ŋɨme toneve. 
MRK.12.2	De, wain mavi loŋevendi wokok luasamban balañjɨk apɨsukuve ga ŋɨmeve kavɨla balamɨk tonmale balañjutuk, yila mavi ga yivaŋga pave. 
MRK.12.3	Valan katɨk luasamban yive mfove paiyevekandi yataŋgɨn ga ŋɨmeve. 
MRK.12.4	De, katɨk avɨt wokok yetɨk luasamban balañjɨk apɨsukuve ga ŋɨmeve, kape valan wunu yive mfove fopɨk paiyevekandi maiyakeve. 
MRK.12.5	De, wun yetɨk mɨñakavik apɨsukuveve yika. Valan wunu matve ga sɨŋgɨneve. De, wun mɨñakavik yika yila apɨsukuve ga ŋɨmeve. Valan yila paiyeve, yila mat mat gaŋga sɨŋgɨneve. Kape, de, yila luasamban balañju miyakɨk.
MRK.12.6	Kape, de, katɨk gasak avɨtɨn yetɨk balañjɨk toneve, wokok ŋaikɨk fak, towok mɨliwale. De, pɨndaŋ wun wokok ŋaikɨk fak ga ŋɨmeve. Wun kavik galaveve, ‘Valan ŋakɨk fak fofonombapa.’
MRK.12.7	Kape kavɨla balamɨk toneve balañjun katɨk fak wulevekandi bɨvene bɨvenetɨk kavik sivɨt pɨiyeve, ‘Katɨk fakɨn wokok waŋkɨk lɨmbaŋɨk tonma. Kape, de, ŋɨme. Amban wunu matve ga sɨŋgɨnapa. Wokok balam ambɨkɨk tonapa.’ 
MRK.12.8	Kavik sivɨlevekandi valan wunu yive mfove matve ga sɨŋgɨnevekandi sɨsɨŋgɨn yukuakave balam kutuk.”
MRK.12.9	Jisasɨlɨn katɨk wulu sivɨlevekandi yila wulu kavik sivɨleve, “Katɨk balam waŋɨn gɨtɨk wulu papa? Wun yika yiŋɨmama balamɨk tonmale balañju matve ga sɨŋgɨnmaŋga pave. Ga sɨŋgɨnme balawakandi balam masivapa yila balañjutuk.
MRK.12.10	Gotkɨk buk kumbaŋɨle wulu kavik moleve wulu ava wutve, a? Wun kavik tonma, ‘Katɨk mfot gɨvale balañjun yakai yakai wutvale kape valambeve mɨndɨm, pɨndaŋ katɨk mɨndɨmɨn mfotɨle yakamɨtka mulavali vaŋ mɨndɨm toneve. 
MRK.12.11	Gasak Wakɨnɨn paveve. Ñen anafak vaŋ wuleve.’ ”
MRK.12.12	De, kavɨla gasak autun juŋaveve Jisasɨlɨn kavɨla apɨkamule wulu bɨkɨk safumbatɨk mandɨve sivɨleve. Kapekandi valan Jisas wuwɨ mfovaŋga juŋaveve, kape mfakuŋguŋove balañju valaiveve. Kapekandi valambe ŋɨmeve.
MRK.12.13	De, kavɨla gasak wakundun Jisasɨtɨk yila 
MRK.12.14	De, valan wunutuk ŋɨme sivɨleve, “Watpalaŋ, ñen kavik juŋava, dɨn balañjɨk anafak. Dɨn balañju wofop mɨñakavik fofonomba. Dɨn yetɨktɨk yakatɨk ka gavi. Dɨn yetɨktɨk anafak ka gavi. Dɨn balañju wofop mɨliwa. Kape dɨn Gotkɨk wulu vaŋu mfɨtɨtiwɨ sivɨtva. 
MRK.12.15	Kape Jisasɨlɨn bɨkɨk matɨkambaiyikeve wulu wule gaveve, “Ben aipandi ŋunu muwɨ? Ŋaikɨk va tonmaŋgale moni malaŋmɨ, ŋɨn wulapa.” 
MRK.12.16	De, malaŋevendi wun vala kombɨiyeve, “Katɨk makɨndi katɨk wuŋɨn nanɨkɨk?”
MRK.12.16	De, valan wunutuk galaveve, “Sisakɨk.”
MRK.12.17	Kape, de, Jisasɨlɨn valatɨk kavik galaveve, “Sisakɨk lua wovenetɨk masive, Sisarɨtɨk. Mɨñakavik Gotkɨk lua wovenetɨk masive, Gotok.”
MRK.12.17	Kape, de, valan wokok maŋgɨk bɨiyevekandi pɨkɨliyeve.
MRK.12.18	Satyusitɨle balañjun galaveve sɨŋgɨnmale balañjun yika ka kambekapayi. De, yila Satyusitɨle balañjun Jisasɨtɨk yiŋɨmevekandi kavik kombɨiyeve, 
MRK.12.19	“Watpalaŋ, 
MRK.12.20	De, ŋaikɨk avɨtkɨk 7 fu toneve. Katɨk balɨsɨkɨk fakɨn me yiveve. Kape faklia mɨñakɨk me valambe sɨŋgɨneve. 
MRK.12.21	De, wokok gambaŋ mfovale wufakalɨn katɨk me yiveve, kape wun katɨk me faklia mɨñakɨk yika valambe sɨŋgɨneve. Kape alilaŋgɨkɨn mɨñakavik paveve wakan, wun. 
MRK.12.22	De, vala 7 wofopɨn mɨñakavik paveve, katɨk me faklia mɨñakɨk valambe sɨŋgɨnmisakave. Kape pɨndaŋ katɨk melɨn wakan sɨŋgɨneve. 
MRK.12.23	Balañju kambewɨsakɨle vandi, kavɨla 7 balañjun kambewakandi, katɨk me nan yivapa? Valan 7 autun wofopɨn yiveve me katɨk.”
MRK.12.24	De, Jisasɨlɨn valatɨk kavik sivɨleve, “Ben Gotkɨk buk kumbaŋɨle wulu mamaŋgova. Mɨñakavik ben Gotkɨk pɨtɨk mamaŋgovakandi yakai yakai sivɨtva. 
MRK.12.25	Sɨŋgɨnmale balañjun kambewale vandi, valan yika meandu ka yivapayi, meandun malata ka yivapayi. Valan wunambinɨle luasamban sululungo mɨñakavik tonapa.
MRK.12.26	Kape katɨk sɨŋgɨnmale balañjun kambewale wulu, sivɨlapa, ŋɨn. Ben katɨk sa muŋ wuŋmale mɨnɨle wulu Mosesɨlɨn moleve buk kumbaŋɨk ava wuleka? Gotɨn kaukatɨk Mosesɨtɨk kavik galaveve, ‘Ŋɨn Aprahamkɨk Got, ŋɨn Aisikɨk Got, ŋɨn Jekopkɨk Got.’
MRK.12.27	Wun sɨŋgɨnmale balañjukok Got gaveka. Wun watɨk tonmale balañjukok. Ben towok mamaŋgova.”
MRK.12.28	Yetɨk 
MRK.12.29	De, Jisasɨlɨn kavik galaveve, “Katɨk gasak wulu vaŋɨn kavik tonma, ‘Israeltɨle balañju, ben bɨiye! Ambɨkɨk Gasak Wakɨnɨn, Got, wun wusuak ŋaikɨk Gasak Wakɨn tonma. 
MRK.12.30	Dɨn dakɨk Gasak Wakɨn, Got towok mɨliwɨ, dakɨk kumbaŋ wofopti, dakɨk sulak wofopti, dakɨk juñjuŋama wofopti, dakɨk pɨtɨk wofopti.’ 
MRK.12.31	Katɨk yetɨk gasak vaŋ Gotɨn Masiveve Goŋguaŋmali Fulakɨn kavik tonma, ‘Aŋgɨla aŋgɨla balañju wofop mɨliwɨ dɨn daven mɨliwale daŋdi.’ Kavɨla wulu alawiñɨñ busuak ŋaikɨk tonma gasak vaŋ.”
MRK.12.32	Katɨk Gotkɨk Wulu Kumbaŋñe Balañjɨkɨn kavik galaveve, “Wulu vaŋu, Watpalaŋ. Dɨn waiŋgeve galava, Got, wun wusuak ŋaikɨk tonma. Yetɨkɨn mɨyakɨk. 
MRK.12.33	Wunu towok mɨliwale fulak, dakɨk kumbaŋ wofopti, dakɨk juñjuŋama wofopti, dakɨk pɨtɨk wofopti, kape mɨñakavik aŋgɨla aŋgɨla balañju wofop mɨliwale fulak dɨn davene mɨliwale daŋdi, kavɨla wulun yila wulu wofop matɨkakalɨwa. Jakali malaŋmɨ mɨnɨk wofop apɨkuwakandi kukuñme masivandi yila wunutuk masivaŋgapale lua, kavɨla wunutuk masivale wulu wofopɨn gasak gaveka.”
MRK.12.34	De, Jisasɨlɨn wokok wulu waiŋgeve bɨiyevekandi galaveve wunutuk, “Dɨn vevekave ŋɨma Got lolomɨk tonmaŋga.” De, yila balañjun Jisas yila wulu kombɨiyulu veven juŋaveve.
MRK.12.35	Jisasɨlɨn 
MRK.12.36	Gotkɨk Sulakɨn 
MRK.12.37	Jisasɨlɨn Devitkɨk anañ anañ galaveve wulu sivɨlevekandi kavik yika sivɨleve, “Devitɨn katɨk avɨt Gasak Wakɨn galava. Kape wokok afun avik tonma, yika?” De, kavɨla makolokeve balañju wusandaŋɨn Jisasɨkɨk maŋgɨk bɨiyaŋga mɨlikeve.
MRK.12.38	Jisasɨlɨn valatɨk mfɨtɨtiwɨ kavik galaveve, “Ben waiŋgeve kavɨla 
MRK.12.39	Valan wakundukok tɨkumutuk yisɨwaŋga towok mɨliwa Sa Wamɨle. Mɨñakavik balañju makolowale jeñjek jivaŋga pava, valan gasak autukok anafak mɨtɨk yisɨwaŋga mɨliwa. 
MRK.12.40	Valan dɨkiak meandukok mfututɨle lua malaŋ malaŋ jivakandi wulu wusandaŋ mumuk kukuñma. Gotɨn bɨkɨk safumbatɨk gasak wulu vaŋu mandɨve yakai yakai vaŋ papa.”
MRK.12.41	De, yivɨt Jisasɨlɨn moni masiveve mɨt balaŋgoŋgo jɨtve yisɨwɨ toneve. Wun wulevekatɨk yila balañjun mfakuŋgumɨ moni masiveve. Moni gasakamanaŋ tonmale balañjun gasakamanaŋ moni suwove. 
MRK.12.42	De, yetɨk samban dɨkiak melɨn ŋɨme suwove alawiñ sa moni. Kavɨla alawiñ mfakuŋovendi ambɨkɨk ŋaikɨk sa manilɨŋgo toneve. 
MRK.12.43	De, Jisasɨlɨn wokok guŋgunda ga yiŋɨme galaveve, “Ŋɨn wulu vaŋu betɨk sivɨtva, katɨk samban dɨkiak melɨn masivale monin aŋgala gasakamanaŋ moni masivale balañjukok moni matɨkakalɨwa. 
MRK.12.44	Valan gasakamanaŋ monitɨle yila suwa, kape wun sambanma tonma. Wun wokok jeñjek wusuwaŋgapale moni wofop masiva.”
MRK.13.1	De, Jisasɨlɨn 
MRK.13.2	De, Jisasɨlɨn wunutuk galaveve, “Dɨn kavɨla sosowe mfutu wutvala? Ŋɨn wulu vaŋu sivɨtva, yetɨk mɨndɨmɨn yetɨk mɨndɨmɨk ka tonapayi. Yila balañjun wofop apɨfuŋgaimapa.”
MRK.13.3	De, Jisasɨlɨn wokok guŋgundandi Oliv galavale lamɨk ŋɨmeve. Ŋɨmevekandi wun wusuak yisɨ toneve, katɨk Gasak Wam yakatɨle kambɨlɨm aŋgɨndaŋɨk. De, Pitandi Jemsɨndi Jonɨndi Andrulun, valan ŋaikɨk wunutuk yiŋɨme kavik kombɨiyeve, 
MRK.13.4	“Dɨn ñetɨk galave, ata vandi kavɨla wulu salave ŋɨmama? Kavɨla wulu wofopɨn yiŋɨmaŋgapale vandi, ñen gɨtɨk we wulapa ga juŋavaŋgapale wandefaka?”
MRK.13.5	De, Jisasɨlɨn valatɨk galaveve, “Ben waiŋgeve. Yila balañjun be muwapa, kape bɨiyandu. 
MRK.13.6	Balañju gasakamanaŋɨn ŋakɨk wuŋdi yiŋɨ yiŋɨ galavapa, ‘Ŋunu katɨk balañjɨk.’ De, yila balañju wusandaŋɨn bɨiyapa bɨkɨk muwale wulu.
MRK.13.7	Ben mɨn ŋɨliwale sawavi bɨiyapa, yila vevekatɨle, yila ganaiŋgatɨle, kape bikɨk kumbaŋgin kambewandu. Kavɨla wulun yiŋɨmama, kape katɨk pɨndaŋɨle ŋaikɨk valɨn kaiyimfutuk. 
MRK.13.8	Yetɨk balaŋɨle balañjun yetɨk balaŋɨle balañjundi mɨn ŋɨliwapandi yetɨk juwutkasakɨk lomɨn yetɨk juwutkasakɨk lomdi mɨn ŋɨliwapa. Mandɨkɨn ŋɨmama mɨta mɨtatɨk. Yila mɨtan jeñjek bɨŋapa. Kavɨla wulun fofop fopɨle melɨn fak matɨlapɨtvɨleliaŋgo tonapa.”
MRK.13.9	Jisasɨlɨn kavɨla wulu galavevekandi yila wulu kavik galaveve, “Ben waiŋgeve. Valan bikɨk safumbatɨk yila wulu mandɨve sivɨlapa bɨkɨk gasak wakundutuk. Valan be paiyapa bɨkɨk 
MRK.13.10	Kape wandefaka ŋakɨk balañjun ŋakɨk wulu anafu mɨta mɨtatɨle balañju wofoptɨk sivɨlapa. 
MRK.13.11	Kape, de, kavɨla valan be wuwɨ kotɨk malaŋmale vandi, ben bikɨk sivɨtvaŋgapale wulu veven juŋavandu. Gotɨn yila wulu masapa betɨk. Ben katɨk wun masivale wulu sivɨtvumfu. Ben bisuak ka sivɨlapayi. 
MRK.13.12	Wuŋgiakɨn wokok wufaka masivapa, yila balañjutuk ga matve ga sɨŋgɨnmaŋga. Yetɨk waŋɨn wokok fak mɨñakavik. Yila fun bɨkɨk womendi waŋ masivapa yila balañjutuk ga matve ga sɨŋgɨnmaŋga. 
MRK.13.13	Yila balañju wofopɨn bikɨk ŋunu mɨliwale fulak wulapa, kapekandi valan be towok gɨlɨpapa. Kape yila dɨtikpat kumbaŋgikɨk balañjun apɨnɨŋgɨlipe ŋunu vañjenmale, kapekandi ŋunu ka valambapayi, ŋɨn kavɨla balañju yivapa.”
MRK.13.14	Jisasɨlɨn kavɨla wulu galavevekandi yila wulu kavik galaveve, “Ben wutvakandi yetɨk yakai yakai vaŋ kakambale wosen yetɨk kakambale anafak luakɨk mɨtɨk tonmiŋgi ben kasik wulu wutvale balañjun waiŋgeve juŋave, Jutatɨk tonmale balañjun, ben lambitɨk mɨtvumfu. 
MRK.13.15	Yila mfot wunambini
MRK.13.16	Yetɨk mɨtɨk tonmale balañjɨkɨn wokok mfotok yika ŋɨmandu, wokok yetɨk wataŋ yivaŋga. 
MRK.13.17	Fawandu tonmale meandundi fakliatɨk milu ga jivale meandun yakai yakai tonapa katɨk vandi. 
MRK.13.18	Ben Got kukuñme, katɨk wulun malɨn dɨmbale alolowale gɨŋatundi yiŋɨmandu.
MRK.13.19	Kavɨla valundi balañjun yakai yakai vaŋ tonapa. Kavɨla ŋɨn galavale yaka valun anañ Gotɨn lua wofop pavevendi pɨndaŋɨle yaka valu wofop matɨkakalekapa. Kavɨla valu pɨndaŋ balañjun yika mɨñakavik yakai yakai vaŋ ka tonapayi. 
MRK.13.20	De, Gotɨn kavɨla valu kakaika ga tonmalen balañjun wofopɨn sɨŋgɨnapa, kape Wun wokok wukuaŋeve balañju balambanmakandi kavɨla valu patka ga tonapa.
MRK.13.21	Yila balañjun betɨk sivɨtviŋgi, ‘
MRK.13.22	Yila muwale balañjun yiŋɨme muwɨ galavapa kavik, ‘Ŋunu Krais.’ Yilan muwɨ galavapa, ‘Ŋunu yetɨk Gotkɨk maŋgɨk malaŋmɨ sivɨtvale balañjɨk.’ Valan yila gasak pɨtɨkie wulu papa, daŋgi daŋgindi. Kape valan balawalen, valan Gotɨn wukuaŋeve balañju muwapa. 
MRK.13.23	Kape ben waiŋgeve! Ŋɨn fofop kavɨla pɨndaŋ pavapɨle wulu wofop galava.”
MRK.13.24	Jisasɨlɨn kavɨla wulu galavevekandi yila wulu kavik galaveve, “Kavɨla yakai yakai valu balawakandi, kavɨla pɨndaŋ valundi valɨn wukaniŋgo tonapandi gɨŋatɨn ka apakowapayi. 
MRK.13.25	Katɨk vandi juñjaŋan fɨiŋga valambe kumuwapa, kape yila fɨiŋgatɨle gasak pɨtɨkie luan pɨpɨwapa wakan. 
MRK.13.26	De, kavik pavindi valan wulapa, 
MRK.13.27	Yiŋɨmakandi wun wokok Gotkɨk luasamban sulu apɨsukuvapa wokok wukuaŋeve balañju wofop yivaŋga mɨta mɨtatɨle. Yetɨk mɨt ka valambapayi.”
MRK.13.28	Jisasɨlɨn kavɨla wulu galavevekandi yila wulu kavik galaveve, “Ben fik galavale muŋ wutve, wokok mfɨtɨtiwale wulu bɨiye. Wokok gun maŋambikɨk kapekandi fofowa, de, ben juŋava vanñevalɨn kɨva.
MRK.13.29	Mɨñakavik, ben ŋɨn anañ galavale wulu atavandi wutvalen juŋamfu, 
MRK.13.30	Ŋɨn wulu vaŋu betɨk sivɨtva, kamfu tonmale balañjun kasik ŋɨn galavale wulu yiŋɨmaŋgapale vandi, valan yilan wandefaka ka sɨŋgɨnapayi. 
MRK.13.31	Fɨiŋgandi mañjikalin yetɨk vandi ka tonapayi, kape ŋakɨk wulun towok tonŋɨmama.”
MRK.13.32	Jisasɨlɨn kavɨla wulu galavevekandi yila wulu kavik galaveve, “Kavɨla wulun yiŋɨmaŋgapale va balañjun wofopɨn akoŋma. Watvɨt yiŋɨmamati, mfunum yiŋɨmamati wukan yiŋɨmamati. Mɨñakavik akoŋma, balañjun wofopɨn. Gotkɨk luasamban sulun mɨñakavik akoŋma. Gotkɨk fakɨn wakan mɨñakavik akoŋma. Got Waŋɨn woven wusuak ŋaikɨk katɨk va juŋava.
MRK.13.33	Kape ben waiŋgeve! Jiñjit tonme! Ben akoŋma, mɨvandi yiŋɨmama. 
MRK.13.34	Wun kavikɨŋgo tonma. Yetɨk avɨtɨn wokok mfot valambaŋga juŋaveve, kapekandi wokok luasamban balañju ga yiŋɨmevekandi galaveve valan ŋaikɨk ŋaikɨk yila wulu pavaŋga. Wun katɨk mfotok lovaŋgapale mai wasalomale balañjɨktɨk wasalomɨ tonmaŋga galaveve. 
MRK.13.35	Miyakavik ben wasalomɨ! Ben akoŋma, mfot waŋɨn mɨvandi yiŋɨmama, mfunumɨti, wukanɨti, moañɨn galavale paleti, watvɨtɨti. 
MRK.13.36	Wun afɨndafɨnda yiŋɨme du ñembakatɨk ŋɨme wutvalen, katɨk yakatɨk. 
MRK.13.37	Betɨk sivɨtvale maŋgɨk mɨñakavik ŋɨn balañju wofoptɨk sivɨtva, wasalomɨ!”
MRK.14.1	De, katɨk gasak goŋguaŋmali jeñjek jivale valun luañjek tonapa. Fofop tonmale valɨn kavik toneve, Jutatɨle balañjun yila sipsip fu jiveve, Gotɨn vala anañ 
MRK.14.1	De, katɨk goŋguaŋmali jeñjek jivali valɨn luañjek tonapa kamfu vandi aŋgin takeve wulu sivɨt pɨiyeve, kavɨla Gotkɨk 
MRK.14.2	Kape valan kavik galaveve, “Jeñjek jivale mfa kumbaŋñi pavandu. Yila balañjun mɨn ŋɨliwandu.”
MRK.14.3	De, Jisasɨlɨn Betani watɨkɨle mfotok ŋɨme loveve. Saimon, andɨvɨli mumuiŋgali safuye avɨtkɨk mfotok love yisɨwove mambatɨk. De, yetɨk melɨn anafak mɨndɨm
MRK.14.4	Kape yila balañjun bɨkɨk kumbaŋgin akalakevekandi fom sivɨleve. Valan kavik sivɨleve, “Wun gɨtɨk paŋga pave yataŋgɨn mfɨlewɨ katɨk maŋam? 
MRK.14.5	Wun katɨk maŋam monitɨk masivalen wun 300 valu tonapale moni yivapa, yataŋgɨn tonmale mia balañjutuk masivaŋga.”
MRK.14.6	Kape Jisasɨlɨn galaveve, “Wunu ga tonme! Ben gɨtɨk paŋga sivɨtva wunutuk? Wun ŋunutuk anafak pava. 
MRK.14.7	Yataŋgɨn tonmale mia balañjun bendi valu valu tonapa. Ben atɨvandi kavɨla anafak pavaŋga pavalen, pamfu. Kape ŋɨn bendi valu valu ka tonapayi. 
MRK.14.8	Katɨk melɨn wun pavapale we, de, wun pavale. Wun kasik maŋam ŋunutuk mfafalewale ŋakɨk safu bambave guamɨk ŋɨmaŋgapale. 
MRK.14.9	Ŋɨn wulu vaŋu betɨk sivɨtva. Valan ŋɨmale mañjikalitɨk valan wulu anafu sivɨlimapa, katɨk melɨn pavale wulu wokok sivɨlapa wunu ga juŋa ŋɨmaŋga.”
MRK.14.10	Kavɨla 12 guŋgunda kumbaŋɨk yetɨkɨn toneve. Wokok wuŋ Jutas Iskariot. Wun kavɨla 
MRK.14.11	Valan wokok wulu bɨiyevekandi vavalakeve. Kapekandi yila moni wunutuk masivaŋga galaveve. Kape, de, wun kɨndɨŋmɨ suwaŋgapale wulu juŋambɨi juŋambɨiyeve.
MRK.14.12	De, katɨk 
MRK.14.13	De, Jisasɨlɨn guŋgunda alawiñ apɨsukuve kavik galaveve, “Gia watɨkɨk dalaŋɨme apɨsalave. Apɨsalavandi yetɨk maŋame kuluwali afufulivɨ malaŋmale avɨtɨn ŋɨmama betɨk. Wunu vañjenme ŋɨmumfu. 
MRK.14.14	Wun ŋaikɨk mfotok lovapa. De, ben katɨk mfot waŋtɨk kavik galavumfu, ‘Watpalaŋɨn kavik kombɨiya, “Ŋakɨk mɨtɨn atɨk, kasik mfotɨle, katɨk Makatve Ga Tonmale Vakɨk jeñjek jivaŋgapale mɨt. Ŋɨn ŋakɨk guŋgundandi katɨk jeñjek jivapa.” ’ 
MRK.14.15	De, wun betɨk akakalayapa yetɨk gasak wunambinɨk tonmale mɨt. Katɨk mɨtɨk luan bambave tonma. De, ben lovumfu jeñjek pavaŋgo.”
MRK.14.16	De, kavɨla guŋgundan ŋɨme gia watikɨk apɨsalaveve. Valan wokok sivɨtvale wulu mɨñakavik wuleve. Kapekandi katɨk Makatve Ga Tonmale Vakɨk lua paveve.
MRK.14.17	De, valɨn mfatɨndɨmevendi Jisasɨlɨn wokok 12 guŋgundandi yiŋɨmeve. 
MRK.14.18	Valan jeñjek jive yisɨwɨ tonevekatɨk Jisasɨlɨn kavik galaveve, “Ŋɨn betɨk wulu vaŋu galava, katɨk bikɨk gɨŋganɨle balañjɨkɨn ŋunundi wakan jeñjek jiva. Wun ŋunu kɨndɨŋmɨ suwapa mamatutuk kɨliatɨk.”
MRK.14.19	Valan kavik bɨiyevekandi bɨkɨk kumbaŋgi gɨkɨlikeve. Kapekandi valan ŋaikɨk ŋaikɨkɨn wunu kombɨiyeve, “Dɨn ŋunu galavala?”
MRK.14.20	Wun valatɨk kavik galaveve, “Wun bikɨk 12 guŋgundakɨk gɨŋganɨle yetɨkɨn. Wun ŋunundi wakan bret aŋgatɨk kukuwɨ jiva. 
MRK.14.21	 Gotɨn anañ ga moleve wuluŋgo miyakavik vaŋ sɨŋgɨnapa. Kape katɨk wunu mamatukok kɨliatɨk kɨndɨŋmɨ masivale balañjɨk, wun yakai yakai vaŋ tonapa. Wokok womelɨn wunu ka kawulevekalen, katɨk anafak.”
MRK.14.22	De, Jisasɨlɨn wokok guŋgundandi jeñjek jivevekatɨk, Jisasɨlɨn ŋaikɨk bret yiveve. Yivevekandi Gotɨk akɨtve galaveve. Galavevekandi masiveve valatɨk. Wun valatɨk kavik galaveve, “Yive jive, katɨk ŋakɨk safu.” 
MRK.14.23	De, wun wain wombikasak yivevekandi Gotɨk yika akɨtve galavevekandi valatɨk masiveve. Masivevendi valan wofopɨn jiveve. 
MRK.14.24	Wun valatɨk kavik galaveve, “Katɨk ŋakɨk ambala. Ŋakɨk ambalandi Gotɨn wokok yila wulu sivɨtve tɨmbapa. Ŋakɨk ambala salavapa balañju wusandaŋ yika yivaŋgapale. 
MRK.14.25	Nɨŋ wulu vaŋu betɨk galava, ŋɨn wain wombikasak yika ka jivapayi. Gotkɨk watɨkɨk tonmakandi, de, katɨk vandi ŋɨn yika anɨkɨk wain wombikasak jivapa.”
MRK.14.26	Valan Gotkɨk gɨŋ sɨlivevekandi, salave ŋɨmeve katɨk Oliv galavale lamɨk.
MRK.14.27	Jisasɨlɨn wokok guŋgundatɨk kavik galaveve, “Ben wofopɨn ŋunu mɨmɨliwakandi valambapa. Gotkɨk janda kumbaŋɨk kavɨla wulu tonma, ‘Ŋɨn sipsip fukok waŋ malapa, kapendi sipsip fun wolokuakɨk mɨlapa.’ 
MRK.14.28	Kape Gotɨn ŋunu yika ga kambekuakakandi, ŋɨn ŋandefaka ŋɨmama, Galilitɨk.”
MRK.14.29	Kape Pitalɨn wunutuk kavik galaveve, “Valan wofopɨn du mɨmɨliwɨ valambalen, ŋɨn kayi vaŋ! Ka valambapayi!”
MRK.14.30	De, Jisasɨlɨn wunutuk kavik galaveve, “Ŋɨn wulu vaŋu dutuk galava, kamfu wukan moañɨn alawiñkɨk maŋgɨk gaŋgalaka mɨñakɨk, gaŋgalawavi alilam dɨn ŋunu ŋaŋalambapa.”
MRK.14.31	Kape Pitalɨn towok vaŋ galaveve, “Ŋɨn dundi sɨŋgɨnapalen, du ka ŋaŋalambapayi. Kayi vaŋ!” De, vala wofopɨn mɨñakavik galaveve.
MRK.14.32	De, Jisasɨlɨn wokok guŋgundandi ŋɨmeve Getsemani galavale mɨtɨk. Ŋɨmevekandi wun wokok guŋgundatɨk galaveve, “Ben yisɨ tonme. Ŋɨn kukuñapa.” 
MRK.14.33	Wun Pitandi Jemsɨndi Jon yikafak ŋɨmɨleve. De, wokok kumbaŋɨn towok veven juŋavevekandi yakai yakai juŋaveve. 
MRK.14.34	Wun valatɨk galaveve, “Ŋakɨk kumbaŋɨn yefop yefop juŋava towok kalikvɨyi kapekandi sɨŋgɨnmaŋga pava. Ben kaikatɨk mandɨwɨ.” 
MRK.14.35	De, wun yikafak ŋɨmevekandi amandepewɨ fopti mañjikatɨk mandɨve kukuñeve. Wun kavik kukuñeve, “Dɨn balawalen, kavɨla wulu ŋunutuk ga yiŋɨmandu.” 
MRK.14.36	Wun kavik galaveve, “Apa,
MRK.14.37	Kukuñevekandi wun kavɨla guŋgunda alilaŋguaŋtɨk yika ŋɨme wuleve. Valan ñembeve. Kapendi wun galaveve Pitatɨk, “Saimon, dɨn ñembala? Dɨn ŋasuak ŋasuak ka mandɨkvɨliapaya? 
MRK.14.38	Ben mandɨki kukuñme. Ben yaka wulutuk kumuwandu. Kumbaŋɨn anafak wulu pavaŋga mɨliwa, kape safulun pɨtɨkɨn mɨyakɨk.”
MRK.14.39	De, wun yika ŋɨme kukuñeve. Ŋaikɨk daŋdi kukuñeve, yika. 
MRK.14.40	Yika ŋɨmevekandi wokok guŋgundan kamfu ñembevekatɨk wuleve. Bɨkɨk sɨpalan towok vaŋ aluŋeve. Vala matɨkambekevendi yataŋgɨn toneve. Valan gɨtɨk wulu sivɨlapa?
MRK.14.41	Jisasɨlɨn yika alilaŋgɨk ŋɨŋawa kukuñme yiŋɨmevekandi sivɨleve valatɨk, “Ben ñembe golañjaŋmala? De, balawa. Wutve. Kamfu kamfu Balañjɨkɨk Fak kɨndɨŋmɨ suwɨ masiva yaka wulu pavale balañjukok kɨliatɨk. 
MRK.14.42	Ben kambewɨ. Amban ŋɨmama. Wutve. Katɨk ŋunu kɨndɨŋmɨ suwɨ masivaŋgapale balañjɨkɨn anañ yiŋɨmale.”
MRK.14.43	De, kepat. Wun kamfu sivɨlevekatɨk, Jutasɨlɨn yila autukok saiti yiŋɨmeve. Jutasɨlɨn Jisasɨkɨk 12 guŋgundatɨle yetɨk avɨt. Katɨk sasɨn kavik tonma, yila 
MRK.14.44	Katɨk valatɨk Jisas kɨndɨŋmɨ suwaŋgapale avɨtɨn, wun kavɨla aututuk anañ kavik galaveve, “Ben wunu kavik wulumfu. Ŋɨn yetɨk balañjɨk tafoloŋ jusuivɨliapa. Wun katɨk avɨt. Ben wunu wuwɨ mfove waiŋgeve malaŋɨmfu.”
MRK.14.45	De, yiŋɨmeve, kepat wun Jisasɨtɨk ŋɨme galaveve, “Watpalaŋ.” Galavevekandi tafoloŋ jusuivɨleve.
MRK.14.46	Kape, de, valan Jisas wuwɨ mfoveve. 
MRK.14.47	Kape, de, yetɨk Jisasɨndi toneve avɨtɨn wokok tuaŋpin yive paiyeve katɨk Gasak Wamɨle Gasak Gia Wakɨnkɨk gɨsamban. Gɨsambankɨk tuan matɨsetvɨleve. 
MRK.14.48	Kape, de, Jisasɨlɨn valatɨk kavik galaveve, “Ben ŋunutuk yiŋɨmala tuaŋpindandi muŋfuŋandi? Ben fumafom balañjɨk wuwaleŋgo ŋunu wuwaŋga pave ŋɨmala? 
MRK.14.49	Valu valu ŋɨn bendi Gasak Wam mfawoŋove pumbumɨk tonŋɨlali, Gotkɨk wulu mfɨtɨtiwɨ sivɨtali. Kape ben ŋunu ava wuwɨ. Kape Gotkɨk anañ moleve wulu ga pave.” 
MRK.14.50	De, Jisasɨkɨk guŋgundan wofopɨn wunu valambe mɨleve.
MRK.14.51	De, yetɨk mɨlɨkakɨn Jisas vañjeneve. Wun mia wataŋ ŋaikɨk kɨlɨkeve, wokok safutuk. Valan wunu wokok wuwove. 
MRK.14.52	Kape wun wataŋ valambe miña muti mɨleve.
MRK.14.53	De, kavɨla wakundukɨk autun Jisas malaŋeve 
MRK.14.54	Kape, de, Pitalɨn vañjene ŋɨmeve. Ganaiŋ ganaiŋ ŋɨmeve, wun. Wun katɨk Gasak Gia Wakɨnkɨk pumbum kumbaŋ gɨveve mfotkɨk pumbumɨk loveve. Wun kavɨla matamatundi wakan yisɨwɨ mɨn paŋ toneve.
MRK.14.55	De, kavɨla Gasak Wamɨle Gasak Wakundundi kavɨla mfakuŋguŋove balañju wofopɨn yila wulu Jisasɨkɨk safutuk mandɨve ta sivɨt pɨiyeve Jisas matve ga sɨŋgɨnmaŋga pave. 
MRK.14.56	Autun wusandaŋɨn muwale wulu mandɨve sivɨleve wokok safutuk, kape valan wusa wulu wusa wulu sivɨleve. 
MRK.14.57	De, yila sambɨtve muwale wulu mandɨve sivɨleve wokok safutuk. Valan kavik sivɨleve, 
MRK.14.58	“Ñen kavik bɨiyeve wun kavik galaveve, ‘Ŋɨn kasik kɨliandi gɨveve 
MRK.14.59	Kape valan wusa wulu wusa wulu sivɨleve.
MRK.14.60	Kape, de, katɨk Gasak Wamɨle Gasak Gia Wakɨn, wun vala gɨŋganɨk sambɨtve kombɨiyeve, Jisasɨtɨk, “Valan dutuk mandɨve sivɨtvale wulu sivɨtvulu aipava?” 
MRK.14.61	Kape Jisasɨlɨn akolet toneve. Wun yila wulu ava galave.
MRK.14.61	Kape katɨk Gasak Wamɨle Gasak Gia Wakɨn yika kombɨiyeve, “Du Krais, a?
MRK.14.62	De, Jisasɨlɨn kavik galaveve, “Ŋunu kasik. Yetɨk vandi ben Balañjɨkɨk Fak Gasak Pɨtɨkie Gotkɨk mamataŋ kɨlikɨk  
MRK.14.63	De, katɨk Gasak Wamɨle Gasak Gia Wakɨnɨn wun woven wokok wataŋ mfamɨmɨlevekandi  
MRK.14.64	Ben bɨiyale wun wovenetɨk Gotoŋgo galavala wun! Ben avik juŋava? Amban avik papa?”
MRK.14.64	Valan wofopɨn wunu wulukok galaveve kapekandi ga sɨŋgɨnmaŋga galaveve. 
MRK.14.65	De, yila wunutuk susupi tuleve. Yilan wokok makɨ folevekandi paiyevekandi galaveve, “Dɨn galave, du nan paiya.” De, kavɨla matamatun wunu yive paiyeve.
MRK.14.66+MRK.14.67	De, Pitalɨn pumbum kumbaŋɨk gɨveve mfotɨle pumbum kumbaŋɨk mɨn paŋ toneve. 
MRK.14.68	Kape Pitalɨn kavik galaveve, “Ŋunu kayi. Ŋɨn dɨn sivɨtvale wulu akoŋma.” De, wun salaveve pumbumɨle maikɨk maŋgɨk vevekatɨk ŋɨme sambɨtve toneve. 
MRK.14.69	De, katɨk melɨn wunu yika wule vevekatɨk tonmale balañjutuk galaveve, “Kavɨla autukok sasɨle yetɨkɨn kasik.” 
MRK.14.70	Kape Pitalɨn apɨkoŋove.
MRK.14.70	De, pɨndaŋ kavɨla vevekatɨk tonmale balañjun yika wakan galaveve, “Wulu vaŋ, kavɨla autukok sasɨle yetɨk wakan, du. Dɨn Galilitɨle.”
MRK.14.71	De, Pitalɨn galaveve, “Muwalen Got ŋunu yakai yakai pave! Gotɨn juŋava, ŋɨn wulu vaŋu sivɨtva! Ka muwu! Ŋɨn katɨk balañjɨk akoŋma ben galavale!”
MRK.14.72	Kavik ŋaŋalambe kuŋguliŋguakavevekandi, de, kepat katɨk moañɨn alawiñkɨk maŋgɨk galaveve. De, Pitalɨn juŋavɨleve Jisasɨlɨn anañ sivɨleve wulu, “Kamfu wukan moañɨn alawiñkɨk maŋgɨk galaka mɨñakɨk gaŋgalawavi alilam dɨn ŋunu ŋaŋalambapa.” De, wun veven juŋavevekandi yekeve.
MRK.15.1	De, Jutatɨle balañjun yetɨk gasak wulu sivɨt pɨiaŋgapale mfa toneve. Kavɨla mfatɨle balañjun kavik toneve, 
MRK.15.2	De, Pailatɨn wunu kombɨiyeve, “Dɨn Judatɨle balañjukok juwutkasak, a?”
MRK.15.2	Jisasɨlɨn wunutuk kavik galaveve, “Dɨn dasuak galava kavik.”
MRK.15.3	De, kavɨla Gasak Wamɨle Gasak Wakundun wulu gasakamanaŋ mandɨve sivɨleve wokok safutuk. 
MRK.15.4	Kape, de, Pailatɨn wunutuk yika kavik kombɨiyeve, “Dɨn aipɨndi wulu ka sivɨtvi? Dɨn bɨiya valan wulu gasakamanaŋ mandɨve sivɨtva, dakɨk safutuk.”
MRK.15.5	Kape Jisasɨlɨn yila wulu ava bala sivɨtve. Kapendi Pailatɨn ta juŋaveve.
MRK.15.6	De, 
MRK.15.7	De, Barapas galavale avɨtɨn muñjɨm kumbaŋɨk toneve wokok sasɨle yila autundi. Valan Romɨle gavman gɨlipevekandi valambaŋga mɨn ta ŋɨlikeve. Wun mɨn ŋɨliwovekatɨk yila balañju matve ga sɨŋgɨneve.
MRK.15.8	De, balañjukok gumɨn Pailatɨk ŋɨme wokok anañ paveve fulak valatɨk pavaŋga yika galaveve. 
MRK.15.9	Kape, de, Pailatɨn sivɨleve, “Katɨk Jutatɨle Balañjukok Juwutkasak ga salavapala, betɨk?” 
MRK.15.10	Pailatɨn kavik juŋaveve, kavɨla Gasak Wamɨle Gasak Wakundun mfamuñjiwɨ
MRK.15.11	Kape kavɨla Gasak Wamɨle Gasak Wakundun mfakuŋgumɨ toneve mfani sivɨleve Barapas valatɨk ga salavaŋga pave.
MRK.15.12	De, Pailatɨn yika galaveve valatɨk, “Ŋɨn avik pavapa, katɨk ben Jutatɨle Juwutkasak galavale avɨtɨk?”
MRK.15.13	Kape valan yika towok sivɨleve, “Wunu apɨvɨtipe matve dɨŋguakumfu mamatawi muŋɨk!”
MRK.15.14	De, Pailatɨn kombɨiyeve, “Aipandi? Wun gɨtɨk yaka wulu pavandi amban wunu matvaga?”
MRK.15.14	Kape valan yikali yikali towok sivɨleve, “Wunu apɨvɨtipe matve dɨŋguakumfu mamatawi muŋɨk!”
MRK.15.15	De, Pailatɨn bɨkɨk kumbaŋgi ga mfɨliñjiwɨkaŋga pave masiveve Barapas valatɨk. Kavik pavevekandi Jisas towok yakakai ga paiyevekandi matamatutuk masiveve wunu mamatawi muŋɨk apɨvɨtipe matve dɨŋguakaŋga pave.
MRK.15.16	De, kavɨla matamatun Jisas malaŋeve bɨkɨk gavman mfotɨle pumbum kumbaŋɨk.
MRK.15.17	De, yiŋɨmevekandi valan kavik muwɨ apɨpɨlaive fofonombeve, valan tɨliŋ wataŋ ga kuwove Jisasɨtɨk. Kape valan yetɨk yisakɨk wulakɨndi woŋ woŋove Juwutkasakɨk muwakiŋ ambandave Jisasɨkɨk fopɨk apɨkuwove. 
MRK.15.18	Pavevekandi wunu maiyawɨ akɨtve galaveve, “Yakamɨtka avɨt! Jutatɨle Juwutkasak! Yiŋɨnɨmbala?” 
MRK.15.19	De, valan muŋpati fopɨk pai paiyeve. Yilan susupi tuleve wunutuk. Yilan vandamfufundi mandɨve wunu akɨleve. 
MRK.15.20	Maiyawɨ balakevekandi tokoiyeve tɨliŋ wataŋ wunutɨle. De, wovenekɨk wataŋu ga kuwove yika. Ga kuwɨ balakevekandi malaŋeve wunu mamatawi muŋɨk apɨvɨtipe matve dɨŋguakaŋga pave.
MRK.15.21	Yetɨk Sairini galavale watɨkɨle Saimon galavale balañjɨkɨn, wokok fu alawiñ, Aleksandandi Lufus. Wun Jerusalemɨk apɨsalavaŋga ŋɨmeve. Apɨsalave ŋɨmevekatɨk yila matamatun wunu apɨsukuve ga afufɨlive malaŋeve Jisasɨkɨk mamatawi muŋ.
MRK.15.22	Valan Jisas Golkota galavale mɨtɨk malaŋeve. Ambɨkɨk balaŋdi katɨk wuŋ, Golkota, kavik galava, “kikiak fop.” 
MRK.15.23	Valan waindi yetɨk myr galavale merasin balakandaŋmɨ suwove maŋam ta masiveve. Wun ava jive. 
MRK.15.24	De, valan wunu apɨvɨtipe matve dɨŋguakave mamatawi muŋɨk, ga sɨŋgɨnmaŋga pave. Apɨvɨtipe matve dɨŋguakavekandi wokok valan anañ tokiyeve wataŋu yiveve. Valan busuak satu paveve kavɨla wataŋu yivaŋga.
MRK.15.25	De, 9 klok watvɨt wunu apɨvɨtipe matve dɨŋguakave. 
MRK.15.26	Valan wokok wunu ga sɨŋgɨnmaŋgapale wulu kavik moleve, “Jutatɨle balañjukok Juwutkasak.” 
MRK.15.27+MRK.15.28	De, valan fumafumu alawiñ wokok apɨvɨtipe matve dɨŋguakave wunundi, mamataŋɨk yetɨk, aŋgataŋɨk yetɨk. 
MRK.15.29	De, aŋgapat kaipatɨk ŋɨmale balañjun wutve gumon gumonme maiyakeve kavik, “Ayu, dɨn katɨk 
MRK.15.30	dɨn daven mayilave katɨk mamatawi muŋ valambe bumbe!”
MRK.15.31	Kavɨla 
MRK.15.32	Wun 
MRK.15.32	De, kavɨla wakan apɨvɨtipe matve dɨŋguakave fumafumu balañju valan wakan wunu maiyakeve.
MRK.15.33	De, valɨn vavaŋ kalakevekandi valɨn mfatɨndɨmeve. Mɨta mɨta wofop mfatɨndɨmeve. De, valɨn 3 klok tonevendi, yika apɨkowove. 
MRK.15.34	De, Jisasɨlɨn 3 klok vasisakti towok joŋmɨ galaveve, “Eloi, Eloi, lama sapaktani?” Ambɨkɨk balaŋgi kavɨla wulu kavik galava “Ŋakɨk Got, ŋakɨk Got, ŋunu aipandi mfalakaiva?”
MRK.15.35	Joŋovekandi yila vevekati sambɨtvale balañjun bɨiye kavik galaveve, “Bɨiye, 
MRK.15.36	De, ŋaikɨkɨn jaŋmɨ ŋɨme, yetɨk spans wain suwove, guñi Jisasɨkɨk mamaliŋɨk mandɨve ga jivaŋga paveve. Pavevekandi galaveve, “Jile, wutvaŋga. Elaijalɨn yiŋɨmamati wunu sepewaŋga.”
MRK.15.37	Kape Jisasɨlɨn yika towok joŋovekandi sɨŋgɨneve.
MRK.15.38	De, katɨk 
MRK.15.39	De, Jisas vevekati toneve matamatkasakɨn Jisasɨkɨk sɨŋgɨneve wulu wulevekandi, de, wun kavik galaveve, “Wulu vaŋu, wun Gotkɨk fak tonmale.”
MRK.15.40	De, yila meandun ganaiŋgafak sambɨtve wuleve Bɨkɨk gɨŋganɨle yila aliluaŋguaŋɨn kavik toneve, Malia alawiñɨn toneve, yetɨk Maktala galavale watɨkɨle, yetɨk Jemsɨndi Josepkɨk wome. Katɨk yetɨk melɨn Salome galava. 
MRK.15.41	Valan Galiliti Jisas vañjenme matɨkokolekeve. Valan yila meandu wusandaŋdi Jerusalemɨk ŋɨmeve wunundi.
MRK.15.42	Katɨk 
MRK.15.43	Kavik toneve, de, Josepɨn, wun Arimatea galavale watɨkɨle avɨt. Yila balañjun juŋaveve wun anafa wakɨn toneve. Wun jiñjit toneve balañju wofopɨn Got lolomɨk tonmale va. Kapekandi wun wokok kumbaŋ apɨtowɨ 
MRK.15.44	De, Pailatɨn kavik bɨiyeve Jisasɨlɨn anañ sɨŋgɨnmale. Kapekandi wokok kumbaŋɨn kambekeve. De, matamatkasak ga yiŋɨme kavik kombɨiyeve “Jisasɨlɨn anañ sɨŋgɨnmalea?” 
MRK.15.45	Pailatɨn matamatkasakɨk maŋgɨk bɨiyevekandi, wun Josep apɨsukuve ga ŋɨme yiveve Jisas sɨsɨŋgɨn.
MRK.15.46	Kapekandi Josepɨn kuŋgum wataŋ wusukeve. Wusukevekandi Jisas sɨsɨŋgɨn sepekvɨlevekandi wataŋdi mfolevekandi yetɨk yowove mɨndɨmfot guamɨk mandɨveve. Kavik pavevekandi yetɨk gasak mɨndɨm kɨndɨŋmɨ malaŋmɨ guamɨle maŋgɨk matɨkiŋeve.
MRK.15.47	De, Maria alawiñ, yetɨk Maktalatɨle, yetɨk Josepkɨk wome, valan katɨk mandɨveveka wuleve.
MRK.16.1	De, katɨk 
MRK.16.2	Kapekandi valɨn tɨwɨ balakevendi katɨk wisɨle fopɨle vandi
MRK.16.3	Valan busuak ŋɨndiŋ ŋɨndiŋ sivɨt ŋɨmeve kavik “Amba nan matɨkokolewɨ guam maŋgɨk matɨkiŋeve mɨndɨm apɨkɨndɨŋapa?” 
MRK.16.4	Katɨk mɨndɨmɨn gasak vaŋ toneve. 
MRK.16.4	Sivɨlevekandi de, valan wuleve katɨk gasak mɨndɨm anañ apɨkɨndɨŋeve. 
MRK.16.5	De, valan lovevekandi guam kumbaŋɨk wuleve mɨlɨkak. Wun mamataŋ daŋɨk yisɨwɨ toneve. Wokok papaikasak wataŋɨn kɨliak. Kavik wulevekandi bɨkɨk kumbaŋgin towok kambekeve.
MRK.16.6	Katɨk mɨlɨkakɨn valatɨk kavik galaveve, “Bikɨk kumbaŋgin towok kambewandu. Ben katɨk Nasaletɨle Jisas yiŋɨme mamfova. Wun katɨk valan anañ apɨvɨtipe matve dɨŋguakave avɨt. Kape wun mɨñakɨk. Wun anañ kambewɨ ŋɨmale. Wutve, kasik mɨtɨn kasik valan wunu mandɨveve. 
MRK.16.7	Kape ben dalaŋɨme. Wokok guŋgundatɨk, Pita wokotok, valatɨk kavik galavumfu, ‘Wun wandefaka Galilitɨk ŋɨma. Ben kaukatɨk wulapa.’ Wun anañ betɨk miyakavik galaveve.”
MRK.16.8	Kape, de, kavɨla meandun salave mɨleve guami. Bɨkɨk kumbaŋgin kambekevekandi pɨpɨkeve. Kapekandi valan yila balañjutuk wulu ava sivɨtve. Towok valaiyeve.
MRK.16.9	Jisasɨlɨn katɨk wusɨle fopɨle vandi kambekeve, watvɨt vaŋ. Wandefaka katɨk Maktala galavale watɨkɨle Malialɨn wunu wuleve. Jisasɨlɨn anañ katɨk metɨle 7 sulak yakakale sañjaŋeve. 
MRK.16.10	Jisasɨndi ŋɨmeve balañjun baŋgaivɨkɨ yekevekatɨk Malialɨn valatɨk ŋɨme galaveve. 
MRK.16.11	Malialɨn kavik galaveve, “Jisasɨlɨn yika alilekalak tonma! Ŋɨn wutva!” Kape valan ava bɨiye juŋave.
MRK.16.12	De, pɨndaŋ yila autu alawiñɨñ yetɨk watɨkɨk ŋɨme masi ŋɨmevekatɨk Jisas wuleve, kape wokok momolika waiŋgeve ava wutve. 
MRK.16.13	Valan wokok guŋgundatɨk ŋɨme galaveve katɨk wulu, kape valan ava bɨiye.
MRK.16.14	Pɨndaŋ wokok 11 guŋgundan jeñjek mfakuŋgumɨ jivevekatɨk Jisasɨlɨn valatɨk yiŋɨmeve. Wun vavawa mandɨñiŋmɨ sivɨleve, valan wulu ava bɨiye, bɨkɨk kumbaŋgin apɨvɨtipe toneve, kapekandi Jisas yika wutve galaveve balañjukok maŋgu ava bɨiye. 
MRK.16.15	De, wun valatɨk kavik sivɨleve, “Ben wofopɨn kasik mañjikatɨk wolokuakɨk dalaŋɨmisaka ŋakɨk wulu anafu sivɨtva sivaŋgo. 
MRK.16.16	Wulu yive suwɨ, kape maŋam bumbale balañju Gotɨn yika yivapa. Kape Gotkɨk wulu yive susuka miyakɨk balañju Gotɨn vala yakai yakai papa. Vala ka yivapayi. 
MRK.16.17	Kavɨla Ga Juŋavaŋgapale Gotkɨk Pɨtɨkie Gasak Wulu ŋunu yive suwale balañjundi tonapa. Valan ŋakɨk wuŋdi yila sulak yakakale sañjaŋapa. Valan yila kuŋgum balaŋdi wulu sivɨlapa. 
MRK.16.18	Valan gaŋgaliŋ maikasu mfovapa. Valan yila gaŋgaliŋ maŋam jivalen, yakakale ka tonapayi. Valan bɨkɨk kɨlia mamalɨkiye balañjutuk mandɨvindi kavɨla mamalɨkiye balañjun anafak tonapa.”
MRK.16.19	Jisasɨlɨn valatɨk wulu sivɨtve balakevendi Gotɨn wunu yive malaŋkɨveve Hevenɨk. Jisasɨlɨn kaukatɨk Gotkɨk mamataŋ kɨlikɨk yisɨkeve. 
MRK.16.20	De, valan mɨta mɨtatɨk ŋɨme Jisasɨkɨk sak sivɨleve. Gasak Wakɨnkɨk Sulakɨn wakan ŋɨmevekandi yila Ga Juŋavaŋgapale Gasak Pɨtɨkie Wulu paveve bɨkɨk wulundi. 
