PSA.1.1	RAAN ee 
PSA.1.1	Ku ken kɔɔc ne 
PSA.1.1	ku 
PSA.1.2	Ee piɔu lɔ
PSA.1.2	ku bi 
PSA.1.3	Abi ya 
PSA.1.4	ku ŋɛmka, ke yee 
PSA.1.5	Kɔ
PSA.1.6	Yen kɔ
PSA.1.6	kɔ
PSA.1.7	Yekoba anyic 
PSA.1.7	ku 
PSA.2.1	ku 
PSA.2.2	Meleek ke tiɔp nhom aa roth juir, ku 
PSA.2.3	Yii dhoŋku 
PSA.2.4	Ke ye ceŋ pan 
PSA.2.5	ku 
PSA.2.7	Ɣan bi weet ne loŋ, 
PSA.2.7	Ye yin ye 
PSA.2.8	Thiec ɣɛn, ku yin ba 
PSA.2.8	ku 
PSA.2.9	ku 
PSA.2.10	Yen yaka naŋ 
PSA.2.11	ku 
PSA.2.12	Yaka Wa ciim, kɛlke bi 
PSA.2.12	te ɣook en emaath, raan aye 
PSA.3.1	YEKOBA, ateercie kaa 
PSA.3.2	Juaac aayee ŋɛ
PSA.3.3	Ku yin, Yin 
PSA.3.3	yin ye ya 
PSA.3.4	Ɣan ee ci 
PSA.3.5	ne ke 
PSA.3.6	Ɣan ci ya 
PSA.3.7	Jɔ
PSA.3.7	yin ye kɔ
PSA.3.8	Luak ee 
PSA.4.1	YEE ɣa piŋ te yan 
PSA.4.1	yin ci ɣa luɔny bei ne ke dhal ɣaic; 
PSA.4.2	Week we wɛɛt ke raan, bi 
PSA.4.2	ba
PSA.4.3	Yaka nyi
PSA.4.4	Yee 
PSA.4.4	yee jam we piɔndu ne 
PSA.4.6	Anɔŋ kɔ
PSA.4.8	ne ke yen ya yin, Yin Yekoba, 
PSA.5.2	Piŋ aror ne cɔ
PSA.5.3	Yin Yekoba, yin bi ɣa ya piŋ ror mia
PSA.5.4	Ne ke cin ye 
PSA.5.5	Kɔ
PSA.5.6	Yin bi 
PSA.5.6	Yekoba ee 
PSA.5.7	Ela ku yee ɣɛn, ke ɣan bi ya lɔ 
PSA.5.7	ɣan bi ya duur ka 
PSA.5.8	Ye ɣa ŋɔɔr, Yin Yekoba, ne lajiŋdu, ne 
PSA.5.9	ku 
PSA.5.10	Rorden ee ya raŋ ɣɔɔr nhom; ku 
PSA.5.11	Ne ke ye tɔ ne awacic, Yin Nhialic; 
PSA.5.12	ne ke 
PSA.5.13	Ku ne kɔ
PSA.5.13	ne ke ye 
PSA.5.14	Yin Yekoba, yin bi 
PSA.6.1	YIN yin 
PSA.6.1	ku 
PSA.6.2	Yee 
PSA.6.2	ne ke can guau; Yin 
PSA.6.3	Ɣan cene 
PSA.6.3	ku yin, 
PSA.6.4	Dhuk rɔ
PSA.6.4	ne 
PSA.6.5	Ee ciɛn 
PSA.6.6	Ɣan ci nal ne keŋdie, wɛɛr ebɛn 
PSA.6.8	Jalka enɔŋ ɣɛn 
PSA.6.8	ne 
PSA.6.10	Kɔ
PSA.7.1	YIN Yekoba Nhialinydie, 
PSA.7.3	Yin yin Yekoba 
PSA.7.4	Na ca rɛɛc dhuɔ
PSA.7.4	(ee yi
PSA.7.5	Ne ran nɔŋ wɔɔk 
PSA.7.5	ee yi
PSA.7.6	Jɔt rɔ
PSA.7.6	ku 
PSA.7.7	Ku cɔ
PSA.7.8	luk ɣa, Yin Yekoba, ci man de 
PSA.7.9	Cɔ
PSA.7.9	Nhialiny 
PSA.7.12	Na ci raan rɔ
PSA.7.13	Aci juɛr ka ke 
PSA.7.15	Aci 
PSA.7.15	ku 
PSA.7.16	ku 
PSA.7.17	Ɣan bi Yekoba ya 
PSA.7.17	ku ya 
PSA.8.1	YEKOBA, Bɛnydiitdie, na anda pia
PSA.8.1	Yin 
PSA.8.2	Yin ci riɛr cɔ
PSA.8.2	ba ran de 
PSA.8.3	Na ya pan nhial 
PSA.8.3	ku 
PSA.8.4	Ke raan jɔl ya 
PSA.8.5	Aca 
PSA.8.5	ku 
PSA.8.6	Aca cɔ
PSA.8.6	ku 
PSA.8.7	Go ya 
PSA.8.8	ku 
PSA.9.1	ƔAN bi Yekoba ya 
PSA.9.1	ɣan bi 
PSA.9.2	Ɣan bi piɔu ya miɛ
PSA.9.2	ɣan bi rinku ya 
PSA.9.3	Na yee 
PSA.9.3	ke 
PSA.9.4	Ne ke cin 
PSA.9.4	Yin ye 
PSA.9.5	Yin ci juɔr 
PSA.9.6	Kɔ
PSA.9.6	ku 
PSA.9.7	Ku Yekoba ee reer ke ye 
PSA.9.8	Ku kabi 
PSA.9.8	ku 
PSA.9.9	Yekoba abi ya ya 
PSA.9.9	ee 
PSA.9.10	Ku kɔ
PSA.9.10	Yin, yin 
PSA.9.11	Pianyka Yekoba, man ye ceŋ ne Dhiɔn: 
PSA.9.12	Na ye ke ye riɛm kɔɔr ke ta
PSA.9.13	Yee piɔu ka
PSA.9.13	yin, yin 
PSA.9.14	ne thook ke nyan de 
PSA.9.15	Juɔr ee 
PSA.9.15	ee 
PSA.9.16	Yekoba 
PSA.9.17	Ran rac abi 
PSA.9.17	agut 
PSA.9.18	Ran da
PSA.9.18	ku ŋa
PSA.9.19	Jɔt rɔ
PSA.9.20	cɔ
PSA.10.2	Aŋaŋ ayee 
PSA.10.3	Ran rac ee yenhom nɛm ne ke kɔɔr 
PSA.10.4	Ran rac ee jam ne 
PSA.10.4	Ye kacii bi kɔɔr; 
PSA.10.5	Dhɔlke aaye riɛr ne nyindhia; 
PSA.10.5	ku 
PSA.10.6	Ee jam ne yepiɔu, 
PSA.10.7	Ee thok thiaŋ ne 
PSA.10.8	Ee reer ne ɣɔn kuɛɛk roth ke bɛi yi
PSA.10.8	ku 
PSA.10.9	Ee rɔ
PSA.10.9	ee ŋaŋ 
PSA.10.11	Ee jam ne ye
PSA.10.12	Jɔt rɔ
PSA.10.13	Yeŋo 
PSA.10.13	ku yee 
PSA.10.14	Aca ŋem; ne ke yin daai ne rɛɛc ku 
PSA.10.14	Ran niɔp ee rɔ
PSA.10.15	yee 
PSA.10.16	Yekoba ee ya 
PSA.10.17	Yin yin Yekoba, yin ye kɔɔr de 
PSA.10.17	aabake ya juir 
PSA.10.18	Ba abɛɛr ku kɔ
PSA.10.18	bi raan man ye 
PSA.11.1	yeŋo yee we tiɛ
PSA.11.2	Ŋɛmka, 
PSA.11.2	juirki yuɛ
PSA.11.3	Na riɔk 
PSA.11.4	Yekoba atɔ ne 
PSA.11.4	thony de Yekoba atɔ nhial; ee 
PSA.11.5	Yekoba 
PSA.11.6	Abi ka ke 
PSA.11.6	mac ku thulpur ku yom leth, 
PSA.11.7	Yekoba 
PSA.11.7	kɔ
PSA.12.1	KUƆNYE, Yekoba; 
PSA.12.1	ran piɛ
PSA.12.2	Ŋɛk ke ran ye reer kene 
PSA.12.3	ku 
PSA.12.4	Keek kɔ
PSA.12.4	thookkuɔ aaye 
PSA.12.5	Yɔŋ de aŋaŋ, ku keŋ de kɔ
PSA.12.5	aabake taau te cin ke ye ke 
PSA.12.6	Wel ke 
PSA.12.6	aaye ciɛ
PSA.12.7	ku 
PSA.12.8	Ran 
PSA.12.8	te cene 
PSA.13.1	YEE anana, Yin Yekoba, bin nhom ya maar ne ɣɛn, | yee agut a |‐thɛɛr:
PSA.13.1	yee anana 
PSA.13.2	Yee anana ban tiɛ
PSA.13.2	yee anana bii 
PSA.13.3	Tak ɣɛn ku gam ɣɛn, 
PSA.13.3	cɔ
PSA.13.4	Kɛlke ran de 
PSA.13.4	ku ce kɔ
PSA.13.5	Ku ɣan ci rɔ
PSA.14.1	ACIBEL ee 
PSA.14.1	aa riaak, aa luɔi rac loi; acin 
PSA.14.2	Yekoba ee 
PSA.14.2	lan nɔŋ en 
PSA.14.3	Aa 
PSA.14.3	acin ran toŋ ye 
PSA.14.4	Ye kɔ 
PSA.14.4	kɔ
PSA.14.5	ne ke yee 
PSA.14.6	We ye acir de 
PSA.14.7	Anda ku jɔl luaŋ de Yithrael bɛn bei ne Dhiɔn! te jɔle Yekoba 
PSA.14.7	ke Jakob abi 
PSA.15.1	YEKOBA, 
PSA.15.2	Ee ran ye 
PSA.15.3	Ee ran 
PSA.15.3	ku cii ran 
PSA.15.4	Ee ran ye ran rac maan ne yenyin; ku yee kɔ
PSA.15.4	ee 
PSA.15.5	Ee ran ci jo
PSA.15.5	ku cii 
PSA.16.1	YEE ɣa muk, Yin 
PSA.16.2	Ɣan ci Yekoba yɔɔk, Ya yin ye 
PSA.16.3	Kɔ
PSA.16.4	Dhienden abi ya di
PSA.16.4	ka yeke de
PSA.16.5	Yekoba yenekee ya bia
PSA.16.6	Miɛ
PSA.16.7	Ɣan bi Yekoba yiɛn 
PSA.16.8	Yekoba 
PSA.16.8	ne ke yen tɔ ne 
PSA.16.9	Yen piɔndie ee 
PSA.16.9	guɔ
PSA.16.10	Yin ci tie
PSA.16.10	ku yin ci 
PSA.16.11	Yin bi 
PSA.16.11	lɔyum diit de piɔu aye yo
PSA.17.1	PIŊ yi
PSA.17.1	liɛ
PSA.17.2	Ne 
PSA.17.2	ne 
PSA.17.3	Yin ci ɣa caar piɔu ku ca ɣa neem wakɔu; yin ci ɣa ya them, ku 
PSA.17.3	aca 
PSA.17.4	Ku ne luɔi de 
PSA.17.5	Cokcie aa dhɔlku do
PSA.17.6	Yin ca ya cɔɔl, ne ke yin ɣa gam, Yin 
PSA.17.7	Nyuɔɔthe nhiɛɛrdun gɛie, yin man ye kɔ
PSA.17.9	ku tenɔŋ 
PSA.17.12	Ee ciɛ
PSA.17.12	ku kee 
PSA.17.13	Jɔt rɔ
PSA.17.14	Luak ɣa tenɔŋ kɔ
PSA.17.14	kɔ
PSA.17.15	Aa kuɛ
PSA.17.16	Ku naa yee ɣa, ke ɣan bi yi ya ŋem nyin ne lajik; 
PSA.18.1	YIN 
PSA.18.2	Yekoba ee 
PSA.18.2	Ee Nhailinydie, ku yee kuurdie, 
PSA.18.2	ee kondie, ku yee 
PSA.18.3	Ɣan bi Yekoba ya 
PSA.18.3	a go 
PSA.18.4	Yuin ke 
PSA.18.4	ku 
PSA.18.5	Yuin ke piny de kɔ
PSA.18.5	ku 
PSA.18.6	Guɔ Yekoba cɔɔl ne anuaandie, ku 
PSA.18.6	go ɣa piŋ ror 
PSA.18.7	Go 
PSA.18.7	ku 
PSA.18.8	Ku 
PSA.18.8	ku 
PSA.18.9	Ee ci 
PSA.18.9	ku bii 
PSA.18.10	Ee cath ne 
PSA.18.11	Ee ci thiaan ne cuɔlic, ku 
PSA.18.12	Ku yee piol 
PSA.18.13	Ku mar Yekoba nhial eya, 
PSA.18.14	Ku moc 
PSA.18.15	Go nyin ke piu tuɔl, 
PSA.18.16	Ku tu
PSA.18.17	Ee ɣa kony ne ran rir de ater ciin, 
PSA.18.18	Aake ci ɣa 
PSA.18.18	ku ye 
PSA.18.19	Aci ɣa 
PSA.18.20	Bɛnydit aci ɣa 
PSA.18.21	Ne ke yan 
PSA.18.21	ku 
PSA.18.22	Ɣan ye nyin tiit ne luɔ
PSA.18.23	Ɣan ee ɣan la
PSA.18.24	Yen Bɛnydit aci ɣa 
PSA.18.24	ku ne 
PSA.18.25	Ran kɔc 
PSA.18.25	ku 
PSA.18.26	ku ran lɔ 
PSA.18.27	Yin bi 
PSA.18.27	ku 
PSA.18.28	Yin eya, 
PSA.18.28	Yekoba 
PSA.18.29	ku 
PSA.18.30	Ela ku yee 
PSA.18.30	wɛ
PSA.18.31	Yeeŋa ye 
PSA.18.31	ku 
PSA.18.32	Nhialiny ye ɣa ruɔ
PSA.18.33	Ee ɣa cɔ
PSA.18.34	Ee ɣa piɔɔc cin ne thɔɔr; ba dhaŋ de me
PSA.18.35	Ku yin eya, yin ci ɣa gam kon de luak; ku ciin cuecdu ee ɣa 
PSA.18.36	Yin ci co
PSA.18.37	Ɣan bi atiircie ya co
PSA.18.38	Aabake ya duɔi piny a 
PSA.18.39	Ne ke cin ɣa 
PSA.18.39	ku kɔ
PSA.18.40	Yin ci 
PSA.18.42	Guɔ ke jal 
PSA.18.43	Yin ci ɣa kony ne ajaakic; 
PSA.18.44	Aabi ɣa ya piɛŋ 
PSA.18.45	ku 
PSA.18.46	Yekoba kapiir, ku kee ya ye kuurdie naŋ athiɛɛi; 
PSA.18.47	Nhialiny ye ɣa 
PSA.18.48	ee yi
PSA.18.49	yin 
PSA.18.50	Ee 
PSA.18.50	ku nyu
PSA.19.1	PAN nhial 
PSA.19.1	ku 
PSA.19.2	Kole ku 
PSA.19.2	ku 
PSA.19.3	Acin jam ku 
PSA.19.4	Rorden ee piŋ ne tiɔp nhom ebɛn, ku welken aa ɣet ne piny thar agut, 
PSA.19.5	Acit ran 
PSA.19.5	ku 
PSA.19.6	Ee 
PSA.19.6	ku kayee yuɛl piny 
PSA.19.7	Loŋ de Yekoba 
PSA.19.7	ku man de Yekoba kee yi
PSA.19.8	Looŋ ke Yekoba 
PSA.19.8	loŋ de Yekoba 
PSA.19.9	Rieu de Yekoba acin 
PSA.19.9	luɔ
PSA.19.10	Kɔr bene ke ya 
PSA.19.10	ee yi
PSA.19.11	Ku 
PSA.19.13	Ku yee awundu tiɛɛt wei ne karɛ
PSA.19.13	ku 
PSA.19.14	Ne wel ke ɣathok, ku taŋ de ɣapiɔu ne ke ye 
PSA.19.14	yin, 
PSA.20.1	YEKOBA kabi yi ya 
PSA.20.1	rin ke Nhialiny de 
PSA.20.2	Ku yiki yi tuɔ
PSA.20.3	Abi yenhom ya ciɛɛt ne 
PSA.20.4	Ku 
PSA.20.4	ku 
PSA.20.5	Wɔ bi yai ya cam ne luaŋdu, ku yuku 
PSA.20.5	Yekoba 
PSA.20.6	Yemɛɛn aca jal nyi
PSA.20.6	abi ya gam pan nhialdeen 
PSA.20.7	Kɔk aaye roth gɛi ne 
PSA.20.7	ku rin ke Yekoba 
PSA.20.8	ku wɔ ci wɔkɔ
PSA.21.1	MELEK abi yepiɔu ya yuum ne 
PSA.21.1	anda 
PSA.21.2	Aca gam ke de yepiɔu, cii 
PSA.21.3	Ayee ŋɔɔr ne athiɛɛi de pia
PSA.21.4	Ee piir thieec enɔŋ 
PSA.21.6	Aca 
PSA.21.7	ku kaci bi ya ɣooc ne nhiɛɛr de 
PSA.21.8	Atiirku 
PSA.21.8	ku ciin 
PSA.21.9	Aabake ya cɔ
PSA.21.9	aabii Yekoba ke ya lie
PSA.21.10	Kuatken 
PSA.21.12	Aabake 
PSA.21.13	Ne yin ye di
PSA.21.13	a goku 
PSA.22.1	NHIALINYDIE, Nhialinydie, 
PSA.22.2	Yin, Yin Nhialinydie, ɣan ye duɔɔt akol, ku yin ci ɣa ye bɛɛric; ku ne 
PSA.22.3	Ku yin lajik, Yin, 
PSA.22.4	Wurku
PSA.22.5	Aake ye yi 
PSA.22.5	aake ye roth | gɛi yin, ku | cinki yic |‐liɛɛr.
PSA.22.6	Ku 
PSA.22.7	Kɔ
PSA.22.8	ne 
PSA.22.9	Ku kee yin 
PSA.22.9	ku 
PSA.22.10	Ɣan ee ɣan 
PSA.22.10	ku 
PSA.22.11	Du
PSA.22.13	Aaye 
PSA.22.13	aaci
PSA.22.14	Ɣan ci wɛl wei ci piu, ku 
PSA.22.14	ɣan ci 
PSA.22.15	Riɛrdie kee thiaaŋ ci abuɔ
PSA.22.15	ku 
PSA.22.16	amatnhom de kɔ
PSA.22.17	Ɣan bi yomcie yiɛn kueen kedhia; 
PSA.22.18	Aaci 
PSA.22.19	Ku 
PSA.22.20	ku 
PSA.22.21	ee yi
PSA.22.22	Ɣan bi 
PSA.22.23	Yaka Yekoba 
PSA.22.23	yee noom, yin kuan de Jakob ebɛn; ku 
PSA.22.24	ku kaken yenyin ya 
PSA.22.25	ku ɣan bi 
PSA.22.26	Kɔ
PSA.22.26	ku kɔ
PSA.22.27	Tiɔp nhom ebɛn abi 
PSA.22.27	ku wel ebɛn de piny 
PSA.22.28	ku 
PSA.22.29	Ke cuɛi de tiɔp nhom 
PSA.22.29	ku ke ye wɛ
PSA.22.31	lekki 
PSA.23.1	a 
PSA.23.2	Abi ɣa ya 
PSA.23.2	ku yee ɣa 
PSA.23.3	Abi tiɛ
PSA.23.3	ku yee ɣa da
PSA.23.4	Ee yi
PSA.23.4	ke 
PSA.23.4	lenydu ku 
PSA.23.5	Yin bi agen de 
PSA.23.5	ku 
PSA.23.6	Kepiɛth ku ka
PSA.23.6	Ɣan bi ya 
PSA.24.1	PINY ee ke de 
PSA.24.2	ku 
PSA.24.3	Yeŋa bi ya yi
PSA.24.3	ku 
PSA.24.4	Ee ran nɔŋ 
PSA.24.4	ee ran ken tiɛ
PSA.24.5	Abi 
PSA.24.6	Yekene yenekee 
PSA.24.6	kɔ
PSA.24.7	ne we jɔt roth we thook ye ceŋ 
PSA.24.8	Ee Yekoba nɔŋ riɛr ebɛn, ee 
PSA.24.9	ee yi
PSA.24.10	Ee 
PSA.25.1	YIN yin Yekoba, 
PSA.25.2	Nhialinydie, ɣan ci rɔ
PSA.25.3	Eeyi
PSA.25.3	kɔ
PSA.25.4	Yee ɣa nyuɔ
PSA.25.5	Yee ɣa ŋɔɔr ne yi
PSA.25.6	Ciɛɛte yinhom, 
PSA.25.6	ku 
PSA.25.7	Du
PSA.25.7	yee yinhom ciɛɛt ne ɣɛn ne ka
PSA.25.8	a kabi | kɔ
PSA.25.9	Abi kɔ
PSA.25.10	Dhɔl ke Yekoba kedhia aaye nhiɛr de ka
PSA.25.11	Pel rɛɛcdie, ne ke de rinku, Yin yin Ye
PSA.25.12	Yeŋa ye Yekoba riɛu? 
PSA.25.13	Abi ya ceŋ 
PSA.25.14	Kemuɔny de Yekoba ee tɔ kene kɔ
PSA.25.15	ne ke 
PSA.25.16	Wɛle rɔ
PSA.25.16	ne 
PSA.25.17	Anuaan de ɣapiɔu ee di
PSA.25.18	Tak anuaandie ku 
PSA.25.19	Tak 
PSA.25.19	ku 
PSA.25.20	ne ɣan ce 
PSA.25.21	Ne pia
PSA.25.22	Weer Yithrael 
PSA.26.1	YEE ɣa lu
PSA.26.1	ku ɣan ci rɔ
PSA.26.2	ku 
PSA.26.3	Nhiɛɛr de 
PSA.26.3	ku 
PSA.26.4	Ɣan ken ya 
PSA.26.4	ku 
PSA.26.5	ku 
PSA.26.6	Ɣan bi 
PSA.26.6	a guɔ 
PSA.26.8	ku 
PSA.26.9	Du
PSA.26.11	Ela ku yee ɣɛn, ke ɣan bi ya 
PSA.26.11	war 
PSA.26.12	ba 
PSA.27.1	YEKOBA 
PSA.27.1	yeeŋa ban ya riɔɔc? Yekoba yen ekee rir de piirdie; 
PSA.27.2	Wen 
PSA.27.2	go ya 
PSA.27.3	Na cak rem ɣa guɛɛr ne 
PSA.27.3	te ciɛ
PSA.27.4	Toŋ ca thieec enɔŋ Yekoba, 
PSA.27.4	ee ba ya ceŋ ɣon de Yekoba ne akolciɛɛk ke piir kedhia, ba ya daai ne 
PSA.27.5	Abi ɣa ya thiaan ediu 
PSA.27.5	cook ɣa ne akemadeic; 
PSA.27.6	Ku yemɛɛn ɣan bi cɔ
PSA.27.6	ku ba ko
PSA.27.7	Yee ɣa piŋ, Yin Yekoba, 
PSA.27.8	yin ca bi yɔɔk ne ɣapiɔu, ya 
PSA.27.9	Du
PSA.27.9	yin ekee ya konydie; du
PSA.27.11	Yee ɣa wɛɛt ne 
PSA.27.11	ne ke de 
PSA.27.13	Ee te ca niaar, na ne ɣan ken gam lan ban pia
PSA.27.14	Yee reer ne Yekoba; cɔ
PSA.28.1	YIN eka ba ya cɔɔl, Yin Yekoba; yin kuurdie, 
PSA.28.1	ne ke na yee ɣa 
PSA.28.2	Yee ror de lɔŋdie 
PSA.28.3	Du
PSA.28.3	kɔ
PSA.28.4	Ke yiki looi yen e yee gam 
PSA.28.4	luɔi de cinken yen e cɔ
PSA.28.5	Ke ci
PSA.28.5	ku ne luɔi de cinke, 
PSA.28.6	Ee ya bi 
PSA.28.7	Yekoba yen ekee riɛrdie ku yee kondie; ɣan ci rɔ
PSA.28.7	yen ɣan ci piɔu miɛ
PSA.28.8	ku kee pan 
PSA.28.9	Yee kɔ
PSA.28.9	yee ke 
PSA.29.1	YAKA Yekoba miɔɔc, 
PSA.29.2	Yaka Yekoba gam 
PSA.29.2	ku 
PSA.29.3	Ror de 
PSA.29.3	Nhialiny de nuɔm ee 
PSA.29.4	Ror de 
PSA.29.5	Ror de 
PSA.29.5	ee yi
PSA.29.6	Aayee ke cɔ
PSA.29.6	ku tuk 
PSA.29.7	Ror de 
PSA.29.8	Ror de Yekoba kee 
PSA.29.9	Ror de Yekoba kee lai cɔ
PSA.29.9	keriɛɛc 
PSA.29.10	Yekoba kee rɛɛr 
PSA.29.10	ee yi
PSA.29.11	Yekoba kabi kɔ
PSA.30.1	YIN ba leec, Yin Ye
PSA.30.1	ku kɛne kɔ
PSA.30.2	Yin Yekoba Nhialinydie, yin ca 
PSA.30.3	Yin Yekoba, yin ci tiɛ
PSA.30.4	Yaka Yekoba piɔny ne 
PSA.30.4	ku 
PSA.30.5	Ɣokde kee yuul emaath, 
PSA.30.5	dhieu ee yiɛn tɔ wakɔu, 
PSA.30.6	Na yee ɣen, ke 
PSA.30.7	Yin, yin Yekoba, pɛldu yenekee cɔ
PSA.30.8	Yin ca cɔɔl, Yin Yekoba; 
PSA.30.9	Yee pia
PSA.30.10	Bi 
PSA.30.11	Yee piŋ, Yin Ye
PSA.30.12	Yin ci ɣa 
PSA.30.12	yin ci alanh cual piɔ
PSA.30.13	Bi nuɔmdie yi ya piɔny ne 
PSA.30.13	Yin Yekoba 
PSA.31.1	EE yin, Yin Yekoba, 
PSA.31.1	du
PSA.31.2	Wɛle 
PSA.31.2	yee ya kuur rir 
PSA.31.4	Ro
PSA.31.5	yin ci ɣa waar, yin, 
PSA.31.6	Ɣan man 
PSA.31.6	ku ɣan 
PSA.31.7	Ɣan bi piɔu ya miɛ
PSA.31.7	ne ke cin yɔŋdie ŋem, ku 
PSA.31.8	Ku yin ken ɣɛn ya 
PSA.31.8	yin ci 
PSA.31.9	Kace piɔu ne ɣɛn, yin 
PSA.31.9	ɣan ci nyin piɔ
PSA.31.10	Piirdie ee thook ne dhien de piɔu, ku 
PSA.31.10	riɛrdie kee jal ne 
PSA.31.11	Ɣan ci nyil ne ke de atɛɛrcie, ee yi
PSA.31.11	ku yaa riɔɔc ne kɔ
PSA.31.12	Ɣan cene nhom 
PSA.31.13	Juaac aca piŋ ke lum ɣɛn arac, ku 
PSA.31.14	Ku ɣan ci rɔ
PSA.31.15	luak ɣa ne 
PSA.31.16	Yee 
PSA.31.17	Du
PSA.31.17	ne kɔ
PSA.31.18	Ne kɔ
PSA.31.18	kɔ
PSA.31.19	Anda di
PSA.31.20	Aabake ya kuaak ne 
PSA.31.20	aabake ya 
PSA.31.21	Ee ya bi 
PSA.31.21	ne ke cen ɣa nyuɔ
PSA.31.22	Ela ku yee ɣɛn, ke ɣan ee ci guɔ rɔɔt, jaam, Ya 
PSA.31.22	go dhiac ku 
PSA.31.23	Yaka Yekoba nhiaar, 
PSA.31.23	Yekoba ee ran nɔŋ adot mu
PSA.31.24	Yee 
PSA.31.24	yin 
PSA.32.1	RAAN ee thiei 
PSA.32.2	Raan ee thiei 
PSA.32.2	ku 
PSA.32.3	Na ya lɔ diu, ke 
PSA.32.3	ne 
PSA.32.4	Ciindu ee thiɛ
PSA.32.4	ku 
PSA.32.5	Ɣan ci rɛɛcdie gam ne yinhom, 
PSA.32.5	aca luel, Ya ɣan bi aciwuɔɔccie gam ne 
PSA.32.6	Ne raan ebɛn ye Nhialic riɛu ne ye yi lɔŋ ne yekene, 
PSA.32.6	ee yi
PSA.32.7	Yin ekee tediɛn de thiaan; yin bi ɣa ya 
PSA.32.7	ku 
PSA.32.8	Yin ba ya piɔc ku wɛɛt yin ne dhol 
PSA.32.9	Duɔne ye ciɛ
PSA.32.9	ka yee dhurden ke ya laŋ de thok, ye ke muɔ
PSA.32.10	Ran rac abi ya 
PSA.32.10	ku ran ye rɔ
PSA.32.11	Yaka piɔ
PSA.32.11	yaka coot ne 
PSA.33.1	YAKA piɔ
PSA.33.2	yaka 
PSA.33.3	Yaka kɛ
PSA.33.4	Ne ke yee wɛ
PSA.33.5	Tiɔp nhom ee 
PSA.33.6	Nhiel aake 
PSA.33.7	Ee 
PSA.33.8	Ne piny nhom 
PSA.33.8	ne 
PSA.33.9	Ee yee luel, ku loi; 
PSA.33.10	Yekoba ee acir de juɔr cɔk 
PSA.33.11	Acir de 
PSA.33.11	ku ye 
PSA.33.12	Jur ee thiei 
PSA.33.13	Yekoba ee 
PSA.33.14	Teden ceŋ ayen daai; 
PSA.33.15	Yen, yen man e loi 
PSA.33.16	Acin meleŋ yee rɛm kuɔ
PSA.33.17	kacin 
PSA.33.18	Ŋɛmka, Yekoba ee nyin 
PSA.33.18	ku 
PSA.33.19	ku 
PSA.33.21	Piɔ
PSA.33.21	ne ke cii 
PSA.33.22	Ne 
PSA.33.22	ne ye tɔ kene 
PSA.34.1	ƔAN bi 
PSA.34.1	ku 
PSA.34.2	Tiɛ
PSA.34.2	abii 
PSA.34.3	Yaka Yekoba leec wene ɣɛn; ku 
PSA.34.4	Ɣan ci Yekoba kɔɔr, go ɣa 
PSA.34.5	Ee ci
PSA.34.6	Yeaŋaŋe ee ci dhiau, go Yekoba 
PSA.34.7	Malaika de Yekoba ee kɔ
PSA.34.8	Yaka Yekoba thieep ku yaka ŋem ke piath; 
PSA.34.9	Yaka Yekoba 
PSA.34.10	Daau ke cuɛr aaye 
PSA.34.10	ku kɔ
PSA.34.12	Yee rano kɔr piir; ku 
PSA.34.13	Yee yiliep tiit ne 
PSA.34.15	Yekoba ee daai ne kɔ
PSA.34.16	Yekoba ee kɔ
PSA.34.17	Kɔ
PSA.34.17	ku 
PSA.34.18	Yekoba ee 
PSA.34.18	ku ye 
PSA.34.19	Ran lajik ee | naŋ dhien | kuɔtic:
PSA.34.19	ku 
PSA.34.20	Ee yomke mu
PSA.34.21	Rɛɛc abi aciwuɔɔc ya nɔ
PSA.34.22	ku kacin ran toŋ de 
PSA.35.1	YEE ɣeet, Yin Yekoba, wene 
PSA.35.1	yee 
PSA.35.2	Lom ko
PSA.35.3	Bɛie tɔŋ bei eya, ku ger kɔc nhiim, kɔ
PSA.35.4	Ne kɔ
PSA.35.4	ku ne kɔ
PSA.35.5	Ne ke ye 
PSA.35.6	Ne 
PSA.35.7	Aa ɣa 
PSA.35.8	ku ne wɛi ne dhuur 
PSA.35.9	Ku tiɛ
PSA.35.10	Yomcie kedhia aabi ya jam, Yii yin, Yin 
PSA.35.10	yin man ye lany ne aŋaaŋ, ee yi
PSA.35.11	Duleek ke 
PSA.35.11	aaye ɣa 
PSA.35.12	Aa ɣa dhuɔ
PSA.35.13	Ela ku ye ɣɛn, ke ɣan ee ye ceŋ e 
PSA.35.13	ku na
PSA.35.14	Yaa rɔ
PSA.35.14	yaa ɣanhiaal 
PSA.35.15	Ku na ya miɛɛm, ke ke lɔ 
PSA.35.15	kut kɔ
PSA.35.16	Remki ɣa kelec ci kɔ
PSA.35.17	Bɛnydit ba daai aɣet na? Luak tiɛ
PSA.35.18	ku 
PSA.35.19	Ne kɔ
PSA.35.19	ku cikki ɣa ye nyɔtic ne 
PSA.35.20	Acie 
PSA.35.20	aaye kɔ
PSA.35.21	Ee yi
PSA.35.21	aaye 
PSA.35.22	Aca ŋem, yin, Yin 
PSA.35.23	Yir rɔ
PSA.35.24	Yee ɣa lu
PSA.35.24	ku ne 
PSA.35.25	Ne ci
PSA.35.25	ne 
PSA.35.26	Ne ke ye yii
PSA.35.26	ne ke pio
PSA.35.27	Ku ne kɔ
PSA.35.27	ee yi
PSA.35.28	Ku lajiŋdu 
PSA.36.1	AWANY de kɔ
PSA.36.1	Ye 
PSA.36.3	Wel ke ye
PSA.36.4	Ee 
PSA.36.4	ku 
PSA.36.5	Nhiɛɛrduun de ka
PSA.36.6	ku luɔkku aathuth; 
PSA.36.7	Anda pia
PSA.36.7	ku 
PSA.36.8	Aabi ya kuɛ
PSA.36.8	ku 
PSA.36.9	Yin ekee 
PSA.36.9	ku ɣɛɛrdu 
PSA.36.10	Yee dhiac ku kɔc 
PSA.36.10	ku yee 
PSA.36.11	Ne cok ke ran dit 
PSA.36.12	Kɔ
PSA.36.12	aaye 
PSA.37.1	DUƆNE 
PSA.37.1	ku 
PSA.37.2	ku yiki 
PSA.37.3	Yee rɔ
PSA.37.3	ceŋ 
PSA.37.4	ku 
PSA.37.5	ye rɔ
PSA.37.6	Abi 
PSA.37.6	ku 
PSA.37.7	Yee lɔŋ ne 
PSA.37.7	du
PSA.37.8	Pɛl ɣok, ku 
PSA.37.8	du
PSA.37.10	Ee kaam thintet, ku 
PSA.37.10	ee yi
PSA.37.11	Ku piny abi 
PSA.37.12	Ran rac ee ran piɛth 
PSA.37.13	Abii Bɛnydit ya dɔl; 
PSA.37.14	Kɔ
PSA.37.14	bi
PSA.37.15	Thepken aabi roth ya 
PSA.37.15	ke 
PSA.37.16	Ke thinteet tɔ ke ran lajik 
PSA.37.17	Ran rac abi ya dhoŋ kok, ku ye 
PSA.37.18	Yekoba 
PSA.37.18	ku 
PSA.37.19	Aaci yii
PSA.37.19	ku 
PSA.37.20	Ku kɔ
PSA.37.20	aabi 
PSA.37.21	ku 
PSA.37.22	Kɔ
PSA.37.22	ku 
PSA.37.23	Yekoba 
PSA.37.24	Na ciɛ
PSA.37.25	Ɣan ci ya 
PSA.37.25	ku ɣan ken ran lajik guɔ ŋem ne ci 
PSA.37.26	Ee cool ne luɔi ne 
PSA.37.26	ku 
PSA.37.27	Yaka rɛɛc 
PSA.37.27	ku 
PSA.37.28	Yekoba anhiar luk, ku kaci 
PSA.37.28	aayee ke mu
PSA.37.28	ku 
PSA.37.29	Kɔ
PSA.37.30	Thoŋ de ran 
PSA.37.31	Loŋ de 
PSA.37.31	ku 
PSA.37.32	Ran rac ee daai ne ran 
PSA.37.33	Acii Yekoba bi ya pal ne yecin, ku 
PSA.37.34	Yee Yekoba tiit, ku muk dhɔlke, ku kabi yi ya cɔ
PSA.37.35	Ɣan ci 
PSA.37.35	ke ci rɔ
PSA.37.36	Ana ye ŋɛ
PSA.37.37	Yee ran piɛth 
PSA.37.38	Ela ku yee kɔ
PSA.37.39	Luaŋ de 
PSA.37.40	Ku kaaye Yekoba ke 
PSA.37.40	aayee ke luɔ
PSA.38.1	DUƆNE ɣa ye 
PSA.38.1	ku 
PSA.38.2	Yuɛ
PSA.38.2	ku 
PSA.38.3	Acin te ce tok ne ɣa
PSA.38.3	ku 
PSA.38.5	Ɣɔnetookcie aa 
PSA.38.6	Ɣan ci guɔ
PSA.38.7	Ɣan nyuɔ
PSA.38.8	Ɣan ci arɔɔr 
PSA.38.9	Bɛnydit, ke yaa 
PSA.38.9	ku 
PSA.38.10	Ɣan ye piɔu 
PSA.38.10	ku 
PSA.38.11	Kɔ
PSA.38.11	ku kɔ
PSA.38.12	Ku kɔ
PSA.38.12	ku kɔ
PSA.38.13	Ku kaacaake ye piŋ ci ran ci miŋ; ku ɣan ci
PSA.38.14	Ee yi
PSA.38.15	Ne ke yen ya 
PSA.38.16	Ne ke can e lueel, ya kɛlke 
PSA.38.16	ku te can ya 
PSA.38.17	ku 
PSA.38.18	Ɣan bi rɛɛc 
PSA.38.19	Ku atiircie aapel nyin, ku kaarir; ku 
PSA.38.20	Kɔ
PSA.38.20	aaye 
PSA.38.21	Duɔne ɣa ye waan, Yin Yekoba; ku du
PSA.39.1	ACA 
PSA.39.2	Ɣan bi ɣathok ya 
PSA.39.3	an ci mim agut 
PSA.39.4	Ɣan ee ci piɔu lɛ
PSA.39.5	Ya Bɛnydit cɔ
PSA.39.6	Ŋem, yin ci 
PSA.39.6	runcie aacie kaŋ enɔŋ yin, ku 
PSA.39.7	Raan ee cath ne 
PSA.39.8	Yemɛɛn, Bɛnydit, keno ye ŋɔ
PSA.39.9	Luak ɣa ne 
PSA.39.10	An ci athok kuɔɔt, ku thoŋdie acaa 
PSA.39.11	Nyaie 
PSA.39.12	Na yee raan waai ne kerac, ke yin cɔ
PSA.39.13	Piŋ lɔŋdie, Bɛnydit, ku ye 
PSA.39.14	an 
PSA.39.15	Pɛl an ne
PSA.39.15	ka ŋoot ka ken lɔ 
PSA.40.1	ƔAN ci 
PSA.40.1	go 
PSA.40.2	Ee ɣa bɛi bei ne 
PSA.40.2	ku 
PSA.40.3	Ku kee din jot taau ne ɣathok, 
PSA.40.3	abii juaac ya ŋem, ku 
PSA.40.4	Raan ee thieei 
PSA.40.4	ku cii kɔ
PSA.40.5	Luɔi gɛieduun ca looi ebɛn akuɔt, Yin Yekoba 
PSA.40.5	aaci ke leu ne juɛr ne yinhom; 
PSA.40.6	Yin ce piɔu ye lɔ 
PSA.40.6	yin ci ɣa lie
PSA.40.7	Guɔ jal lueel, Ya 
PSA.40.7	ee 
PSA.40.8	Ɣan ye ɣapiɔu yuum ne luɔi de piɔndu, 
PSA.40.9	Ɣan ci lajik ya 
PSA.40.9	ŋem atakda, ɣan ci 
PSA.40.10	Ɣan ken lajiŋdu ya thiaan ne ɣapiɔu; ku ɣan ci naŋ 
PSA.40.10	ku nhiɛɛrduun de ka
PSA.40.11	Duɔne pia
PSA.40.11	ne nhiɛɛrduun de 
PSA.40.12	Ɣan cii rɛɛc kuɔ
PSA.40.12	aawar nhim ke 
PSA.40.13	Yin 
PSA.40.14	Ne raan ebɛn ran ye riaŋ de tiɛ
PSA.40.14	ne ke dhu
PSA.40.15	ne ke ye 
PSA.40.16	Ne raan ebɛn ran ye yi kɔɔr ne ke ye piɔ
PSA.40.16	ne kɔ
PSA.40.17	Ku ɣan ye 
PSA.40.17	ku Bɛnydit ee tak ne ɣɛn; Yin ekee konydie, ku yee 
PSA.41.1	RAAN ee 
PSA.41.2	Abii 
PSA.41.2	ku kabi ya thieei ne 
PSA.41.3	Abii Yekoba 
PSA.41.3	ku yee 
PSA.41.4	Aca lueel, Yin Yekoba, 
PSA.41.4	cɔ
PSA.41.5	Kɔ
PSA.41.6	Ku na bi ɣa bi 
PSA.41.6	ee ye
PSA.41.7	Kɔ
PSA.41.8	Aaye jam, Ya kayee beny rac dɔm; ku yeman 
PSA.41.9	Ee yi
PSA.41.10	Ku yin, Yin Yekoba, ka
PSA.41.11	Yekene ayan e nyi
PSA.41.11	ne 
PSA.41.12	Ela ku yee ɣɛn, 
PSA.41.12	ku 
PSA.41.13	Ee ya bi 
PSA.41.13	yen man ye Nhialiny de Yithrael ne 
PSA.42.1	KƐL yee 
PSA.42.1	yenekee 
PSA.42.2	Tiɛ
PSA.42.2	Yee 
PSA.42.3	Piu ke ɣanyin ke
PSA.42.3	ku yiki ɣa luut ne 
PSA.42.4	Keekake ayake ta
PSA.42.4	ca
PSA.42.5	Ne 
PSA.42.5	ku 
PSA.42.6	Yeŋo ye yuɛt yi, yin 
PSA.42.6	aba ya dhiac ke piany; yenekee 
PSA.42.7	Yin yin 
PSA.42.7	yen ɣan ye ɣanhom ciɛt ne yin piny de 
PSA.42.8	Thuɔth ee thuɔth 
PSA.42.8	kueerdu ebɛn 
PSA.42.9	Ku Yekoba abi nhiɛrden de 
PSA.42.9	ku ye dinde tɔ ne ɣathok wakɔu, 
PSA.42.10	Ɣan bi Nhialic kuurdie yɔɔk, Ya 
PSA.42.11	Yɔŋ yee kɔ
PSA.42.11	ku yiki luut ne 
PSA.42.12	ku 
PSA.42.13	Yee Nhialic ŋɔɔth, 
PSA.42.13	yenekee 
PSA.43.1	LUK ɣa, Yin Nhialic, ku ɣɛɛte ne 
PSA.43.1	luak ɣa enɔŋ 
PSA.43.2	Yin ekee Nhialiny de riɛrdie; 
PSA.43.2	yeŋo ban 
PSA.43.3	Toc ɣɛɛrdu ku 
PSA.43.3	ne ke bii ɣa 
PSA.43.4	Ku ɣan bi jal lɔ te de kan de ko
PSA.43.4	ku yin ba ya piɔny ne 
PSA.43.5	ku 
PSA.43.6	Yee Nhialic ŋɔɔth, 
PSA.43.6	yenekee 
PSA.44.1	ACU
PSA.44.1	ye luɔi ɣɔn 
PSA.44.2	Yin ee yin ye juɔɔr ciɛɛc wei ne 
PSA.44.2	ku 
PSA.44.3	Aake ci piny lom ne theepken, ku kacie 
PSA.44.3	ee ye ciɛn cueecdu ku aŋoŋdu ku 
PSA.44.5	Yin eka bii wɔ 
PSA.44.5	aabukke ya dum ne 
PSA.44.6	Ɣan ce rɔ
PSA.44.6	ee 
PSA.44.7	Ku yin ci wɔ ya 
PSA.44.7	ku 
PSA.44.8	Nhialic eka yee wɔ 
PSA.44.9	Ku yin ci wɔ 
PSA.44.10	Yin ye wɔ cɔ
PSA.44.10	ku 
PSA.44.11	ku 
PSA.44.12	Yin ye 
PSA.44.12	ku 
PSA.44.13	Yin ye wɔ cɔ
PSA.44.13	ku 
PSA.44.15	Nyiildie kee 
PSA.44.16	Ne ror de 
PSA.44.17	ku wɔ ken nhiim kan maar ne yin, ku 
PSA.44.18	ku 
PSA.44.19	Ku ca wɔ 
PSA.44.19	ku 
PSA.44.20	Na cu
PSA.44.21	Ke cie 
PSA.44.22	Ee yi
PSA.44.23	Paace, 
PSA.44.25	Tiipkuɔ aa 
PSA.44.26	Jɔt rɔ
PSA.45.1	ƔAN ci piɔu thiaŋ ne ke piath areet; ɣan ye jam ne 
PSA.45.2	Liemdie ee 
PSA.45.3	Yin piath a 
PSA.45.3	athiɛi ee wal ne yithok, 
PSA.45.5	Ku caathe rɔ
PSA.45.5	ku ciin cuecdu 
PSA.45.6	Yuɛ
PSA.45.6	aaye tɔ ne 
PSA.45.7	Thonydu, Yin Nhialic, 
PSA.45.7	wan de 
PSA.45.8	Yin ci 
PSA.45.8	yen Nhialic, Nhialinydie, ee yi tɔ
PSA.45.9	Alathku kedhia aaye ŋuac ne 
PSA.45.9	thoom aaye yi cɔ
PSA.45.10	Nyiir ke melek aaye tɔ ne 
PSA.45.10	tiɛŋbɛny ee kɔɔc ne ciin cuecdu 
PSA.45.11	Piɛŋe, yin nya, ku yee 
PSA.45.11	yee nhom maar ne 
PSA.45.12	Yeneka bii 
PSA.45.13	Ku nyan de Turo 
PSA.45.13	ku kɔ
PSA.45.14	Nyan de melek ye reer
PSA.45.14	ku 
PSA.45.15	Abi ya yiɛn melek, ke 
PSA.45.15	dhueeckeek ye ye 
PSA.45.16	Aabike caath ne miɛ
PSA.45.17	mi
PSA.45.18	Rinku aabake 
PSA.45.18	yeneka bii kɔc 
PSA.46.1	NHIALIC yenekee 
PSA.46.1	ku kee ya 
PSA.46.2	A wɔ ci bi ya riɔc, te ciɛ
PSA.46.2	ku 
PSA.46.3	Te ciɛ
PSA.46.3	ku 
PSA.46.4	Anɔŋ ciir, ku nyinke aaye 
PSA.46.4	te 
PSA.46.5	Nhialic ee tɔ ne 
PSA.46.5	abii 
PSA.46.6	Juɔr ee ci 
PSA.46.6	go 
PSA.46.7	Yekoba de 
PSA.46.8	Baka, ba
PSA.46.9	Ee tɔɔŋ cɔ
PSA.46.10	Ku teem tɔɔŋ kɔ
PSA.46.11	Yee tɔ ediu ku nyic ke ɣan ye Nhialic; ɣan bi ya cɔ
PSA.46.12	Yekoba de 
PSA.47.1	PAMKA 
PSA.47.2	Ne ke yee Yekoba Dit areet, 
PSA.47.3	Abi kɔc taau ne 
PSA.47.4	Abi piɛny adonyda, abi luɔi 
PSA.47.5	Nhialic 
PSA.47.7	Ne ke yen Nhialiny ye Meleŋ de tiɔp nhom 
PSA.47.8	Nhialic yenekee juɔr dɔ
PSA.47.9	Bany ke juɔr aa gueer bi
PSA.47.9	ne ke yee koot ke tiɔp nhom ya 
PSA.48.1	YEKOBA yeneka dit, 
PSA.48.2	Pan piath ne jɔ
PSA.48.2	ee kuur de Dhiɔn, pan 
PSA.48.3	Nhialic ee rɔ
PSA.48.4	Ŋem, meleek aaye 
PSA.48.5	Aci
PSA.48.5	goki | riɔc, ku | bɛnki ke |‐cok wei.
PSA.48.6	Aake cike la
PSA.48.7	Yom 
PSA.48.8	Piŋ cii wɔ ye piŋ, yenekee ŋem cii wɔ ye ŋem 
PSA.48.8	pan de Nhialinyda, 
PSA.48.9	Wɔ ci tak ne nhiɛr de ka
PSA.48.10	Caŋ de rinku, Yin Nhialic, yenekee caŋ de piɔny agut piny thok ebɛn; 
PSA.48.11	Ne 
PSA.48.11	ne 
PSA.48.12	Ye Dhiɔn caath, ku yee yuɛl piny, 
PSA.48.13	Duɔtka rɔŋde apiath, ku ciɛtka wenhiim ne ɣootkeek ke 
PSA.48.14	Ye Nhialinye kee Nhialinyda 
PSA.49.1	YAKA yekene 
PSA.49.1	liep 
PSA.49.3	Ɣan bi ya 
PSA.49.3	ku taŋ de 
PSA.49.4	ku ya 
PSA.49.6	ku yiki 
PSA.49.7	Acin ran toŋ de 
PSA.49.7	ku 
PSA.49.8	Ciin de wɛɛr de 
PSA.49.8	a 
PSA.49.10	Ayee 
PSA.49.10	ku ye acibel kene ran ye kɔc yɔŋ 
PSA.49.11	Taŋden de kepiɔ
PSA.49.12	Ku raan acie dhiac ne 
PSA.49.13	Yedholdene yen ekee 
PSA.49.14	Aataau ci 
PSA.49.14	Ku kaabi kɔ
PSA.49.14	ku pia
PSA.49.15	Ku Nhialic abi ɣa ya 
PSA.49.16	Duɔne ye riɔɔc 
PSA.49.17	Na thou, ke 
PSA.49.17	ku 
PSA.49.18	Na ne ci rɔ
PSA.49.18	ku ne 
PSA.49.19	Ke kabi 
PSA.49.19	ku 
PSA.49.20	Ran ye 
PSA.50.1	NHIALIC, 
PSA.50.1	ku cɔɔl piny nhom gɔl te yee akɔl rɔ
PSA.50.3	Nhialinyda kabi 
PSA.50.3	abii 
PSA.50.5	Guɛɛrke 
PSA.50.5	ku 
PSA.50.6	Ku 
PSA.50.6	ne 
PSA.50.7	Piɛŋke, week we 
PSA.50.7	ku yin, Yin Yithrael, yin ba 
PSA.50.8	Yin caa bi 
PSA.50.9	Acin 
PSA.50.11	Ɣan nyic 
PSA.50.11	ku 
PSA.50.12	Ku na nak cɔk 
PSA.50.14	Yaka 
PSA.50.14	ku game ke 
PSA.50.15	Ku yee ɣa 
PSA.50.15	ku 
PSA.50.16	Ku 
PSA.50.16	Ye kedu eko ne luɛl de looŋcie, ku 
PSA.50.17	Ku 
PSA.50.18	Wen yok yin 
PSA.50.18	ku 
PSA.50.20	Yin ye 
PSA.50.21	Keekake aacake looi, ku ɣan ci mim; go ɣa ya 
PSA.50.21	yin ba jal 
PSA.50.22	Yen takkeic yekene, we 
PSA.50.22	kɛlke we ba ke 
PSA.50.23	Ran ye ko
PSA.50.23	ku ran ye nyiɛ
PSA.51.1	KA
PSA.51.2	Cok ɣa waak ne 
PSA.51.3	Ɣan gam 
PSA.51.4	Ee yin, yitok, yin eka ca luɔi rɛɛc, ɣan 
PSA.51.4	ba ya lajik te | jiɛm yin, ku | yee lɔgɔk te | luk yin.
PSA.51.5	ku kee 
PSA.51.6	Ŋem, ee yi
PSA.51.6	ku 
PSA.51.7	Wak ɣɛn ne 
PSA.51.8	Cɔ
PSA.51.8	bi 
PSA.51.9	Kum yinyin ne karɛ
PSA.51.10	Ca
PSA.51.11	ku du
PSA.51.12	ku 
PSA.51.13	A guɔ kɔ
PSA.51.14	Luak ɣɛn te de riɛm, 
PSA.51.14	ku liemdie 
PSA.51.16	Yin ci piɔu ye lɔyum ne 
PSA.51.17	Ko
PSA.51.17	piɔn ye dhiau ku ye 
PSA.51.18	Luɔie 
PSA.51.18	ne 
PSA.51.19	Ku yin bi piɔu ya miɛ
PSA.51.19	ku kaabi mioor 
PSA.52.1	YEEŊO yin yinhom lɛ
PSA.52.1	Ka
PSA.52.2	aci
PSA.52.3	ku 
PSA.52.5	Yin bii Nhialic yaa riɔɔk athɛɛr, abi yi loom, ku 
PSA.52.5	ku 
PSA.52.6	ku 
PSA.52.7	Ye ŋɛmke da, raan eke 
PSA.52.7	ku yee rɔ
PSA.52.8	Ela ku yee ɣɛn, ke ɣan ye ciɛ
PSA.52.8	ɣan ye rɔ
PSA.52.9	Yin ba ya leec 
PSA.52.9	ku ɣan bi ya reer ne 
PSA.53.1	ACII acibel lueel ne yepiɔu, Ye kacin Nhialic. Aa 
PSA.53.2	Nhialic ee 
PSA.53.2	bi ŋem lan nɔŋ en kɔ
PSA.53.3	Aa dhu
PSA.53.3	acin ran 
PSA.53.4	Cin kɔ
PSA.53.4	kɔ
PSA.53.5	Aake ci riɔɔc ne 
PSA.53.5	ne ke cii Nhialic yom ke ran ci yi gɔɔl piny cen ke wɛɛr wei; aacake 
PSA.53.6	Adhɛŋ ku na ne luaŋ de 
PSA.53.6	Na dhu
PSA.54.1	YEE ɣa 
PSA.54.1	ku 
PSA.54.2	Yee 
PSA.54.3	Alɛi aa roth jɔt ɣa, ku 
PSA.54.4	ku 
PSA.54.5	Abi rɛɛc ya 
PSA.54.6	ɣan bi rinku ya 
PSA.54.7	Ne ke cen ɣa 
PSA.54.7	ku ke ca 
PSA.55.1	LIƐ
PSA.55.1	ku 
PSA.55.2	Ye diɛɛr ne 
PSA.55.3	Ne ke de ror de ran de ater, 
PSA.55.3	aa rɛɛc biɔ
PSA.55.4	Piɔndie 
PSA.55.4	ku riɔɔc 
PSA.55.5	Riɔɔc ku lɛ
PSA.55.6	Guɔ jam, Ya na naŋ wuɔ
PSA.55.7	Ŋɛmka, kee te cɔ
PSA.55.8	Ee te cɔ
PSA.55.9	Riɔk keek, 
PSA.55.9	ne ke 
PSA.55.10	Ayiki yuil ne panyde 
PSA.55.10	ku 
PSA.55.11	ŋe
PSA.55.12	Acie ran de ater yen ee 
PSA.55.12	ku kacie ran man ɣɛn yen ee leec rɔ
PSA.55.13	yin ran ye 
PSA.55.14	Wɔ ci aciir 
PSA.55.14	ku cu
PSA.55.15	Ne ke lonye thou keek elantoŋtɛi, 
PSA.55.15	ne ke yee rɛɛc tɔ ne 
PSA.55.16	Ku na yee ɣɛn, ke 
PSA.55.16	ku 
PSA.55.17	Ɣan bi ya dhiau, ku ya 
PSA.55.17	ku ne 
PSA.55.18	Ee tiɛ
PSA.55.18	aake 
PSA.55.19	Aabi Nhialic ke ya piŋ, ku beer keek, agut yen 
PSA.55.19	kɔ
PSA.55.20	Ee yeciin thiɛu kɔ
PSA.55.21	Ee lip thok ci adep, ku ci piɔu thiaŋ ne tɔŋ; welke aake kɔc ci mio
PSA.55.22	Yee ke ye yi nuaan kan ne Yekoba 
PSA.55.22	aci 
PSA.55.23	Ku yin, Yin Nhialic, 
PSA.55.23	kɔ
PSA.56.1	YEE piɔu ka
PSA.56.1	kee 
PSA.56.2	Atiircie aaye ɣa 
PSA.56.2	kɔ
PSA.56.3	Te 
PSA.56.4	Nhialic eka 
PSA.56.4	ɣan ye rɔ
PSA.56.5	Aaye welcie 
PSA.56.6	Aaye keyiic 
PSA.56.6	aa ɣa 
PSA.56.7	Yee 
PSA.56.8	yee piuciɛɛk ke ɣanyin taau ne 
PSA.56.9	Yen eka bii kɔ
PSA.56.9	yekene 
PSA.56.11	a ɣan ci bi ya 
PSA.56.12	Mel ca 
PSA.56.13	Ne ke 
PSA.56.13	ku co
PSA.57.1	YEE piɔu ka
PSA.57.1	ee yi
PSA.57.2	Ɣan bi 
PSA.57.3	Abi ya tuc nhial, ku luɛk ɣa, te yee raan ɣa yɔŋ 
PSA.57.4	ku 
PSA.57.4	Ne mɛnh de 
PSA.57.5	Ne yin ye di
PSA.57.5	ne 
PSA.57.6	Aaci abuɔi juiir ne 
PSA.57.6	aaci ɣa 
PSA.57.7	Ɣan ci piɔu lɔ gɔc, Yin 
PSA.57.7	ɣan bi ya ket, ee 
PSA.57.8	Paace, yin 
PSA.57.8	ɣɛn ne 
PSA.57.9	Yin ba ya leec, 
PSA.57.10	Ne ke di
PSA.57.11	Ne yin ye di
PSA.58.1	YAKA co
PSA.58.2	We ye 
PSA.58.3	aaye 
PSA.58.4	Yuiriden 
PSA.58.5	Ku cii 
PSA.58.6	Dhuŋ 
PSA.58.6	yee cuɛl ke 
PSA.58.7	Ne ke 
PSA.58.7	na yee yuɛ
PSA.58.9	Aabi ke ya 
PSA.58.10	Ran lajik abi 
PSA.58.11	A go kɔc ya jam, Ya ne 
PSA.58.11	ku neyic 
PSA.59.1	YEE ɣa luɔk ne 
PSA.59.1	ja
PSA.59.2	Yee ɣa 
PSA.59.2	ku luak ɣa 
PSA.59.3	Ŋem da, 
PSA.59.3	kɔ
PSA.59.4	Aaye ka
PSA.59.4	yen 
PSA.59.5	Agut yin, Yin Yekoba Nhialiny de 
PSA.59.5	jɔ
PSA.59.6	Aaye dhu
PSA.59.6	ku 
PSA.59.7	aatɔe theep ke ne 
PSA.59.8	Ku 
PSA.59.9	Yin, yin 
PSA.59.10	Nhialinydiɛɛn de ka
PSA.59.10	Nhialic abi ke kaar ne 
PSA.59.11	Duɔne ke ye nɔ
PSA.59.11	ye ke weer ne riɛrdu, ku 
PSA.59.12	Cɔ
PSA.59.12	ku ne 
PSA.59.13	Yee ke nyo
PSA.59.13	ku cɔ
PSA.59.14	Ku cɔ
PSA.59.15	Aabi ya tai kɔrki miɛ
PSA.59.16	Ku rirdu eka ba ya ke
PSA.59.16	ne ke cin ya ɣon 
PSA.59.17	Yin, yin rirdie, 
PSA.59.17	ne ke yee Nhialic ya ɣon 
PSA.60.1	yin ci wɔ dhuɔŋ piny; 
PSA.60.2	Yin ci baai cɔ
PSA.60.3	ku yin ci 
PSA.60.4	Yin ci 
PSA.60.5	Bi 
PSA.60.6	Ye ɣan bi piɔu miɛt, ɣan bi 
PSA.60.7	Gilead ee kedie, 
PSA.60.7	Epraim eya ee 
PSA.60.8	ku Edom aba ya cuɛ
PSA.60.9	Yee
PSA.60.9	Yee
PSA.60.10	ku 
PSA.60.11	ne 
PSA.61.1	YEE 
PSA.61.2	Yin ba ya cɔɔl ne 
PSA.61.3	ku ye 
PSA.61.4	Ɣan bi ya 
PSA.61.4	ɣan bi ya 
PSA.61.5	Ne ke 
PSA.61.6	Yin bi 
PSA.61.7	Abi ya 
PSA.61.7	juir 
PSA.61.8	A guɔ 
PSA.62.2	Yenekee 
PSA.62.2	ee ɣon 
PSA.62.3	Ba
PSA.62.4	Aaye mat bi
PSA.62.5	Aaye 
PSA.62.6	Tiɛ
PSA.62.7	Yen yetok 
PSA.62.7	yenekee 
PSA.62.8	Luaŋdie ku nuɔmdie 
PSA.62.8	kuur de riɛrdie 
PSA.62.9	Yaka roth gɛi en e nyindhia, week kɔc, walka 
PSA.62.10	Kɔ
PSA.62.10	aabi lɔ nhial ne medhanic 
PSA.62.11	Duɔne rɔ
PSA.62.11	na jɔp 
PSA.62.12	Nhialic ee ci jam, yekene aca piŋ naarou; 
PSA.62.13	Ka
PSA.63.2	Tiɛ
PSA.63.2	piny ci riir wei ku 
PSA.63.3	Yen 
PSA.63.4	Nhiɛrdun de 
PSA.63.6	Tiɛ
PSA.63.6	ku 
PSA.63.7	Te yan ɣanhom 
PSA.63.8	a ɣan bi piɔu ya 
PSA.63.9	Tiɛ
PSA.63.9	ciin 
PSA.63.10	Ku kɔ
PSA.63.11	Aabi gam ne riɛr de 
PSA.63.12	Ku melek abi 
PSA.63.12	raan ebɛn ran ye rɔ
PSA.64.1	YEE ɣa piŋ 
PSA.64.1	yee 
PSA.64.2	Yee ɣa thiaan ne 
PSA.64.3	ku ci 
PSA.64.4	Bi
PSA.64.4	ayiki 
PSA.64.5	Aaye 
PSA.64.5	aaye mat ne dɛp bi
PSA.64.6	Aaye rɛɛc gɔɔk; 
PSA.64.6	ku 
PSA.64.7	Ku 
PSA.64.7	aabike 
PSA.64.8	Aabike ya cɔ
PSA.64.8	ku kɔc kedhia bi ke ya 
PSA.64.9	Ku 
PSA.64.9	ku kabi ya jam ne luɔi de cin ke 
PSA.64.10	Kɔ
PSA.64.10	ku kabi
PSA.65.1	PIƆNY ee yi 
PSA.65.1	ku yin eka 
PSA.65.2	yin 
PSA.65.3	ku 
PSA.65.4	Raan ee thiei ran yee loi, ku yee cɔ
PSA.65.4	wɔ bi ya kuɛ
PSA.65.5	Yin bi wɔ ya gam ka yukuke thiec ne ka riɔceke ne 
PSA.65.5	yin eka yee tiɔp nhom ebɛn rɔ
PSA.65.6	Riɛrde acen kur wɛ
PSA.65.7	Yenekee apuɔɔu de bɛɛr cɔ
PSA.65.8	Kɔ
PSA.65.8	ku jal de mia
PSA.65.9	Yin ye tiɔp neem nhom, ku yee piɔɔk; 
PSA.65.10	Ciir de Nhialic athiaŋ ne piau; 
PSA.65.11	Yin ye liɛl thiɔɔŋ yi
PSA.65.12	Yin ye run piɔ
PSA.65.13	Aaye lɔɔk roor ayiki nyiɛɛr; ku 
PSA.65.14	Lɔɔk aye luɔny ne bioŋ de amaal, ku 
PSA.65.14	aaye 
PSA.66.1	YAKA wepiɔ
PSA.66.2	Yaka nuɔm de rinke 
PSA.66.3	Yɔɔkka Nhialic, Wuɔɔ agai ci 
PSA.66.3	kɔ
PSA.66.4	Tiɔp nhom abi yi ya 
PSA.66.5	Baka, ku 
PSA.66.5	ka yeeke luɔi 
PSA.66.6	Ee cɔ
PSA.66.6	yetene 
PSA.66.7	Ee dɔk ne riɛrde athɛɛr, 
PSA.66.8	Yaka 
PSA.66.10	Ne ke 
PSA.66.12	Yin ci kɔc cɔ
PSA.66.12	ku 
PSA.66.13	Ɣan bi bɛn ɣondu wɔne miɔ
PSA.66.14	Ke e cii thoŋdie luel, ku cii 
PSA.66.15	Yin ba ya 
PSA.66.15	ku atuɛi de 
PSA.66.16	Baka, piɛŋka, we kɔ
PSA.66.17	Aca cɔɔl ne 
PSA.66.18	Na ya 
PSA.66.18	ke 
PSA.66.19	Ku 
PSA.66.20	Eeyabi 
PSA.66.20	yen man ken lɔŋdie 
PSA.67.1	EEYABI 
PSA.67.1	ku 
PSA.67.2	Bi 
PSA.67.2	ku bi 
PSA.67.4	Cɔ
PSA.67.4	yin bi kɔc luɔ
PSA.67.5	ne
PSA.67.7	ku 
PSA.68.1	NE Nhialic jɔt rɔ
PSA.68.2	Kuath ke ci 
PSA.68.2	ne kɔc rac ye thou ne Nhialic nhom, ne 
PSA.68.3	Ku ne 
PSA.68.3	ne ke ye piɔth lɔ yum ne Nhialic 
PSA.68.4	Yaka Nhialic kɛɛt, yaka rinke piɔɔny ne ket; luɔike kuer dit 
PSA.68.4	aye cɔɔl 
PSA.68.5	Ee ya wun abɛɛr ku 
PSA.68.6	ku kee kɔ
PSA.68.8	Go piny lat
PSA.68.9	Yin, Yin Nhialic, 
PSA.68.9	ku 
PSA.68.10	Go 
PSA.68.10	pia
PSA.68.11	ku diaar ye 
PSA.68.12	Meleek ke rem ke 
PSA.68.12	ku tiŋ ye dɔŋ 
PSA.68.13	ci wuɔ
PSA.68.14	Ɣɔn thieiɛ Nhialiny 
PSA.68.15	Kuur de 
PSA.68.16	Yeeŋo yee we yii
PSA.68.16	Ee yi
PSA.68.17	Arabiyai ke Nhialic aaye bianabur thiɛrrou, a
PSA.68.17	Bɛnydit a
PSA.68.18	Yin ci lɔ nhial, ku yin ci kɔ
PSA.68.18	ee yi
PSA.68.19	Ee ya bi athiɛɛi ya tɔ kene Bɛnydit, 
PSA.68.19	ku 
PSA.68.20	Nhialic ee 
PSA.68.20	ku 
PSA.68.21	Ku Nhialic abi 
PSA.68.22	Bɛnydit ee 
PSA.68.22	aabake 
PSA.68.23	ku bi liem de 
PSA.68.24	canh de 
PSA.68.25	Ee yee kɔ
PSA.68.25	ne 
PSA.68.26	Yaka a
PSA.68.26	ku Bɛnydit 
PSA.68.27	Tɔ Benjamin thi ne ye dudoŋden, ku bany ke 
PSA.68.27	ku 
PSA.68.28	Nhialinydu 
PSA.68.29	Me
PSA.68.29	ne ke de 
PSA.68.30	Yee lai roor ke aruɔɔric waai, kene miɔɔr 
PSA.68.30	ku dum luɔŋ thii ke wɛnhrial ne yicook; ku kee kɔc 
PSA.68.31	Bany 
PSA.68.32	Yaka Nhialic 
PSA.68.33	Yen man ye 
PSA.68.34	Yaka 
PSA.68.34	pia
PSA.68.35	Yin rac 
PSA.68.35	Nhialiny de Yithrael ee rier gam 
PSA.69.2	Ɣan 
PSA.69.2	ɣan ci 
PSA.69.3	Ɣan ci dak ne 
PSA.69.3	ku ɣan ci piny thueet ne ŋem ne ye
PSA.69.4	Kɔ
PSA.69.4	kɔ
PSA.69.5	ku 
PSA.69.6	Ne kɔ
PSA.69.6	ne kɔ
PSA.69.8	ku 
PSA.69.9	Di
PSA.69.9	ku yɔŋ de 
PSA.69.10	Te yan dhiau, ku 
PSA.69.10	ke 
PSA.69.11	Te yan 
PSA.69.11	ke 
PSA.69.12	Kɔ
PSA.69.12	ku 
PSA.69.13	Ela ku yee ɣɛn, ke kee yin eka ya loŋ, 
PSA.69.13	Yin Nhialic, ne di
PSA.69.14	Luak ɣa ne 
PSA.69.14	ne ɣan luak ne 
PSA.69.15	Ne aboor ce ɣa coth, ku 
PSA.69.15	ku duɔne 
PSA.69.16	Beer ɣa, Yin Yekoba; 
PSA.69.17	Ku du
PSA.69.17	ne ke 
PSA.69.18	Yee rɔ
PSA.69.19	Yin nyic yɔŋ yene ɣa yɔŋ, ku 
PSA.69.20	Ɣan ci piɔu dhuɔŋ ne yɔŋ; ku 
PSA.69.20	guɔ kor ne ran bi nyin kuany ne ɣɛn, ku cin ran yɔ
PSA.69.21	Aaci ɣa gam 
PSA.69.21	ku 
PSA.69.22	Ne agenden reer keek 
PSA.69.22	ku te yee ke
PSA.69.23	Ne ke col ke 
PSA.69.24	Wale ke 
PSA.69.24	ku 
PSA.69.25	Ne 
PSA.69.25	ku 
PSA.69.26	Aaci raan 
PSA.69.26	ku kaaye dhien de 
PSA.69.27	ku 
PSA.69.28	Ne ke 
PSA.69.28	ku 
PSA.69.29	Ku ɣan ye 
PSA.69.29	cɔ
PSA.69.30	Ɣan bi rin ke 
PSA.69.31	Ku kabi Yekoba ya 
PSA.69.32	Acii kɔ
PSA.69.32	cakka 
PSA.69.33	ku 
PSA.69.34	Ne yee 
PSA.69.34	ku 
PSA.69.35	Nhialic abi Dhiɔn ya 
PSA.69.35	ku 
PSA.69.36	ku 
PSA.70.2	Ne raan
PSA.70.2	ne ke dhu
PSA.70.3	Ne kɔc ye ɣa dɔl ne ke 
PSA.70.4	Ne raan ebɛn ran ye yi kɔɔr ne ke ye piɔ
PSA.70.4	ne ke ye 
PSA.70.5	Ku ɣan ye aŋaŋ ku ya 
PSA.70.5	yin ekee konydie ku yee luaŋdie; 
PSA.71.2	Yee ɣa luɔ
PSA.71.3	Yee ya kuur de pannhomdie, 
PSA.71.3	yin ci loŋ de luaŋdie cɔɔl; ne ke 
PSA.71.4	Kony ɣa ne 
PSA.71.5	Yin ekee 
PSA.71.6	Yin ekee 
PSA.71.6	ku yin ekee bii ɣa bei 
PSA.71.6	a yin | ba ya luut e | piɔɔny.
PSA.71.7	Ɣan ye ciɛ
PSA.71.7	ku 
PSA.71.9	Du
PSA.71.9	ku 
PSA.71.10	Kɔ
PSA.71.10	ku 
PSA.71.12	Yen Nhialic, 
PSA.71.13	Ne kɔc ye yiic liɛɛr ku 
PSA.71.13	ku ne kɔ
PSA.71.14	Ku 
PSA.71.14	ku 
PSA.71.15	Ɣan bi 
PSA.71.15	ku
PSA.71.15	| ɣan kuc | kuɛnden | thok.
PSA.71.16	Ɣan bi ya bɛn ne 
PSA.71.16	ɣan bi ya 
PSA.71.17	Nhialic, yin ci ɣa 
PSA.71.17	ku 
PSA.71.18	Ee yi
PSA.71.18	agut te can rirdu lɛ
PSA.71.19	Lajiŋdu eya, Yin 
PSA.71.19	yin, yin man ci ka di
PSA.71.20	Yin, yin man ci wɔ 
PSA.71.20	yin bi wɔ bɛɛr cɔ
PSA.71.21	ku 
PSA.71.22	Yin ba ya piɔɔny eya ne dit, 
PSA.71.22	yin eka ba ya piɔɔny ne 
PSA.71.23	Ɣan bi thok ya miɛ
PSA.71.23	ku 
PSA.71.24	Liemdie eya abi ya jam na 
PSA.71.24	aa yii
PSA.72.1	YEE 
PSA.72.1	ku 
PSA.72.2	Abi kɔ
PSA.72.3	Kur aabi 
PSA.72.4	Abi 
PSA.72.4	abi mi
PSA.72.5	Aabi ya riɔc ne 
PSA.72.6	Abi bɛn 
PSA.72.6	ku 
PSA.72.7	Kɔ
PSA.72.7	ku kabi naŋ 
PSA.72.8	Abi naŋ riɛr 
PSA.72.8	ku 
PSA.72.9	Kɔ
PSA.72.9	ku 
PSA.72.10	Meleek ke Tarcic ku 
PSA.72.10	meleek ke 
PSA.72.11	Ee yi
PSA.72.12	Ne ke ben ran 
PSA.72.12	ku 
PSA.72.13	Abi piɔu 
PSA.72.13	ku 
PSA.72.14	Abi tiipken luɔ
PSA.72.14	ku 
PSA.72.15	Ku kaabi ceŋ, ku wɛnhjini de 
PSA.72.15	ku kɔc aabi ya cool ne 
PSA.72.16	Abi naŋ raa
PSA.72.16	kɔ
PSA.72.17	Rinken aabi ya dhiac athɛɛr, 
PSA.72.17	ku kɔ
PSA.72.18	Eeyabi athiɛi ya tɔ ke Yekoba 
PSA.72.18	yen 
PSA.72.19	Ku keeyabi athiɛi ya tɔ ke 
PSA.72.19	ku ne tiɔp 
PSA.73.1	NEYI
PSA.73.2	Ela ku yee ɣan, ke 
PSA.73.3	Ne ke e can 
PSA.73.4	Ee ciɛn tɔɔk lɔ cuei ne 
PSA.73.5	Aaye ciɛn badhal ci kɔ
PSA.73.5	ku 
PSA.73.6	A di
PSA.73.6	ku 
PSA.73.8	Aaye bui, ku 
PSA.73.9	ku 
PSA.73.10	A go 
PSA.73.10	ku 
PSA.73.11	Ku yiki jam, 
PSA.73.11	ku 
PSA.73.12	Ŋem, keekake 
PSA.73.12	ku kaaye 
PSA.73.12	Neyi
PSA.73.12	ku 
PSA.73.13	Ne ke 
PSA.73.13	ku 
PSA.73.14	Ku na ne ca ya 
PSA.73.15	Ela ya ta
PSA.73.16	Guɔ lɔ 
PSA.73.17	Neyi
PSA.73.18	Anda riaŋ 
PSA.73.18	aa | nyo
PSA.73.19	yen eke cɔɔkde, Yin 
PSA.73.20	Ɣan ee ɣan ci 
PSA.73.21	Ku jal ya ran rɛɛc de yɔŋ, ku cin ke nyiɛ
PSA.73.22	Yineya, ku dhiaac ka tɔ wɔne yin: yin ci 
PSA.73.23	Yin bi ɣa ya ŋɔɔr ne 
PSA.73.24	Yeeŋadiɛɛn to 
PSA.73.24	ku kacin 
PSA.73.25	ku Nhialic ekee 
PSA.73.26	Yen, ŋem atakda, kɔ
PSA.73.26	yin ci 
PSA.73.27	Ku 
PSA.73.27	Bɛnydit NHIALIC aca 
PSA.74.1	YEEŊO yin wɔ 
PSA.74.1	Yeeŋo ye 
PSA.74.2	Yee yinhom ciɛɛt ne 
PSA.74.2	war bi ya jur de 
PSA.74.3	Yee 
PSA.74.3	ku 
PSA.74.5	Aaci
PSA.74.6	Ku luɔidee ci guaŋ 
PSA.74.7	Aa 
PSA.74.7	aa te yee 
PSA.74.8	Aa jam ne ke
PSA.74.8	aa luek ke 
PSA.74.9	Ciitkuɔ aacukku ke ye ŋem; 
PSA.74.9	ku kacin ran dɛ ne wɔyiic 
PSA.74.10	Bi atiir 
PSA.74.10	Bi ran de 
PSA.74.11	Yeeŋo yin yiciin miɛɛt 
PSA.74.12	Ku 
PSA.74.13	ku 
PSA.74.14	ku 
PSA.74.15	Yin ci awaŋgaak
PSA.74.16	Akɔl ee kedu, ku wɛɛr eya ee kedu; 
PSA.74.17	Yin ci aken de piny keer; ku 
PSA.74.18	Ku tak kene, Yin Yekoba, ran de ater ee 
PSA.74.19	Duɔne tiɛ
PSA.74.19	du
PSA.74.20	ɣɔn cool ke 
PSA.74.21	Du
PSA.74.22	Jɔt rɔ
PSA.74.22	tak 
PSA.74.23	Ku duɔne nhom ye 
PSA.74.23	ajaak de kɔ
PSA.75.1	YIN yuku leec, Yin Nhialic, 
PSA.75.1	kɔc aaye 
PSA.75.2	Na ca kolde 
PSA.75.3	Tiɔp ku ceŋ e nhom ebɛn ee 
PSA.75.4	Ɣan ci acibel 
PSA.75.4	ku
PSA.75.5	Du
PSA.75.6	Jɛ
PSA.75.7	Ku 
PSA.75.7	ee 
PSA.75.8	Nhialic amuk abiny ne yeciin, ku kayee abiɛi piɔɔr thin; ku kee liaap, ku 
PSA.75.8	neyic athuande abii 
PSA.75.9	Ku 
PSA.75.9	ɣan bi 
PSA.75.10	Tuŋ ke kɔ
PSA.75.10	ku tuŋ ke 
PSA.76.1	JUDA 
PSA.76.3	Ee yuɛth dhoŋ eeti, ku 
PSA.76.4	Yin nɔŋ 
PSA.76.5	Kɔ
PSA.76.5	ku kacin 
PSA.76.6	aci 
PSA.76.7	Yin, agut ci 
PSA.76.7	ku yeeŋa na re
PSA.76.8	Yin ci 
PSA.76.9	Wen 
PSA.76.9	bi 
PSA.76.10	Neyi
PSA.76.10	ku 
PSA.76.11	Yee mel kueeŋ, ku 
PSA.76.11	ne ran yuil en ebɛn, yen man ye riɛu, 
PSA.76.12	Abi 
PSA.76.12	ee ya 
PSA.77.1	ƔAN bi 
PSA.77.1	Nhialic 
PSA.77.2	Ɣan ee ci Yekoba 
PSA.77.2	ɣan ci ɣaciin ruu ne 
PSA.77.3	Ɣan ye ɣanhom ciɛt ne Nhialic, ku caa 
PSA.77.4	Yin ci ɣa pɛn 
PSA.77.5	Ɣan ci ɣanhom ciɛt ne akol thɛɛr ɣɔn; 
PSA.77.6	Ɣan ye din kaudie tak; ku ɣan ye jam wɔne 
PSA.77.7	Bi Nhialic cuɛ
PSA.77.8	Ci ka
PSA.77.9	Ci 
PSA.77.9	ci 
PSA.77.10	Guɔ 
PSA.77.11	Ɣan bi ka cii 
PSA.77.12	Ɣan bi ya tak eya ne 
PSA.77.12	ku 
PSA.77.13	Dholdu, Yin 
PSA.77.14	Yin ekee, 
PSA.77.15	Yin ci kɔcku waar ne koŋdu, 
PSA.77.16	Piu aaci yi ŋem, Yin Nhialic; aaci 
PSA.77.17	Piol ee piau 
PSA.77.17	ku 
PSA.77.18	Kɔɔr ee nɔŋic 
PSA.77.18	ku mer yuil e deŋ piny 
PSA.77.19	Dholdu kee tɔ bɛɛr, ku ɣɔn yin ke cath ne piau ditic; ku co
PSA.77.20	Kɔ
PSA.78.1	YAKA | loŋdie piŋ, we | kɔ
PSA.78.2	Ɣan bi ɣathok ya kue
PSA.78.3	Kɛŋ cukke 
PSA.78.4	lekku kuan bɔ ne piɔny de Yekoba, ku 
PSA.78.5	Ee mat looi ne 
PSA.78.5	loŋ e ci 
PSA.78.6	Bii kuan bi bɛn ya nyi
PSA.78.6	mi
PSA.78.7	A 
PSA.78.7	ku cikki nhiim ye maar ne 
PSA.78.8	Ku ci
PSA.78.8	kuan ken 
PSA.78.9	Mi
PSA.78.10	Aaken man de Nhialic 
PSA.78.11	Aa nhiim maar ne 
PSA.78.12	Ee kagɛieke looi ne wurken nhiim, 
PSA.78.13	Ee bar ŋaany, ku cɔ
PSA.78.14	Ku yee ke ŋɔɔr eya 
PSA.78.15	ku 
PSA.78.16	Ee ye nyin ke piu cɔ
PSA.78.17	Goki 
PSA.78.18	Ku themki Nhialic ne 
PSA.78.19	Ee yii
PSA.78.20	Ŋɛmke, ee kuur yu
PSA.78.20	leu bi 
PSA.78.21	Go 
PSA.78.21	go 
PSA.78.22	Ne ke ken ke
PSA.78.23	Ku dhiɛɛc ke 
PSA.78.24	Ku lony ke mana bi
PSA.78.25	Cam raan miɛ
PSA.78.26	Ee ye yom ciɛɛn cɔ
PSA.78.27	Ku wer ke riiŋ eya ci 
PSA.78.28	Ku cɔ
PSA.78.29	Goki ya cam, ku 
PSA.78.30	Aake ken roth lei ne 
PSA.78.31	Ɣɔn jo
PSA.78.32	Ku dhiacki ke ke ye rɛɛc looi ne yekene ebɛn, ku 
PSA.78.33	Go akolken 
PSA.78.34	Ɣɔn aci ke ya 
PSA.78.34	ku 
PSA.78.35	Ku yiki 
PSA.78.36	Ku yiki bui ne kethook, ku 
PSA.78.37	Aake ken piɔ
PSA.78.38	Go ke ya pal rɛɛc ne dit de kac de 
PSA.78.38	ee yi
PSA.78.39	Ku yee 
PSA.78.39	ku 
PSA.78.40	Ci
PSA.78.41	Ku beerki dhuk, ku themki 
PSA.78.42	Aake ken aŋoŋde ta
PSA.78.43	Ku cit ci ke 
PSA.78.44	Ku cɔ
PSA.78.45	Aacike tuɔ
PSA.78.46	Ee ka ci luɔ
PSA.78.47	Aci abinyden 
PSA.78.48	Ee ɣɔkken 
PSA.78.49	ɣokde, ku kɛ
PSA.78.50	Ku juir ɣokde dhol; ku cii tiipken pɛl cɔ
PSA.78.51	Ku nɛ
PSA.78.52	Ku ŋɛɛr kɔ
PSA.78.53	Yee ke ŋɔɔr apiɛth 
PSA.78.54	Ku 
PSA.78.54	bii ke 
PSA.78.55	Ku yee juɔɔr cieec eya ne kenhiim, ku gɛm ke 
PSA.78.55	ku cɔ
PSA.78.56	Goki dhiac ke ke them ku reecki wel ke Nhialiny Dit Areet, 
PSA.78.57	Dhukki ciɛɛn, ku yiki luui arac ci 
PSA.78.58	Aci
PSA.78.58	ku 
PSA.78.59	Ɣɔn ye Nhialic ye piŋ ekene, ke ɣok, ku 
PSA.78.60	A go akema de Cilo 
PSA.78.61	Ku gɛm riɛrde bi 
PSA.78.62	Ku gɛm kɔ
PSA.78.63	Ye mac ran thinde nyo
PSA.78.64	Yuɛɛk banykeek ke ka ke 
PSA.78.65	Go Bɛnydit puɔɔc ci ran e nin, ku ci meril 
PSA.78.66	Ku 
PSA.78.67	Ku reec akema de Jothep, ku cii 
PSA.78.68	Ku ye jur de 
PSA.78.69	Ku yi
PSA.78.70	Ku lɔ
PSA.78.71	Bii te de kueny de dɛɛu ke amɛl cok, bi Jakob ya 
PSA.78.72	A go ke ya miɛɛth ne pia
PSA.79.1	YIN 
PSA.79.1	aa yekaluduun 
PSA.79.2	Gu
PSA.79.2	ku
PSA.79.3	Aa rimken weer ci piu ne Jeruthalem kɔu 
PSA.79.4	Wɔ ci ya yaaŋ enɔŋ kɔ
PSA.79.5	Ba ɣok 
PSA.79.6	Yee ɣokdu wal ne juɔɔric, juɔɔr kuc yin, ku ne ceeŋ yii
PSA.79.8	Duɔne rɛɛc de 
PSA.79.8	ne pia
PSA.79.9	Yee wɔ kony, Yin Nhialiny de 
PSA.79.9	ku yee wɔ luɔ
PSA.79.10	Yeeŋo bi juɔɔr ya jam, Ya tɔ 
PSA.79.11	Cɔ
PSA.79.11	ku yee kɔc mu
PSA.79.12	Ku yee 
PSA.79.12	ne kɔ
PSA.79.13	A goku yi ya leec athɛɛr, wɔɔk wɔ 
PSA.80.1	LIEP yiyic, Yin Abio
PSA.80.1	yin 
PSA.80.2	Jɔt riɛrdu ne Epraim nhom kene Benjamin ku 
PSA.80.3	Bɛɛre wɔ dhu
PSA.80.4	Yin yin 
PSA.80.5	Aacake 
PSA.80.5	ku 
PSA.80.6	Yin ye wɔ ɣɔɔk 
PSA.80.6	ku 
PSA.80.7	ku 
PSA.80.8	Yin ci abiɛi bɛi bei ne Yijep, ku 
PSA.80.9	Aca juɛr 
PSA.80.10	Go 
PSA.80.10	ku ci
PSA.80.11	Go kerke cɔk 
PSA.80.12	Yeŋo e dhuɔŋe 
PSA.80.13	Ayee 
PSA.80.14	Bɛɛre dhuk, yin 
PSA.80.14	wel yinyin piny 
PSA.80.15	Kɔ
PSA.80.16	Ee nyo
PSA.80.17	Ne ciindu ye dhiac ne 
PSA.80.18	Yeneka cii wɔ bi 
PSA.80.18	cɔ
PSA.80.19	Bɛɛre wɔ 
PSA.80.19	ku 
PSA.81.1	YAKA 
PSA.81.1	yaka 
PSA.81.2	Yaka dit ciɛɛt ku taauke 
PSA.81.3	Yaka tuuŋ kooth ne yuilthok, ku ne 
PSA.81.4	Ee loŋ enɔŋ Yithrael, loŋ 
PSA.81.5	Aci gam Jothep ne ye le
PSA.81.6	Kethie
PSA.81.6	ku 
PSA.81.7	Yin ee yin 
PSA.81.7	ya yi gam te muɔɔny de maar e 
PSA.81.8	Yen piɛŋke, 
PSA.81.8	ku 
PSA.81.9	Acin nhialiny 
PSA.81.9	ku 
PSA.81.10	Ɣan ye Yekoba Nhialinydu, 
PSA.81.11	Go 
PSA.81.12	A guɔ ke pal riɛr de piɔ
PSA.81.13	Anda ku na ne 
PSA.81.14	Ke yi ɣan jɔl 
PSA.81.14	ku 
PSA.81.15	Kɔ
PSA.81.16	Ku yee ke miɛɛth ne ayum de | raa
PSA.82.1	NHIALIC ee 
PSA.82.2	Ba
PSA.82.3	Yaka aŋaŋ kene abaar luɔɔk; ku yaka pia
PSA.82.4	Yaka aŋaŋ 
PSA.82.5	Ayiki 
PSA.82.5	aaye cuɔl 
PSA.82.6	Aca 
PSA.82.6	ku 
PSA.82.7	Yineya, ku we bi ya thou ci 
PSA.82.8	Jɔt rɔ
PSA.83.1	duɔne ye 
PSA.83.2	Ŋem atakda, kɔ
PSA.83.2	ku kɔ
PSA.83.3	Aaye 
PSA.83.3	ku kaaye 
PSA.83.4	Aaci jam, Yii bakka, ku nyiɛɛiku ke nyin 
PSA.83.5	Aa roth ciɛɛr ku kaa mat ne 
PSA.83.6	Go ya akemai ke 
PSA.83.7	Go ya Gebal, ku Amon, ku Amalek; ku 
PSA.83.8	Athuria eya ee 
PSA.83.9	Loi ke ci Midian, ku ci Thithera, 
PSA.83.10	Ɣɔn 
PSA.83.11	Cɔ
PSA.83.11	ku 
PSA.83.12	Kɔ
PSA.83.13	Yen, Yin Nhialinydie, cɔ
PSA.83.14	Cɔ
PSA.83.14	ku 
PSA.83.15	Yee ke co
PSA.83.16	Thiaŋ ke nyin ne 
PSA.83.17	Ne ke ye yii
PSA.83.18	Bik ya nyi
PSA.84.2	Ɣoot ke Yekoba aacii tiɛ
PSA.84.2	piɔndie ku 
PSA.84.3	Ee yi
PSA.84.3	kɛɛtkuuk ke ko
PSA.84.5	Raan ee 
PSA.84.6	Na tekki ne thuɔɔth de Dhieuic, ke ka
PSA.84.6	ee yi
PSA.84.7	Ayiki gɔl ne 
PSA.84.7	raan ebɛn de 
PSA.84.8	Yekoba 
PSA.84.9	ku 
PSA.84.10	Kol tok ɣondu 
PSA.84.10	aŋuan ba ya dutin de ɣot thok ɣon de Nhialinydie, ne 
PSA.84.11	Ne ke yee Yekoba Nhialic 
PSA.84.11	Yekoba abi athiɛi ku nuɔm ya miaac; 
PSA.84.12	Yin 
PSA.85.1	YEKOBA, 
PSA.85.1	ku kɔ
PSA.85.4	Bɛɛre wɔ 
PSA.85.8	Ɣan bi ke bii Nhialic 
PSA.85.8	abi jam ne dɔɔr ne kɔ
PSA.85.9	Luaŋde ee 
PSA.85.10	Kac de 
PSA.85.11	Yi
PSA.85.12	Ee yi
PSA.85.13	Abii 
PSA.85.13	ku kabi 
PSA.86.1	TIOK yiyic, Yin Yekoba, ku gam ɣa, 
PSA.86.2	Muk tiɛ
PSA.86.3	Yee piɔu 
PSA.86.4	Cɔ
PSA.86.4	Yin eka 
PSA.86.5	Yin yin Yekoba, 
PSA.86.5	ku yee piɔu 
PSA.86.6	Game yiyic lɔŋdie, Yin 
PSA.86.7	Yin ba ya cɔɔl ne kol de ke 
PSA.86.8	Acin nhialiny dɛ ci
PSA.86.8	ku 
PSA.86.9	Juur kedhia cake ca
PSA.86.9	ku 
PSA.86.10	Di
PSA.86.11	Piɔce ɣa ne 
PSA.86.11	ɣan bi ya cath ne yi
PSA.86.12	Yin ba ya piɔny, Yin Yekoba 
PSA.86.12	ku 
PSA.86.13	Ka
PSA.86.13	ku yin ci 
PSA.86.14	Nhialic, kɔ
PSA.86.14	ku dun de kɔ
PSA.86.15	Ku yin Yin Yekoba, yin ye Nhialiny 
PSA.86.15	ku yin cie dac 
PSA.86.16	Wɛle rɔ
PSA.86.16	yiɛne 
PSA.86.17	Nyuɔ
PSA.86.17	ne ke cin ɣa 
PSA.87.1	EE ɣonde 
PSA.87.2	Yekoba anhiar thook ke Dhiɔn, 
PSA.87.3	Ka ke nuɔm aayeke 
PSA.87.4	Ɣan bi Rakab kene Babulon aabake gɔ
PSA.87.5	Ee yi
PSA.87.5	ku 
PSA.87.6	Yekoba kabi 
PSA.87.7	Ku kɔc ye ket kene 
PSA.87.7	Yii ku 
PSA.88.1	YIN 
PSA.88.2	Ne lɔŋdie ɣet ne 
PSA.88.3	Tiɛ
PSA.88.4	Ɣan ye 
PSA.88.5	Ran tai ne kɔ
PSA.88.5	kɔ
PSA.88.6	Yin ci ɣa 
PSA.88.7	ku 
PSA.88.8	Yin ci ran nyi
PSA.88.9	Ku 
PSA.88.9	yin ca ya cool ne nyindhia, Yin 
PSA.88.10	Ba 
PSA.88.12	Bi ka
PSA.88.13	Ku kee 
PSA.88.13	ku 
PSA.88.14	Yekoba, 
PSA.88.15	Ɣan ye yɔŋ ku ɣan ci juɛr 
PSA.88.15	ɣan ye nhom diaŋ te 
PSA.88.16	Ɣok 
PSA.88.16	ku 
PSA.88.17	Aaye ɣa 
PSA.88.18	Ran nhiaar ku ma
PSA.89.1	ƔAN bi ka
PSA.89.1	ɣan bi naŋ 
PSA.89.2	Ne ke can e lueel, Ya ka
PSA.89.2	ku naŋ 
PSA.89.3	Ɣan ci mat 
PSA.89.4	Ya 
PSA.89.4	ku 
PSA.89.5	Ku pan nhial abi ka
PSA.89.5	ku naŋ 
PSA.89.6	Yeeŋa tɔ 
PSA.89.7	Nhialiny yene riɔɔc ne 
PSA.89.7	ku yene 
PSA.89.8	Yin, Yin 
PSA.89.8	yeeŋa rir, rir ci yin, Yin YEKOBA? Ku 
PSA.89.9	ku te jɔ
PSA.89.10	Yin ci 
PSA.89.10	yin ci kɔ
PSA.89.11	Pan nhial ebɛn ee 
PSA.89.11	ku piny 
PSA.89.14	Thonydu kee 
PSA.89.14	yin yee 
PSA.89.15	Kɔc aa thieei kɔ
PSA.89.15	aaye 
PSA.89.16	Aaye kepiɔ
PSA.89.16	ku 
PSA.89.17	ku 
PSA.89.18	ku 
PSA.89.19	Go jal jam wene kɔ
PSA.89.20	Ɣan ci 
PSA.89.21	ku kaba | ya cɔ
PSA.89.22	Acii ran de ater bi ya luɔi rɛɛc; ku 
PSA.89.23	Ku ɣan bi atiirke ya 
PSA.89.24	Ku naŋ adotdie ku ka
PSA.89.24	ku 
PSA.89.25	Aba gam bar, ku taau 
PSA.89.26	Abi ɣa ya cɔɔl, Ye yin ye awa, yin ye 
PSA.89.27	Aba 
PSA.89.27	ku 
PSA.89.28	Aba tau 
PSA.89.28	ku 
PSA.89.29	Kuande eya 
PSA.89.29	ku 
PSA.89.30	Na ye mi
PSA.89.31	Te yee ke
PSA.89.32	Ke ɣan bi awaacken ya neem ne 
PSA.89.33	Ku ɣan ci ka
PSA.89.34	ku 
PSA.89.35	Tok acan mel kueeŋ ne lajiŋdie; Ya 
PSA.89.36	Kuande abi ya dhiac athɛɛr, 
PSA.89.38	Ku yin ci 
PSA.89.38	ku 
PSA.89.39	Ku yin ci 
PSA.89.39	ku 
PSA.89.40	Yin ci akɛɛthke dhoŋ kedhia; 
PSA.89.41	Aaye ciɛɛth ke peec; 
PSA.89.42	Yin ci ciin 
PSA.89.42	ku 
PSA.89.43	Ee yi
PSA.89.44	Yin ci 
PSA.89.45	Yin ci 
PSA.89.45	ku kaca cɔ
PSA.89.46	Yee anana, Yin 
PSA.89.47	Andate 
PSA.89.48	Yee ran 
PSA.89.48	ran bi 
PSA.89.49	Bɛnydit, 
PSA.89.50	Bɛnydit, tak 
PSA.89.51	Yɔŋ cii kɔ
PSA.89.51	yɔŋ ci
PSA.89.52	Ee ya bi 
PSA.90.1	YEKOBA, yin ci ya tedɛn de 
PSA.90.2	Ɣɔn ŋoote kur e ke ken guɔ tuɔl, ku ŋoot tiɔp nhom ke kene ca
PSA.90.3	ku bɛɛre 
PSA.90.4	Run keetim 
PSA.90.5	Aaye ciɛ
PSA.90.5	ku 
PSA.90.6	Ee 
PSA.90.6	ku na ye 
PSA.90.7	ku 
PSA.90.8	Karɛɔkuɔ 
PSA.90.9	Na ye 
PSA.90.9	wɔ ye 
PSA.90.10	Akol yee wɔ ke piir aaye run keethiɛrdhorou, ku na cak 
PSA.90.10	ke rirde ee ya 
PSA.90.11	Ku yeŋa ye 
PSA.90.11	ku na cak raan 
PSA.90.12	Yen ye wɔ 
PSA.90.13	Bɛɛre rɔ
PSA.90.14	Kueth wɔ ne ka
PSA.90.14	bu
PSA.90.15	Bɛɛre wɔ duut piɔ
PSA.90.16	Ye 
PSA.90.17	Ku ye nuɔm de di
PSA.90.17	cɔ
PSA.91.1	RAN ye ceŋ 
PSA.91.1	abi ya reer 
PSA.91.2	Aba ya luel ne Yekoba, Ya kee tediɛn de 
PSA.91.3	Abi yi ya 
PSA.91.3	ku 
PSA.91.4	ku yin bi ya thiaan ne 
PSA.91.5	Yin ci bi ya riɔc ne ka 
PSA.91.6	Ne 
PSA.91.6	ku ne 
PSA.91.7	Raan 
PSA.91.7	ku tim thiɛr ne 
PSA.91.8	Aba ŋem ne yinyin, 
PSA.91.9	Ne ke yin tediɛn de thiaan, Yin Yekoba! 
PSA.91.11	Abi 
PSA.91.12	Ku 
PSA.91.12	kɛlke 
PSA.91.13	Yin bi 
PSA.91.13	cuɛr jo
PSA.91.15	Abi ɣa ya cɔɔl, ku piɛŋ, ɣan bi ya tɔ wɔ yen ne ke dhal en; 
PSA.92.1	ku bi 
PSA.92.2	Bi nhiɛɛrduun de ka
PSA.92.2	ku 
PSA.92.3	Ne 
PSA.92.3	ku ne 
PSA.92.4	Ne ke cin ɣa yuum piɔu ne luɔidu, Yin Yekoba; 
PSA.92.5	Anda di
PSA.92.6	Acii ran de yɔŋ ye nyi
PSA.92.7	Te yee kɔ
PSA.92.9	Ŋem atakda, kɔ
PSA.92.10	Ku yin ci ɣa jat tuuŋ nhial ci tuuŋ de lan roor; ku ɣan ci 
PSA.92.11	Nyincie kaa daai ne
PSA.92.12	Ran lajik 
PSA.92.13	Kɔ
PSA.92.14	Aabi ya dhiac ke ke lok te ci
PSA.92.15	Bi ya 
PSA.93.1	YEKOBA kee 
PSA.93.1	Yekoba ee piɔth, ee rɔ
PSA.93.2	Thonydu ee kɔɔc thɛɛr; ku 
PSA.93.3	Aboor ee rɔ
PSA.93.4	atitiaŋ riir de bar ye 
PSA.93.5	ku lajik yen ekee ɣondu, 
PSA.94.1	YIN Yekoba, yin Nhialiny de guur, 
PSA.94.2	Ja
PSA.94.3	Yin 
PSA.94.3	bi 
PSA.94.4	Aaye jam 
PSA.94.4	ku 
PSA.94.5	Aaye kɔ
PSA.94.6	Aaye tiŋjɔɔk 
PSA.94.7	Ku kaaye jam, Ya 
PSA.94.7	ku 
PSA.94.9	Yen yen man e 
PSA.94.9	Ku 
PSA.94.10	Ku yen yen man ye juɔɔr 
PSA.94.11	Anyi
PSA.94.12	Raan ee thieei ran yee 
PSA.94.13	Ba ya gam lɔŋ ne 
PSA.94.15	ku kabii 
PSA.94.16	Yeeŋa bi ya 
PSA.94.16	ku 
PSA.94.17	Na ne 
PSA.94.18	Te 
PSA.94.18	ke ka
PSA.94.20	Bi thony de rɛɛc ya naŋ mat kene yin, thony ye 
PSA.94.21	Aaye keyii
PSA.94.22	Ku 
PSA.94.23	Ku kaacike dhuɔk nhiim rɛɛcden, ku kaabike 
PSA.94.23	aabii 
PSA.95.1	cɔ
PSA.95.2	ku nyu
PSA.95.4	Piny thok 
PSA.95.5	ku 
PSA.95.6	tukku wɔ
PSA.95.7	wɔ ye 
PSA.95.8	Na naŋka piɔ
PSA.95.8	aci
PSA.95.10	Ruɔn thiɛrŋuan an ee ci piɔu 
PSA.95.10	Ya kɔcke ayiki wuɔc ne kepiɔ
PSA.95.11	Ya kɔ
PSA.96.2	Yaka Yekoba 
PSA.96.3	Yaka nuɔmde 
PSA.96.4	Yekoba yeneka 
PSA.96.5	Nhieli
PSA.96.5	ku 
PSA.96.6	ku 
PSA.96.7	Yaka Yekoba 
PSA.96.8	Yaka 
PSA.96.8	bɛika 
PSA.96.9	Yaka 
PSA.96.9	cakka roth 
PSA.96.10	Yaka luel ne 
PSA.96.10	ee piny cɔ
PSA.96.11	Ne nhial mit piɔu ku ne 
PSA.96.11	ne 
PSA.96.12	Ne dum thiɛŋ ne miɛ
PSA.96.12	ku 
PSA.96.13	Ne Yekoba nom, ne ke bii en; ne ke 
PSA.96.13	abi 
PSA.97.1	YE |‐koba kee | dɔk:
PSA.97.1	ne tiɔp nhom 
PSA.97.2	Acii 
PSA.97.2	lajik ku 
PSA.97.3	ku 
PSA.97.5	Kur aa lɛɛŋ 
PSA.97.7	Kɔ
PSA.97.7	kɔ
PSA.97.8	ku lɔ nyiir ke Juda 
PSA.97.9	Yin, Yin Yekoba, 
PSA.97.10	Week we kɔ
PSA.97.10	ee tiip ke kɔckeek cithiei 
PSA.97.11	ku 
PSA.97.12	Yaka piɔ
PSA.98.1	ne ke 
PSA.98.2	ku 
PSA.98.4	Ee yenhom ciɛɛt ne ka
PSA.98.4	ku piny thok 
PSA.98.5	Yaka yumduɔn de piɔu nyuɔɔ
PSA.98.6	Yaka 
PSA.98.7	yaka yumduɔn de piɔu 
PSA.98.8	Ne bar ye naŋ 
PSA.98.9	Ne aboor pam yecin, ku ne kur ye mat ne yum de 
PSA.98.10	Abi piny nhom 
PSA.99.1	YEKOBA kee 
PSA.99.1	ee 
PSA.99.3	Ne ke ye rin di
PSA.99.4	Rir de melek anhiar luk; yin ye pia
PSA.99.5	Yaka 
PSA.99.5	ku 
PSA.99.6	Mothe ku 
PSA.99.6	ku Thamuel ne kɔc yii
PSA.99.8	Aake yee ke gam, 
PSA.99.8	yin ce yin ye Nhialiny ye ke pal 
PSA.99.9	Yaka 
PSA.99.9	yaka duur ne kuur lajiŋde; 
PSA.100.1	YAKA piɔ
PSA.100.1	yaka ka ke Yekoba loi ne piɔ
PSA.100.2	Yaka mu
PSA.100.2	yenekee ca
PSA.100.3	Tɛkka ne pande thok ke lɛcka, ku 
PSA.100.3	lɛcka, ku 
PSA.100.4	akɔc piɔu athɛɛr, ku 
PSA.101.1	ƔAN bi ya ket ne 
PSA.101.1	yin, Yin 
PSA.101.2	Ɣan bi rɔ
PSA.101.2	ba jal ya bɛn enɔŋ ɣɛn na? 
PSA.101.3	Acin ke 
PSA.101.3	ku ɣan man luɔi de kɔ
PSA.101.4	Ran cin piɔu 
PSA.101.5	Ku ran ye ran 
PSA.101.5	ku ran ye yenhom muɔ
PSA.101.6	Ɣan bi ya daai ne 
PSA.101.6	aabi ya ceŋ kene ɣɛn; ku ran ye cath ne 
PSA.101.7	Ran de 
PSA.101.7	ku ran ye tor e 
PSA.101.8	Kɔ
PSA.101.8	ba 
PSA.102.2	Duɔne yinyin ye 
PSA.102.2	wɛle yiyic ɣɛn; 
PSA.102.3	Akolcie 
PSA.102.3	ku 
PSA.102.4	Piɔndie ee 
PSA.102.4	ku 
PSA.102.6	ku 
PSA.102.7	Ɣan ye 
PSA.102.8	Kɔ
PSA.102.8	ku kɔ
PSA.102.9	ku 
PSA.102.10	Ee ke de 
PSA.102.11	Nincie aaye ciɛ
PSA.102.12	Ku yin, Yin Yekoba, yin bi ya dhiac 
PSA.102.13	Yin bi 
PSA.102.13	ee ya kol 
PSA.102.15	Yen juɔr abi rin ke 
PSA.102.16	Ne ke cii Yekoba 
PSA.102.17	Ee lɔŋ de aŋaaŋ 
PSA.102.18	ku 
PSA.102.19	Ee daai ne piny 
PSA.102.21	Bi kɔ
PSA.102.21	ku 
PSA.102.22	Te cii juɔr gueer, 
PSA.102.23	Ee riɛrdie 
PSA.102.24	Guɔ luel, Ya Nhialinydie, duɔne ɣa 
PSA.102.25	Yin ci co
PSA.102.25	ku 
PSA.102.26	Aabi riaak, ku yin bi ya dhiac; aabi 
PSA.102.26	aabake ya waar ci alanh de 
PSA.102.27	Ku yin ye dhiac ke yin tɔ, 
PSA.102.28	Mi
PSA.103.1	ku 
PSA.103.2	Yee 
PSA.103.2	ku 
PSA.103.3	ku 
PSA.103.4	Ee 
PSA.103.5	Ee 
PSA.103.5	ku 
PSA.103.6	ku kee 
PSA.103.7	ku yee 
PSA.103.9	ku 
PSA.103.10	Ee 
PSA.103.10	ku 
PSA.103.11	Ka
PSA.103.12	Ee karɛckuɔ 
PSA.103.13	Ee yi
PSA.103.13	yen ekee caŋ de kac de 
PSA.103.15	Akol ke 
PSA.103.16	Ela ye 
PSA.103.16	ku 
PSA.103.17	Ka
PSA.103.18	ku yiki 
PSA.103.19	ku 
PSA.103.20	Yaka Yekoba leec, we 
PSA.103.21	Yaka Yekoba 
PSA.103.22	Yaka Yekoba leec, we ka eke ciɛ
PSA.103.22	yee 
PSA.104.1	YEE Yekoba leec, Yin tiɛ
PSA.104.2	Yin man ye rɔ
PSA.104.3	Yin yin 
PSA.104.3	ku yee piol cɔ
PSA.104.4	Yin yin man 
PSA.104.5	Yin yin 
PSA.104.6	Ayee 
PSA.104.8	ku 
PSA.104.9	Yin ci 
PSA.104.12	Ke
PSA.104.13	Ee kur piɔɔk ɣonde; 
PSA.104.14	Ee 
PSA.104.14	ku wal, bii 
PSA.104.15	Ku piukeabiɛi 
PSA.104.15	ku mio
PSA.104.17	Ka yee 
PSA.104.17	ku 
PSA.104.18	ku 
PSA.104.20	Yin ye 
PSA.104.21	Cuɛɛr akɛɛl 
PSA.104.24	Yekoba, anda ku
PSA.104.25	Bar eka 
PSA.104.25	ke nɔŋic 
PSA.104.26	ku tɔɔe 
PSA.104.28	Ke ye 
PSA.104.29	Na ca yinyin 
PSA.104.29	na ca weeiden 
PSA.104.30	Yin ye weeidu tuɔɔc ku 
PSA.104.31	Ne nuɔm de Yekoba ye dhiac athɛɛr; ne 
PSA.104.32	Yen man yene 
PSA.104.33	Ɣan bi Yekoba ya kɛɛt ne 
PSA.104.33	ɣan bi 
PSA.104.34	Ne tɛŋ 
PSA.104.35	Ne kɔ
PSA.104.35	Yee Yekoba leec, 
PSA.105.1	YAKA Yekoba 
PSA.105.1	ku 
PSA.105.2	Yaka 
PSA.105.2	yaka 
PSA.105.3	ku ne 
PSA.105.5	Yaka tak ne 
PSA.105.6	Yin 
PSA.105.6	ku 
PSA.105.7	ku 
PSA.105.8	Aci yenhom ciɛɛt ne mande athɛɛr, wɛ
PSA.105.10	Ku cɔ
PSA.105.10	ke 
PSA.105.11	Jiɛɛm, Ye yin eka ba gam piny de 
PSA.105.12	Ɣɔn ŋoot ke
PSA.105.13	Ku yiki jal 
PSA.105.14	Ku 
PSA.105.17	Ku 
PSA.105.18	Ku yinki cok ɣɔnetook ne 
PSA.105.19	Agut te cii wɛ
PSA.105.20	Go 
PSA.105.20	tu
PSA.105.21	Ku 
PSA.105.22	Bi banyke ya ma
PSA.105.23	Go Yithrael bɛn 
PSA.105.24	ku 
PSA.105.25	Ku 
PSA.105.26	Ku tooc Mothe 
PSA.105.27	Goki citke ya nyuɔɔth ne keyii
PSA.105.28	Go tuɔ
PSA.105.29	Ku 
PSA.105.30	Ku thiaŋ pinyden ne agueek, 
PSA.105.31	Ku jiɛɛm a bɔ luaŋ dit 
PSA.105.32	Ku yee ke 
PSA.105.32	ku 
PSA.105.33	Ku riɛɛk 
PSA.105.33	ku 
PSA.105.34	Ku jiɛɛm a bɔ kɔriɔm, ku 
PSA.105.35	Ku ciɛm tim ebɛn tɔ ne 
PSA.105.36	Ku nɛ
PSA.105.36	ku 
PSA.105.37	Ku bii ke 
PSA.105.37	ku 
PSA.105.38	Yijep ee ci 
PSA.105.39	ku 
PSA.105.40	Ku thie
PSA.105.41	Ku lie
PSA.105.42	Ee ye yenhom ciɛɛt ne wɛ
PSA.105.43	Ku bii kɔ
PSA.105.44	Ku gam ke piiny ke juɔɔr; ku 
PSA.105.45	Bi
PSA.106.1	YAKA Yekoba piɔɔny. 
PSA.106.2	Yeeŋa leu luɔi riir 
PSA.106.2	ka 
PSA.106.3	Kɔc aaye 
PSA.106.4	Yee ɣa ta
PSA.106.5	Ba loi de 
PSA.106.5	ba piɔu ya miɛ
PSA.106.6	Wɔ ci 
PSA.106.7	Kuarkuɔ aake 
PSA.106.7	aake ce kenhiim ye ciɛɛt ne di
PSA.106.8	Yin eya, ku 
PSA.106.8	bi 
PSA.106.9	Ku 
PSA.106.9	ku 
PSA.106.10	Ku luɛ
PSA.106.10	ku 
PSA.106.11	Ku kum piau atiirken piny, a cin | ran toŋ | dɔŋ:
PSA.106.12	Goki 
PSA.106.13	Ku goki nhiim 
PSA.106.14	Ku dɔm ŋɔɔŋ dit keek roor, ku 
PSA.106.15	Go ke 
PSA.106.16	Ku yiki Mothe til eya baai, ku 
PSA.106.17	Go piny rɔ
PSA.106.18	Ku deepe mac panden, ku 
PSA.106.19	Ku thathki 
PSA.106.20	Warki nuɔmden yiila ne 
PSA.106.21	Ku mɛɛrki nhiim ne Nhialic duluɛŋden, 
PSA.106.23	Go lueel ye bi ke nɔ
PSA.106.23	bi 
PSA.106.24	Ee yi
PSA.106.25	Yiki luum ne akemaiken yii
PSA.106.26	Go yeciin jɔ
PSA.106.27	Ku bi kuanden 
PSA.106.28	Aake ci roth ma
PSA.106.29	Keecki piɔu 
PSA.106.30	Go Pinekath rɔ
PSA.106.31	Ku yekene ee ci 
PSA.106.32	Ku cɔkki 
PSA.106.33	Ne 
PSA.106.34	Aake ken juɔɔr nyai nyin ci 
PSA.106.35	Ku lekki 
PSA.106.36	Ku 
PSA.106.37	Ee yi
PSA.106.38	Ku werki riɛm cin awac, riɛm de wɛɛtken ku nyiirken, ka eke yiki ke na
PSA.106.39	Goki jal 
PSA.106.40	Go ɣok de Nhialic di
PSA.106.41	Go ke taau ne 
PSA.106.42	Ku yee kɔ
PSA.106.43	Aacike luɔ
PSA.106.44	Yin eya, ku yee diɛɛr ne keek ne 
PSA.106.45	Ku yee mande ta
PSA.106.46	Ku 
PSA.106.46	keek 
PSA.106.47	Luak wɔ Yekoba Nhialinyda, ku kuɔɔte wɔyii
PSA.106.48	Ee ya bi athiɛɛi ya tɔ kene Yekoba, Nhialiny de Yithrael, athɛɛr 
PSA.106.48	Ku ne raan ebɛn ye jam, 
PSA.107.2	Ne lueel kɔ
PSA.107.3	Ku ku
PSA.107.4	acin pannhom ɣapki ne cik 
PSA.107.5	Niar tiip |‐ken ne cɔk ku | reu:
PSA.107.6	Goki 
PSA.107.7	Ku 
PSA.107.8	Ee ya ete ye 
PSA.107.8	ku ne 
PSA.107.9	Ne ke yen 
PSA.107.9	ku 
PSA.107.10	Kɔ
PSA.107.11	Ne ke 
PSA.107.11	ku 
PSA.107.12	Go ke 
PSA.107.13	Goki 
PSA.107.14	Bii ke bei ne 
PSA.107.14	ku 
PSA.107.15	Ee ya ete ye 
PSA.107.15	ku ne 
PSA.107.16	Ne ke cen thook ke melɛŋ 
PSA.107.17	Acibeel aacike yɔŋ ne a |‐waa
PSA.107.18	ku 
PSA.107.19	Ku jɔlki 
PSA.107.19	ku 
PSA.107.20	Aayee ke tuɔ
PSA.107.20	ku 
PSA.107.21	Ee ya ete ye 
PSA.107.21	ku ne 
PSA.107.22	Ku ne 
PSA.107.22	ku 
PSA.107.23	Kɔ
PSA.107.24	Aaye daai ne luɔi de 
PSA.107.25	Ee loŋ 
PSA.107.27	ku yuiikki ci 
PSA.107.28	Ku jɔlki 
PSA.107.28	ku 
PSA.107.29	Cɔ
PSA.107.30	Ku jɔlki piɔ
PSA.107.31	Ee ya ete ye 
PSA.107.32	Ne yiki 
PSA.107.32	ku 
PSA.107.33	Ee ciir wel ke ye rok, ku
PSA.107.34	Ku
PSA.107.35	Ee rok wel ne ye pul de piu, ku 
PSA.107.36	Ku cɔ
PSA.107.37	Ku yiki dum puur, ku 
PSA.107.37	ku 
PSA.107.38	Aaye ke 
PSA.107.38	ku 
PSA.107.39	ku yuiikki ne yɔŋ yene ke 
PSA.107.40	Ee bany maan, ku cɔ
PSA.107.41	Ku kee ran niɔp ja
PSA.107.42	Abii 
PSA.107.42	ku 
PSA.107.43	Kɔ
PSA.107.43	ku yiki 
PSA.108.1	ƔAN ci 
PSA.108.1	ɣan bi ya ket, ee yic, 
PSA.108.3	Yin ba ya leec, Yin Yekoba, ne raanic ebɛn; ku 
PSA.108.4	Ka
PSA.108.5	Ne yin ye dit ne 
PSA.108.5	ku 
PSA.108.6	Yee luak ne ciin cueecdu, ku yee wɔ bɛɛr; bi 
PSA.108.7	Nhialic ee jam ne lajiŋde; Ye ɣan bi piɔu miɛ
PSA.108.8	Gilead ee 
PSA.108.8	Epraim eya ee 
PSA.108.9	ku Edom aba ya cuɛ
PSA.108.10	Yeeŋa 
PSA.108.12	Game wɔ kony ne atiirkuɔ; 
PSA.108.13	Nhialic eka bii wɔ ya ɣeet arir; 
PSA.109.1	DUƆNE ye 
PSA.109.2	Thoŋ de rɛɛc ku thoŋ de adhuɔɔm aacike 
PSA.109.3	Aaci ɣa 
PSA.109.3	ku 
PSA.109.4	Nhiɛɛrdie ayee ke
PSA.109.5	Ku kaaci ɣa dhuɔ
PSA.109.6	Taaue 
PSA.109.6	ku 
PSA.109.7	Ku te yene ye luk, ke 
PSA.109.8	Ne akolke ye lik; ku 
PSA.109.9	Ne mi
PSA.109.10	Ne 
PSA.109.10	ku 
PSA.109.11	Ne ran ye peec pec ka 
PSA.109.12	Ne ye ciɛn 
PSA.109.12	ku ne 
PSA.109.13	Ne 
PSA.109.13	ku 
PSA.109.14	Ne rɛɛc de 
PSA.109.15	Ne ke ye dhiac ne 
PSA.109.16	Ne ke ken en 
PSA.109.16	ku yee aŋaŋ ŋe
PSA.109.17	Ee yi
PSA.109.17	ku kee ce yepiɔu ye 
PSA.109.18	Ee ye ciɛn 
PSA.109.18	go luɛŋ ne yeyi
PSA.109.19	Ne ye ciɛt alanh 
PSA.109.20	Yekene yen ekee 
PSA.109.21	Ku yee ɣa luɔɔi, Yin 
PSA.109.21	ku ne 
PSA.109.22	Ne ke yan aŋaŋ ku yaa ran niɔp, ku 
PSA.109.23	Ɣan ci 
PSA.109.24	Ɣan ci nhiɔl 
PSA.109.25	Ɣan ci ya yaaŋ enɔŋ keek; 
PSA.109.26	Yee ɣa kony, 
PSA.109.27	Bi
PSA.109.27	ke ye 
PSA.109.28	te yee ke
PSA.109.29	Ne a |‐tiircie ruk | nyiil:
PSA.109.29	ku kumki roth piny ne yic
PSA.109.30	Ɣan bi Yekoba ya 
PSA.109.31	Ne ke ben ya 
PSA.110.1	YEKOBA kee Bɛnydiitdie 
PSA.110.1	aɣet kol ban yin cɔ
PSA.110.2	Yekoba kabi leny de 
PSA.110.3	Kɔ
PSA.110.3	thany de ranthiɛɛidu abi ya tɔ ne 
PSA.110.4	Yekoba kee rɔ
PSA.110.4	Ye yin ye bɛny de ka ke 
PSA.110.5	Bɛnydit ne ciin cueecdu abi 
PSA.110.6	Abi ya luk ne juɔɔric, ku yee piny thiɔɔŋ ne gu
PSA.111.1	YAKA Yekoba piɔny. Ɣan bi Yekoba 
PSA.111.7	Luɔi de cinke ee yi
PSA.111.8	Aacike cɔ
PSA.111.9	ee mande cɔɔl 
PSA.111.10	Rieu de 
PSA.111.10	kɔ
PSA.112.1	YAKA Yekoba piɔny. Raan ee thiei 
PSA.112.4	Kɔ
PSA.112.5	Apiath enɔŋ 
PSA.112.7	Aci piɔu 
PSA.112.7	ee piɔu 
PSA.112.8	Ee cɔ
PSA.112.9	ku lajiŋde ee ceŋ athɛɛr; 
PSA.112.10	Abii 
PSA.112.10	abi yelec nyi
PSA.113.1	YAKA Yekoba piɔny. Yaka 
PSA.113.2	Eeyabi athiɛɛi 
PSA.113.2	ne ye
PSA.113.3	Jaal ne bɛn bei de akɔl a 
PSA.113.5	Yeŋa 
PSA.113.6	bi
PSA.113.7	Ee aŋaŋ ja
PSA.113.8	Bi 
PSA.113.9	Ee 
PSA.114.1	ku 
PSA.114.2	Go Juda ya tedeen 
PSA.114.3	Go bar ŋem, ku 
PSA.114.4	Tuk kur di
PSA.114.5	Yeeŋu nak yi, yin bar, yin 
PSA.114.6	Week we 
PSA.114.6	ku 
PSA.114.7	Ne yin 
PSA.114.7	yiin tiɔp 
PSA.114.8	Yen yen man ci 
PSA.115.1	NE cie wɔɔk, Yin Yekoba, ne cie wɔɔk, 
PSA.115.2	Yii 
PSA.115.3	Nhialinyda katɔ 
PSA.115.4	Eidoolken 
PSA.115.7	aanɔŋ cok, ku 
PSA.115.8	ee yi
PSA.115.10	Yin yin dhien de Aron, 
PSA.115.11	Week we kɔ
PSA.115.12	Yekoba 
PSA.115.12	abi dhien de Yithrael 
PSA.115.13	Abi kɔ
PSA.115.14	Yekoba abi we ya 
PSA.115.15	We cike thiei ne 
PSA.115.16	ku 
PSA.115.17	Kɔ
PSA.115.18	ne yemɛɛn ku agut en 
PSA.116.1	ne 
PSA.116.3	Ɣan ee ci gɔɔl 
PSA.116.3	ku 
PSA.116.4	Ɣan ee ci anuan ku thiɛ
PSA.116.4	Ya 
PSA.116.5	Nhialic ee 
PSA.116.5	ee 
PSA.116.8	Ku yeŋo, yin ci tiɛ
PSA.116.9	Ɣan bi ya 
PSA.116.10	Aya gam, yen ɣan bi ya 
PSA.116.10	guɔ jam ne 
PSA.116.11	Yee rio
PSA.116.12	Ɣan bi abiny de luak loom; 
PSA.116.13	Ɣan bi ke can rɔ
PSA.116.13	thon de 
PSA.116.14	Ŋem, Yin 
PSA.116.14	ɣan ye awundu ku ya wen de nyanawundu, 
PSA.116.15	ku 
PSA.116.16	Ɣan bi ka eke can ke rɔ
PSA.116.16	ne akuanh de ɣon de Yekobaic, agut yiyic, Yin 
PSA.117.1	YAKA 
PSA.117.2	Ka
PSA.117.2	ku yi
PSA.118.2	Ne 
PSA.118.2	Ye 
PSA.118.3	Ne 
PSA.118.3	Ye 
PSA.118.4	Ne kɔ
PSA.118.4	Ya 
PSA.118.5	Ɣan ci 
PSA.118.5	go 
PSA.118.6	a ɣan ci bi ya 
PSA.118.7	Yekoba kee tɔ ne bia
PSA.118.7	yen ɣan bi ke yaa 
PSA.118.8	Gei yene roth gɛi Yekoba yen eka 
PSA.118.9	Gei yene roth gɛi Yekoba 
PSA.118.11	Aaci ɣa gool, 
PSA.118.12	Aaci ɣa gool ci ciɛ
PSA.118.13	Yin ci ɣa thɔɔr areet ba 
PSA.118.14	Yekoba yen ekee 
PSA.118.15	Ror de miɛ
PSA.118.15	ciin 
PSA.118.16	Ciin cueec de 
PSA.118.16	ciin 
PSA.118.18	Yekoba kee ɣa dui atok; ku 
PSA.118.19	Liɛpe ɣɛn thook ke lajik; 
PSA.118.20	Yekene yen ekee thoŋ de Yekoba; kɔ
PSA.118.21	Yin ba ya 
PSA.118.22	Kuur e ci rɛɛc ne kɔc ke bu
PSA.118.23	Ee 
PSA.118.24	Yekole yen ekee 
PSA.118.25	Ye luak ne yemɛɛn, 
PSA.118.26	Ee ya bi athiɛɛi ya tɔ kene ran ye 
PSA.118.27	Yekoba kee 
PSA.118.27	duotke ko
PSA.118.28	Yin ye 
PSA.119.7	Yin ba ya 
PSA.119.9	BI ranthii 
PSA.119.12	Yin nɔŋ athiɛi, 
PSA.119.13	Ɣan ci 
PSA.119.14	Ɣan ci 
PSA.119.16	Ɣan bi 
PSA.119.17	LOI awundu apiath ba ya 
PSA.119.18	Cɔ
PSA.119.22	Nyaaie 
PSA.119.23	Bany 
PSA.119.24	Le
PSA.119.26	Ɣan ci 
PSA.119.27	a guɔ 
PSA.119.29	Nyaaie 
PSA.119.31	Ɣan ci 
PSA.119.31	yen Yin yin 
PSA.119.32	Ɣan bi ya 
PSA.119.33	PIƆCE ɣa, 
PSA.119.34	Yiɛne ɣa adot, 
PSA.119.34	ee yi
PSA.119.35	Cɔ
PSA.119.37	Wɛle ɣanyin wei ne 
PSA.119.39	Nyaaie 
PSA.119.40	Ŋem, ɣan ci 
PSA.119.41	NE ka
PSA.119.42	A guɔ 
PSA.119.43	Ku du
PSA.119.44	A guɔ 
PSA.119.46	Ɣan bi 
PSA.119.47	Ku ɣan bi 
PSA.119.48	Ɣan bi 
PSA.119.49	CIƐƐTE yinhom 
PSA.119.50	Ee ya duɔ
PSA.119.51	Kɔ
PSA.119.52	Ɣan ci 
PSA.119.55	Ɣan ci ɣanhom ya ciɛɛt wakɔu ne rinku, Yin 
PSA.119.56	Yekene 
PSA.119.59	Ɣan ci 
PSA.119.60	Ɣan ci 
PSA.119.62	Ɣan bi 
PSA.119.63	Ɣan ye 
PSA.119.64	Tiɔp nhom, Yin Yekoba, 
PSA.119.67	Ɣan ee 
PSA.119.67	ku 
PSA.119.73	CINKU 
PSA.119.74	Kɔ
PSA.119.75	Anyiɛ
PSA.119.76	Ne ka
PSA.119.77	Ne nhiɛrduun de ka
PSA.119.78	Ne kɔ
PSA.119.80	Ne ɣan 
PSA.119.80	ba | yi
PSA.119.81	TIƐPDIE ee niar ne luaŋdu, ku ɣan ye | wɛ
PSA.119.82	Nyincie kaa wɛ
PSA.119.85	Kɔ
PSA.119.87	Aa ɣa 
PSA.119.88	Cɔ
PSA.119.89	AGUT athɛɛr, Yin Yekoba; 
PSA.119.90	Naŋ adotdu ee tɔ ne kuat ebɛn; 
PSA.119.92	Na ne ɣan 
PSA.119.93	Ɣan ci 
PSA.119.95	Kɔ
PSA.119.96	Ɣan 
PSA.119.97	ANDA 
PSA.119.98	Looŋku aaye ɣa cɔ
PSA.119.99	Ɣan nɔŋ 
PSA.119.100	Ɣan 
PSA.119.101	Ɣan ci ɣacok pɛn dhol de 
PSA.119.105	WƐ
PSA.119.106	Ɣan ci rɔ
PSA.119.107	Ɣan ci cɔ
PSA.119.108	Lom ko
PSA.119.111	Le
PSA.119.113	Ɣan man kɔ
PSA.119.114	Yin ye tediɛn de thiaan 
PSA.119.117	Muɔ
PSA.119.118	Yin ci kɔ
PSA.119.119	Yin ye kɔ
PSA.119.120	Riiŋdie kaye 
PSA.119.122	Ye pia
PSA.119.124	Loi 
PSA.119.126	Ee 
PSA.119.127	Yen ɣan ye 
PSA.119.127	ee yi
PSA.119.128	Yen ɣan ye 
PSA.119.136	Ɣan ye 
PSA.119.138	Yin ci le
PSA.119.139	Lɛ
PSA.119.142	Lajiŋdu 
PSA.119.143	Anuaan ku dhieu aa ɣa kuɔm piny, 
PSA.119.145	ƔAN ci coot ne 
PSA.119.147	Ɣan ci 
PSA.119.149	Piŋ ɣaror 
PSA.119.150	Kɔ
PSA.119.151	Ku Yin thiɔ
PSA.119.156	Ka
PSA.119.157	Juaac ee 
PSA.119.158	guɔ 
PSA.119.159	cɔ
PSA.119.163	Ɣan man lueth, 
PSA.119.164	Yin ya piɔny 
PSA.119.165	Kɔc ye loŋdu nhiar aanɔŋ dɔɔr dit, 
PSA.119.166	Ɣan ci luaŋdu do
PSA.119.167	Tiɛ
PSA.119.168	Ɣan ci looŋku do
PSA.119.169	NE cɔ
PSA.119.174	Ɣan ci 
PSA.119.174	ku 
PSA.119.176	kɔr 
PSA.120.1	ƔAN ci Yekoba cɔɔl ne 
PSA.120.2	Yee tiɛ
PSA.120.3	ku yeeŋo diit 
PSA.120.4	Aa yuɛ
PSA.120.5	Agai e ɣɛn, ɣan man ɣɔu ne Mecek, ɣan man 
PSA.120.6	Tiɛ
PSA.120.7	Ɣan ye ya ran de dɔɔr; ku 
PSA.121.1	ƔAN bi 
PSA.121.3	ku 
PSA.121.4	Ŋem, yen 
PSA.121.5	Yekoba 
PSA.121.6	Yin 
PSA.121.7	Yekoba abi yi ya 
PSA.121.8	Yekoba abi lɔ biyicdu 
PSA.122.1	ƔAN ee ɣan ci 
PSA.122.2	Co
PSA.122.4	agut 
PSA.122.5	Tho
PSA.122.6	Yaka lɔŋ ne dɔɔr de Jeruthalem; 
PSA.122.7	Dɔɔr 
PSA.122.8	aban jam ne yemɛɛn, 
PSA.123.2	Ŋem, ɣoi yee awu
PSA.123.2	yen ekee cɔɔk de ɣoi ye wɔ Yekoba Nhialinyda 
PSA.123.3	Yee piɔu ka
PSA.123.4	Kɔ
PSA.124.1	NA ne Yekoba cie tɔ ne 
PSA.124.2	Ye na ne Yekoba 
PSA.124.3	Ke kee 
PSA.124.4	Ee te ci piau wɔ tiaam, 
PSA.124.6	Ee ya bi 
PSA.124.6	yen yen man 
PSA.124.7	Tiɛ
PSA.124.8	Konyda kee tɔ ne rin ke Yekoba, 
PSA.125.2	Yuil cene Jeruthalem yuɛl piny ne kur di
PSA.125.3	Leny de rɛɛc aci bi ya 
PSA.125.3	bi 
PSA.125.4	Yee pia
PSA.125.5	Ku kɔ
PSA.126.1	ƔƆN lee Yekoba dhien dhuɔ
PSA.126.2	Goku thook thiaŋ ne dɔl, ku liepkuɔ ne ket; go ya lueel ne juɔɔric, Ya 
PSA.126.3	Yekoba 
PSA.126.4	Wel pɛ
PSA.126.5	Kɔ
PSA.126.6	Na ciɛ
PSA.126.6	ke kabi bɛɛr dhu
PSA.127.1	NA cie 
PSA.127.1	ke 
PSA.127.2	Na cie 
PSA.127.2	ke 
PSA.127.3	Ee ya luɔi de ciɛlic yeke ye we dac puɔce, ku yaka lɔŋ aci wɛɛr lɔ, ku yaka 
PSA.127.3	ee kɔ
PSA.127.4	Ŋɛmka, mi
PSA.127.5	Aci
PSA.127.6	Raan ee piɔu lɔyum 
PSA.127.6	aaci yi
PSA.128.1	KƆC aaye thiei, 
PSA.128.2	Yin bi keduun ye loi ne 
PSA.128.2	yin ye tɔ ne 
PSA.128.3	Tiŋdu 
PSA.128.4	Mi
PSA.128.5	Yeran bi ya thiei yalane, 
PSA.128.6	Yekoba ye bɛn ne 
PSA.128.6	ba Jeruthalem ya ŋem ne 
PSA.128.7	Ee yi
PSA.129.1	AACI ɣa yɔŋ naaciku
PSA.129.2	Ye kaaci ɣa yɔŋ naaiku
PSA.129.3	Kɔ
PSA.129.4	Yekoba 
PSA.129.5	Ne kɔc kedhia kɔ
PSA.129.6	Ne ke ye ciɛ
PSA.129.7	A go ran tem yeciin cuɔ
PSA.129.8	Ku ce ran tek tɛɛn ye jam, Ye kee ya bi athiɛɛi de Yekoba ya tɔ ke yin; ku ye, 
PSA.130.1	YIN ca cɔɔl ke 
PSA.130.2	Yekoba, 
PSA.130.4	Pɛl de rɛɛc 
PSA.130.5	Ɣan ye Yekoba tiit, 
PSA.130.7	Yin yin Yithrael, yee Yekoba ŋɔɔth, ne ke tɔɔe ka
PSA.131.1	YEKOBA, ɣan ce piɔu dit, ku 
PSA.131.2	Neyi
PSA.131.2	ci mɛnh nyue
PSA.131.3	Yin yin 
PSA.132.1	YEKOBA 
PSA.132.2	Ɣɔn 
PSA.132.2	ku 
PSA.132.3	Ye neyi
PSA.132.4	Ɣan ci bi niin; 
PSA.132.5	Agut te nɔŋ en te 
PSA.132.6	Ŋem, ee piŋku ne 
PSA.132.7	Wɔ bi ya lɔ ne akemaike yi
PSA.132.8	Jɔt rɔ
PSA.132.9	Ne bany ke ka ke 
PSA.132.9	ku ne 
PSA.132.10	Duɔne 
PSA.132.11	Yekoba kee mel kuɛŋ Dabid 
PSA.132.11	Ye 
PSA.132.12	Ku te bii mi
PSA.132.12	ke mi
PSA.132.13	yen 
PSA.132.14	Yekene yene
PSA.132.15	Ɣan bi 
PSA.132.16	Banykeek ke ka ke Nhialic 
PSA.132.16	ku kɔ
PSA.132.17	Yetene yeneka ban tuuŋ 
PSA.132.18	Ɣan bi kɔc ke 
PSA.133.2	Aci
PSA.133.2	ɣɔn kueer en 
PSA.133.3	Aci
PSA.133.3	yetene yenekee cɔɔle 
PSA.134.1	ŊƐMKA, yaka Yekoba leec, we 
PSA.134.1	week we 
PSA.134.2	Yaka wecin ja
PSA.134.3	Yekoba kabi yi ya thieei ne Dhiɔn, 
PSA.135.1	YAKA Yekoba piɔɔny. 
PSA.135.2	Week we 
PSA.135.3	Yaka Yekoba 
PSA.135.4	ku 
PSA.135.5	ku 
PSA.135.6	Ke ye pia
PSA.135.6	pan nhial, ku piiny, 
PSA.135.7	Ee tol cɔ
PSA.135.7	ee yuil e deŋ 
PSA.135.8	Ee kaai de 
PSA.135.9	Ee cit ku kagɛieke tuɔɔc ne yiciɛlic, Yin Yijep, 
PSA.135.10	Ee juɔɔr juec 
PSA.135.11	Thikon meleŋ de Amorei, ku Og meleŋ de 
PSA.135.12	Ku 
PSA.135.13	Rinku aaye 
PSA.135.13	ku 
PSA.135.15	Eidool ke juɔɔr 
PSA.135.17	ku 
PSA.135.18	Kɔ
PSA.135.18	ee yi
PSA.135.19	Yin yin ɣon de 
PSA.135.19	Yin yin 
PSA.135.20	Yin yin ɣon de 
PSA.135.20	week we kɔ
PSA.135.21	Yen yen man ye ceŋ ne 
PSA.136.2	Yaka 
PSA.136.3	Yaka 
PSA.136.4	Yen 
PSA.136.5	Yen 
PSA.136.6	Yen yen man ci 
PSA.136.7	Yen 
PSA.136.9	Pɛɛi ku 
PSA.136.10	Yen 
PSA.136.11	Ku bii 
PSA.136.12	Ne 
PSA.136.13	Yen 
PSA.136.14	Ku 
PSA.136.15	Ku riɛɛ
PSA.136.16	Yen 
PSA.136.17	Yen 
PSA.136.18	Ku 
PSA.136.21	Ku cɔ
PSA.136.22	Cɔ
PSA.136.23	Yen 
PSA.136.24	Ku ci wɔ 
PSA.136.26	Yaka 
PSA.137.1	GOKU nyuc ne 
PSA.137.2	Ku nokku 
PSA.137.3	Kɔ
PSA.137.4	Bu
PSA.137.5	Na maar nhom ne yin, Yin 
PSA.137.6	Ku ne ɣan lɔ liep nuat ne 
PSA.137.6	ku te cen e 
PSA.137.7	Ye yinhom ciɛɛt, Yin Yekoba, ne kol de Jeruthalem, 
PSA.137.7	kɔ
PSA.137.8	Yin, nyan de 
PSA.137.8	raan abi piɔu ya lɔ yum 
PSA.137.9	ran bi mi
PSA.138.1	YIN ba ya 
PSA.138.2	Ɣan bi ya duur ka ɣoi Yekaludu, ku ya rinku leec ne nhiɛr de 
PSA.138.2	ne ke cin 
PSA.138.3	Kol e 
PSA.138.3	ku 
PSA.138.4	Meleek ke tiɔp nhom kedhia 
PSA.138.5	Ee yi
PSA.138.6	Ne cak Yekoba 
PSA.138.6	ku 
PSA.138.7	Na ca
PSA.138.7	Yin bi yiciin ya thiɛu ɣok de kɔ
PSA.138.8	Yekoba kabi 
PSA.138.8	ka
PSA.139.1	YIN, yin 
PSA.139.2	Yin nyic reer yan 
PSA.139.3	ku ɣɔn yan ke 
PSA.139.4	Na 
PSA.139.5	Yin ci ɣa 
PSA.139.5	ku 
PSA.139.7	Yee 
PSA.139.7	ka 
PSA.139.8	Na laar 
PSA.139.8	na luɔi rɔ
PSA.139.9	Na lɔɔm wuɔ
PSA.139.10	Ke yin dhiac ke yin ye ɣa 
PSA.139.11	Na luɛɛl, ya 
PSA.139.11	ku ye 
PSA.139.12	Ke na cak ya yi muɔɔth, ke 
PSA.139.12	wɛɛr ee ruɛr ci akol; 
PSA.139.14	ɣan ci ca
PSA.139.15	Caŋ e ciɛ
PSA.139.15	ɣɔn ciɛ
PSA.139.16	Nyincie aake ci ciɛn konydie ŋem, ku gɔr 
PSA.139.16	aake ye keek looi ne 
PSA.139.17	Agai ci piath de tɛŋ yin tak ne ɣɛn, Yin Nhialic! 
PSA.139.18	Na kuɛɛn, ke kawɛr liɛɛt; te yan 
PSA.139.19	Neyi
PSA.139.19	yen 
PSA.139.20	ku kɔ
PSA.139.21	Caa ke ye maan, Yin 
PSA.139.21	ku caa 
PSA.139.23	Gɔk ɣaic, Yin 
PSA.139.24	Ku ŋem lan 
PSA.139.24	ku 
PSA.140.1	YE ɣa 
PSA.140.2	Ran ye 
PSA.140.3	Aa 
PSA.140.4	Yee ɣa mu
PSA.140.5	Kɔ
PSA.140.5	aaci abuɔi 
PSA.140.6	Ɣan ci Yekoba 
PSA.140.8	Du
PSA.140.8	duɔne rɛɛc ye cɔ
PSA.140.9	Ne raan ebɛn ran ye ɣa kɔl, 
PSA.140.10	Ne atiɛɛp dɛ
PSA.140.11	Ran rac liep 
PSA.140.12	Anyiɛ
PSA.140.13	Neyi
PSA.141.1	YEKOBA 
PSA.141.2	Ne lɔŋdie ye 
PSA.141.2	ku ne jɔt de 
PSA.141.3	Yee ɣa tiit thok, 
PSA.141.4	Ne ɣan ci piɔu ye naŋ rɛɛc, ba ya mat wɔne kɔ
PSA.141.5	Ne ran lajik ye ɣa biɔɔk, ee kac de piɔu; ne ye ɣa waai; ee cie
PSA.141.6	Duluukken aaye ke cua
PSA.141.7	Yomkuɔ kaa wɛɛr piny ne 
PSA.141.8	Ɣan ci ɣanhom wɛl 
PSA.141.9	Muɔke ɣa wei ne dhuuric dhur ci keek ɣa 
PSA.141.10	Ne kɔ
PSA.142.1	ƔAN ye Yekoba cɔɔl ne ɣaror 
PSA.142.2	Ɣan ye 
PSA.142.3	Wen ci tiɛ
PSA.142.4	Liec cuenydie, ku ŋem; 
PSA.142.4	Te de thiaan 
PSA.142.5	Yin ca 
PSA.142.5	ku jaam, ya yin ekee tediɛɛn de 
PSA.142.6	Yee nyin tiit ne 
PSA.142.6	ye ɣa 
PSA.142.7	Luny tiɛ
PSA.142.7	kɔ
PSA.143.1	YEE lɔŋdie piŋ, Yin Yekoba, 
PSA.143.2	Ku 
PSA.143.2	ne ke 
PSA.143.3	Ran de ater ee tiɛ
PSA.143.3	ee ɣa cɔ
PSA.143.4	ku 
PSA.143.5	Ɣan ye ɣanhom ciɛɛt ne akol thɛɛr, 
PSA.143.6	Ɣan ye 
PSA.143.7	Dɔc ɣa gam, 
PSA.143.7	du
PSA.143.8	Yee ɣa cɔ
PSA.143.8	yin eka yaa gɛi rɔ
PSA.143.9	Yee ɣa 
PSA.143.10	Piɔɔce ɣa ba piɔndu ya looi, 
PSA.143.10	yin 
PSA.143.11	Piir ɣɛn, 
PSA.143.11	bɛie 
PSA.143.12	Nyaaie 
PSA.144.1	EEYABI athiɛi ya 
PSA.144.1	yen man 
PSA.144.2	Ee | nhiɛr de ka
PSA.144.2	du |‐luɛŋdie:
PSA.144.2	ee kondie, ku yee te yan 
PSA.144.3	Yekoba, ye 
PSA.144.5	Guŋ 
PSA.144.6	Maare keek, ku thiɛi keek; 
PSA.144.7	Thiu yiciin nhial, kony ɣa ku 
PSA.144.9	Yin ba ya 
PSA.144.9	yin ba ya piɔny ne 
PSA.144.10	yen yen man e 
PSA.144.11	kɔ
PSA.144.12	Wɔɔk wɔ kɔ
PSA.144.12	ku ci
PSA.144.13	Wɔɔk wɔ kɔ
PSA.144.13	ku ye amɛlkuɔ 
PSA.144.14	Wɔɔk wɔ kɔ
PSA.144.14	wɔɔk wɔ kɔ
PSA.144.15	Kɔc aa
PSA.145.1	ƔAN bi rinku ya cɔ
PSA.145.2	ku rinku 
PSA.145.3	Yekoba eka dit, ku 
PSA.145.4	Kuane kabi 
PSA.145.5	ku ne 
PSA.145.6	Ku kɔc aabi ya 
PSA.145.7	Aabi 
PSA.145.8	Yekoba kapiath 
PSA.145.8	acie dac 
PSA.145.9	Yekoba 
PSA.145.9	ku 
PSA.145.10	Luɔidu ebɛn abi yi ya 
PSA.145.10	ku 
PSA.145.12	Bi
PSA.145.14	ku 
PSA.145.15	Nyin de 
PSA.145.16	ku 
PSA.145.17	Yekoba 
PSA.145.18	Yekoba ee thiɔ
PSA.145.18	ee thiɔ
PSA.145.19	Kɔɔr de 
PSA.145.20	Yekoba ee 
PSA.145.21	Ɣan bi 
PSA.145.21	ku ne 
PSA.146.2	Ɣan bi 
PSA.146.2	ɣan bi 
PSA.146.3	ku ne 
PSA.146.4	Weeide kee 
PSA.146.4	ku 
PSA.146.5	Raan amit piɔu ran ye 
PSA.146.5	yen yen man yee ŋɔ
PSA.146.6	Man e cak nhial ku piny, ku bar ku kaŋ 
PSA.146.7	Yen yen man ye kɔ
PSA.146.8	Yekoba ee cɔɔr lie
PSA.146.9	Yekoba aye alɛi mu
PSA.146.9	ku 
PSA.146.10	Nhialinydu, Yin Dhiɔn, agut 
PSA.147.1	apiath bi 
PSA.147.2	ee 
PSA.147.3	Ee ran ci yic wuɔ
PSA.147.4	Ee ciin de kuel ayee 
PSA.147.5	Bɛnydiitda yeneka dit ne riɛr, ku 
PSA.147.6	Yekoba ee ran kor piɔu 
PSA.147.8	Yen yen 
PSA.147.8	ku yee tiɔp nhom juɛr deŋ; yen yen 
PSA.147.10	Aci 
PSA.147.11	Yekoba ee 
PSA.147.11	ku 
PSA.147.12	Yee 
PSA.147.13	Ee 
PSA.147.14	Ee 
PSA.147.14	ku 
PSA.147.15	Ee loŋde ayee tuɔɔc ne tiɔp nhom; ku 
PSA.147.16	Ee piu 
PSA.147.17	Ee kɔi 
PSA.147.18	Ee 
PSA.147.18	ee 
PSA.147.19	Ee wɛ
PSA.147.20	Acin jur dɛ ci kan loi yeya, ku luɔ
PSA.148.1	Yaka Yekoba 
PSA.148.2	Yaka 
PSA.148.3	Yaka 
PSA.148.4	Yaka piɔny we nhiel ke nhiel; ku we 
PSA.148.5	Ne ke ye rin ke Yekoba piɔny, 
PSA.148.6	Aacike cɔ
PSA.148.7	Yaka Yekoba piɔny ne 
PSA.148.8	we yii 
PSA.148.9	We yii 
PSA.148.9	we yii 
PSA.148.10	Lɛi ebɛn ku weŋ ebɛn; 
PSA.148.11	We yii meleek ke tiɔp nhom ku juɔr ebɛn; 
PSA.148.12	We yii rorthi ku 
PSA.148.13	Ne ke ye rin ke Yekoba piɔny, rinke eka dit yetok; ku 
PSA.148.14	Ku kee tuuŋ de kɔ
PSA.148.14	agut ke de mi
PSA.149.1	YAKA Yekoba piɔny. 
PSA.149.1	ku 
PSA.149.2	Ne Yithrael ye piɔu 
PSA.149.2	ne mi
PSA.149.5	Ne kɔ
PSA.149.6	Ne piɔny dit ne ye tɔ ne kethook, ku 
PSA.149.7	Bi
PSA.149.8	Bi
PSA.149.9	Bi
PSA.150.1	YAKA Yekoba piɔny. Yaka Yekoba piɔny, teden lajik; yaka 
PSA.150.2	Yaka piɔny ne 
PSA.150.3	Yaka piɔny ne 
PSA.150.4	Yaka piɔny ne bul ku 
PSA.150.5	Yaka piɔny ne thom kok; yaka piɔny ne 
PSA.150.6	Ne keriɛc ebɛn ye weei ne ye Yekoba 
