MRK.1.1	Weꞌi yamna God natuna Yesu 
MRK.1.2	Warihagha 
MRK.1.4	Anina ma taupariverena John i neꞌi au mutuyuwa da rava i bababataitohi ma God riwana i dimedimei ipa, “Ghohaꞌapoapoe kauwana ona voterei ma ona wanavira-meyemi God awarina. Maranai ana babataitomi, yamna inavi matakiraha da taumi, God ami ghohaꞌapoꞌapoe ina nota-tawaneꞌi.” 
MRK.1.5	Ma rava anatapuhi, Judiya au paratana ma mai Jerusalem hi nae da John hita rau-tanighanei. Naꞌi marana ahi apoapoe hivi heghai ma tauna, Jordan wairana au horana i babataitohi.
MRK.1.6	Ma John, ghamoghamo ana wava 
MRK.1.7	Ma tauna, rava i ririwehi ipa, “Muriyai rava ghehauna e neneꞌi, tauna i ghe vavahagha, egha me tau. Tau egha tagotagogiu da ana aehuma ghuravana ata rupeni. 
MRK.1.8	Tau wairei a bababataitomi ma tauna, 
MRK.1.9	Naꞌi maranaina Yesu 
MRK.1.10	Ma maranaina Yesu wairei i gheꞌegheꞌeta, i inana da mara i wana-tawaneꞌi
MRK.1.11	Ma God ponana marei i hopui ma i riwa ipa, “Tam, tau natuꞌu au nuwavaina ma uvi nuwa-ahiahiniu.”
MRK.1.12	Ma yamna au murina God Aruwana Vivivireina, Yesu i pari-tawanana hopuneꞌi au mutuyuwa. 
MRK.1.13	Ma maratom 40 Yesu au mutuyuwa i maꞌae ma Satan, tauna i rau-dadani. Tauna, ghamoghamo moduwei maitehi nai au dobuna hi maꞌae ma God ana 
MRK.1.14	Ma Guyau Herod, John i pani da deri au numana i terei.
MRK.1.15	Ma Yesu i ririwa ipa, “God ana mara i ririweiya i gheꞌetai. 
MRK.1.16	Ma mara tagogi maranaina Galili topana au gerahana i bababara nae; ma tauyebagha ruwagha i inanahi. Simon ma ana tevera Andrew, ahi hagida hita yetayei au boga. 
MRK.1.17	Yesu i riwehi ipa, “Ona nei ma ona votaghou. Ma me marina o yebayebagha; nanaꞌarena anavi haraharamanimi da rava ona tuaruhi da hinavi tumaghaneu!” 
MRK.1.18	Ma maratagogi ahi hagida hi voterei ma Yesu hivo taghotaghoi. 
MRK.1.19	Ma tauhi gerahei hi veraunae ma Yesu, Zebedi natunatuna i inanahi James ma John ahi auwaga; ahi hagida wanawana-rorona hi yaruyarumi. 
MRK.1.20	Ma maratagogi tauhi i ghorehi ipa, “Taumi ona neꞌi ma taꞌu ona votaghou!” Ma tauhi, amahi Zebedi ana taunoya maitehi hivo terehi ma Yesu hivo taghotaghoi. 
MRK.1.21	Yesu, ana 
MRK.1.22	Ma taurautanighana, tauna ana viharaharamana hi bahei; aubaina tauna ana riwapaneꞌi ivi haraharamana, egha me 
MRK.1.23	Maranai Yesu, pari au numana ivivi haraharamana ma oroto 
MRK.1.24	ipa, “Yesu Nasaretei! Am ghohana awariꞌai aiwaꞌi? Tam weka u neꞌi da ma rau-iviꞌapoapoyeꞌai bo? Tau, a haramanei tam aiyaꞌi; tam, tagogi vivivireim Godei!”
MRK.1.25	Ma Yesu i rau-gamopotai, “Ma genuwana! Na orotona ma hopu-tawaneꞌi.”
MRK.1.26	Aruwa-apoapoena, orotona ivo vaitatatavi ma ana gararana i hopu tawanei. 
MRK.1.27	Ma rava anatapuhi hi bahei ma tauhi hivi tarapirivivira, “Aiwaꞌi kauwana e tuputupuwa? Weꞌi vihegha vouna, ravana ana rewapana e maꞌamaꞌae. Yamna aubaina aruwa-apoapoehi e ririwehi ma hevivi ponavowei!”
MRK.1.28	Yesu ana vighegha vouna tuyeghana, maratagogi Galili dobuna i howai.
MRK.1.29	Ma pari au numana hivo tereꞌi. Yesu ana tauvotaghotagho maitehi hi nae Simon ma Andrew ahi au numa; James ma John maitehi hi nae. 
MRK.1.30	Simon pohiyana wavinena ana gaugaururuna ana au anieno i enoeno. Maranaina Yesu i neꞌi; numana ravahi, doria tuyeghana hi pari-verei. 
MRK.1.31	Tauna i nae wavine i enoeno yana; ma nimana i vaini, ivo haguꞌi da ivo mahiri. Maratagogi gaugaururu i voterei ma wavinena, tauhi i inana vaitetehi.
MRK.1.32	Madegha i harere ma raviraviyai, tauhi ahi rava doridoriahi ma tauhi aruwa-apoapoena i ruiruinihi, hi neiyahi maꞌi Yesu awarina.
MRK.1.33	Meyagai ghaeghaena ravahi anatapuhi, numana au naona hivi tagogiyehi. 
MRK.1.34	Rava maghamaghauhi ahi doria tapuna da tapuna ivi yawahanihi ma aruwa-apoapoehi rava i ruiruinihi ivi hopunihi. Ma aruwa-apoapoehi hi haramaneꞌi da tauna aiyaꞌi. Yamna aubaina i rau-gamopotahi.
MRK.1.35	Au maratomtom, Yesu enowei ivo mahiri; numa i hoputawaneꞌi ma i nae gabu au rauraugovaghana. Ma kampa, God maiteni hi dedede. 
MRK.1.36	Ma muriai, Simon varevarehina maitehi hi nae da hi baihei. 
MRK.1.37	Ma maranai Yesu hi tuhaghai; hi riwei hipa, “Rava anatapuhi he baibaihem.”
MRK.1.38	Yesu i pari-beyehi ipa, “Tana nae meyagai ghehauhi au ghereghere. Ma kampa, God Tuyeghana Ahiahina ana rau-guguyei. Taꞌu yamna aubaina a neꞌi.”
MRK.1.39	Ma Galili meyagaihi anatapuna i naenihi ma pari au numahi, God tuyeghana i rau-guguyehi ma aruwa-apoapoehi rava au horahi ivi hopunihi.
MRK.1.40	Maratagogi oroto 
MRK.1.41	Yesu, orotona ivi nuwaboyei da urana ivi yoyoi ma ivo dadani ma i riwei ipa, “A ghohei. Ma ahi!” 
MRK.1.42	Ma maratagogi, paga doriana orotona i voterei ma tauna i yawahana. 
MRK.1.43	Yesu ivi ghaꞌana guratei ma i pari-tawaneꞌi, 
MRK.1.44	“Tam, aiwaꞌi i tuputupuwa awarim; rava egha mavi heghehi! Didimanim ma nae da metauna 
MRK.1.45	Ma orotona i nae da ana viyawahana tuyeghana, meyagai ravahi anataputapuhi i pari-verenaiyehi. Yamna aubaina, Yesu egha au meyagaihi ita rui ma i nae da au mutuyuwa i maꞌamaꞌae. Wate meyagai ravahi hi naenae awarina.
MRK.2.1	Yesu ana tauvotaghotagho maitehi hi wanavira-meyehi au Kapernaum. Ma au pom ruwagha au murina, tuyeghana hi nonori da Yesu i nememei au meyagai. 
MRK.2.2	Yamna aubaina rava maghamaghauhi hivi tagogiyehi au numana. Patara hi magha guratana da numa metaetana maiteni i howai. Yesu, God riwana i rarauguguyei. 
MRK.2.3	Rava 4, vatavatarei oroto gwaghagwaghana hi avarai da hi neiyai Yesu awarina. 
MRK.2.4	Rava hi magha guratana da egha tagotagogina hita neꞌi Yesu awarina. Yamna aubaina teteyei hi amghaena da numa au pohewana gavogavo hi bauni. Gwaghagwaghana vatavatarana hivo vai-hariharirini Yesu au naona. 
MRK.2.5	Yesu, ravahi i inanahi da hivi tumaghanei. Yamna aubaina da orotona gwaghagwaghana i riwei ipa, “Natuꞌu, am ghohaꞌapoapoe a nota-tawaneꞌi.” 
MRK.2.6	Mai Jew ahi Raugagayo Tauviharaharamananahi ghehauhi kampa hi tughutughura ma ahi aunota wenanaꞌarena hivivi nuwa-notanota, 
MRK.2.7	“God, Tau avana ghohaꞌapoapoei e notanota-tawaneꞌi. Aiwaꞌi aubaina da tauna we ravana nanaꞌarena e dedede? Tauna, God e teretere-ghaꞌirei; ma tauna e tereteregheꞌetana-meyei da tauna me God nanaꞌarena.”
MRK.2.8	Maratagogi, Yesu aruwanei i haramanei da tauhi nanaꞌarena hivivi nuwa notanota, aubaina i riwehi ipa, “Aiwaꞌi aubaina weꞌi riwana ovivi nuwa-notenotei? 
MRK.2.9	Metauna kauwana i teatea: da gwaghagwaghana ata riwei, ‘Am ghohaꞌapoapoe a nota-tawaneꞌi.’ Bo, ‘Ma vomahiri, am anieno ma vaini ma ma nae?’ 
MRK.2.10	Weꞌi kauwana a kaukauwei da taumi ona haramaneꞌi da  
MRK.2.11	“A riwem; ma vomahiri; am anieno ma vaini ma ma nae am au numa!”
MRK.2.12	Oroto ivo mahiri ma ana anieno i vaini ma maratagogi i nae. Patara hi inanai ma hi bahana guratei. Tauhi hi hauhepahi ma God hivo hepahepai ma hi ririwa, “Tauꞌai egha meyanai kauwa wenanaꞌarena ata inanai!”
MRK.2.13	Yesu ana tauvotaghotagho maitehi 
MRK.2.14	Ma i verau-nae ma oroto wavana Levi 
MRK.2.15	Yesu ana tauvotaghotagho, mane tautamina ghehauhi, ma ghohaꞌapoapoe ravahi; tauhi, Yesu maitehi hivo taghotaghoi. Anatapuhi, Levi ana au numa hi amꞌam gogona.
MRK.2.16	 ma tauhi tagogihi Raugagayo Tauviharaharamanahi; tauhi hi inanai da Yesu mane tautamina ma ghohaꞌapoapoe ravahi maitehi hi amꞌam. Anina ma tauhi, Yesu ana tauvotaghotagho i riwei, ipa, “Aiwaꞌi aubaina Yesu, mane tautamahi ma ghohaꞌapoapoe ravahi maitehi he amꞌam?”
MRK.2.17	Ma maranai Yesu weꞌi dedena nanaꞌarena i nononori; tauna, tauhi i riwehi, “Rava yawayawahanihi, tauvi yawahana egha hita ghoheghohehi. Ma rava doridoriahi; tauhi, tauvi yawahana he ghoheghohehi. Taꞌu egha ata neꞌi rava ahiahihi aubaihi. Eꞌegha da rava deghadeghahi aubaihi a neꞌi.”
MRK.2.18	Maratagogi, John Taubabataito ana tauvotaghotagho ma Pharisee hi hudihudi. Ma rava ghehauhi, Yesu awarina hi neꞌi ma hi rau-bayadei hipa, “Aiwaꞌi aubaina John Taubabataito ana tauvotaghotagho ma Pharisee maitehi he hudihudi ma tam am tauvotaghotagho eꞌegha?”
MRK.2.19	Yesu i pari-beyehi ipa, “Taumi o notanotai da tauhi tauviyaraga, tavine ana au am egha hina am bo? Eꞌegha! Maranai tavitavine vou-orotona, tauhi maitehi he maꞌamaꞌae, tauhi hita hudi ava. 
MRK.2.20	Ma mara ina neꞌi da tavitavine vou-orotona, ana ghavia hina vaina-tawanei ma naꞌi maranaina ana rava hina hudi.”
MRK.2.22	Ma nanaꞌarena egha aiaꞌi, wine vouna ina vaini da wage wadubona awarina ina hiwaghi. Mepa da ina ghohai; yamna na wine wagena ina wana-vaipawai ma wage ina wana-hedari da wine ma wage ina apoapoe.”
MRK.2.24	Pharisee ghehauhi, we kauwana hi kaukauweiya hi inanai. Yamna aubaina da Yesu hi riwei, “U haramanei da ata 
MRK.2.25	Yesu i pari-beyehi ipa, “David ana tauvotaghotagho maitehi am hi hiraghe. Ma aiwaꞌi hi ghohai?
MRK.2.27	Ma Yesu ana riwa au damona i riwa ipa, “God, Sabate i ghohai rava vohaguna aubaina ma egha rava ita ghohai Sabate vohaguna aubaina. 
MRK.2.28	Taꞌu 
MRK.3.1	Mara gheha au 
MRK.3.2	Ma Pharisee ghehauhi hi ghohei da Yesu hitavi wavui. Yamna aubaina tauhi hi inana taghotaghonaiyei da hita inanai; apo au Sabate orotona itavi yawahani bo eꞌegha. 
MRK.3.3	Ma Yesu, orotona urana kebekebena i riwei, “Ma neꞌi au naona ma mahiri.” 
MRK.3.4	Ma Yesu, rava i rau-bayadehi ipa, “Sabate au marana, metauna kauwana i ahi: ahi bo apoapoe, tanavi yawahana bo tanavi hiraghena?”
MRK.3.4	Tauhi anatapuhi hi genuwana. 
MRK.3.5	Yesu ana amoghaighaina i inana viravira. Au baina tauhi, koyahi i bagibagi ma tauna horana i boya kauwei. Yesu, oroto urana kebekebena i riwei ipa, “Uram mavi yoyoi.” Tauna urana ivi yoyoi ma urana i yawahana. 
MRK.3.6	Ma Pharisee hi nae Herod ana rava auwarihi,
MRK.3.7+MRK.3.8	Yesu ana tauvotaghotagho maiteni hita vainameyehi ma hi nae 
MRK.3.9+MRK.3.10	Yesu, rava maghamaghauhi ivi yawahanihi. Ma yamna aubaina da doridoriahi hivi am-dududu nae; tauna vodadanana aubaina. Tauna egha ita ghohei da hina gariuꞌumi. Aubaina da ana tauvotaghotagho i riwehi da waga hivo kaukauwei. 
MRK.3.11	Maranaina, aruwa-apoapoehi rava au horahi, Yesu hi inainanai. Tauhi, tauna au naona hi peꞌupeꞌu ma hi garagarara, “Tam God Natuna.”
MRK.3.12	Ma Yesu i rau-gamopotahi da havena tauhi hitavi hegha da tauna aiyaꞌi.
MRK.3.13	Yesu ana tauvotaghotagho maitehi au oya hi ghae ma kampa oroꞌoroto ana ghohanei i ghorehi ma hi nae awarina. 
MRK.3.14	Oroto 12 i vinehi ma ivi wavahi 
MRK.3.15	Ma God ana rewapanei aruwa-apoapoehi rava au horahi onavi hopunihi.
MRK.3.16	Tauhi 12 i vinevinehi ahi wava yamna,
MRK.3.16	Simon ivi wavai Peter,
MRK.3.17	ma Zebedi natunatuna James ma ana tevera John, ivi wavahi 
MRK.3.18	Andrew,
MRK.3.18	Philip,
MRK.3.18	Bartholomew,
MRK.3.18	Matthew,
MRK.3.18	Thomas,
MRK.3.18	James, Alphaeus natuna,
MRK.3.18	Thaddaeus,
MRK.3.18	Simon tauna Zealot,
MRK.3.19	ma Judas Iscariot tauna, Yesu tau-vibenabename ina.
MRK.3.20	Yesu ana tauvotaghotagho maitehi hi naeme au numa. Ma patara upumahi hi riyehi da tauhi egha tagotagogina da hita am. 
MRK.3.21	Ma Yesu ana ghughuni tauna, tuyeghana hi nonori ma hipa, “Tauna i buꞌuwa.” Yamna aubaina ana ghughuni hi neꞌi da tauna hita taravaini.
MRK.3.23	Yamna aubaina Yesu, Raugagayo tau-viharaharamanahi i ghorehi ma i awanaꞌi, ipa, “Menanaꞌarena ma 
MRK.3.24	Mepa da dobu ravahi hinavi kahakaha ma hinavi ghaviya vivira, yamna dobuna ina peꞌu. 
MRK.3.25	Ma nanaꞌarena ghughuni hinavi kahakaha ma hinavi ghaviya vivira; nai ghughuni ina peꞌu. 
MRK.3.26	Inapa Satan ana dam hinavi kahakaha ma hinavi ghaviya vivira, apo hina peꞌu. 
MRK.3.27	Taudanene egha tagotagogina da oroto virewapanana ana au numa ina rui ma ana purapura ina danenei. Au naona orotona ghuravei ina raghiraghihi ma muriyai ina danene. 
MRK.3.28	Riwa vaimahiei a ririwemi, God, ami ghohaꞌapoapoe ma ami terevaidegha anatapuhi ina nota tawaneꞌi. 
MRK.3.29	Ma aiyaꞌi ravana, 
MRK.3.30	Yesu wenanaꞌarena i babani, aubaina tauna, Aruwa Vivivireinei aruwa-apoapoehi ivivi hopunihi ma rava hipa “Tauna, aruwa-apoapoena i ruini.”
MRK.3.31	Yesu ayona ma varevarehina hi nei da au dowa hi mahimahiri ma riwa hi pari-tawaneꞌi da tauna ita nei tauhi auwarihi. 
MRK.3.32	Ma patara, tauna hi tughura kwaviviroi ma tauhi, Yesu hi riwei hipa, “U nonori! Ayom ma varevarehim au dowa ma he ghoheghohem.”
MRK.3.33	Yesu i pari-beyehi ipa, “Aiyaꞌi ayoꞌu ma varevarehiu?” 
MRK.3.34	Anina ma Yesu, tauhi hi tughutughura i inanahi ma ipa, “Ona inana! We tauhi ayoꞌu ma varevarehiu! 
MRK.3.35	Aiyaꞌi God ana ghohana e kaukauweiya tauna, ayoꞌu, novuꞌu ma varehiu.”
MRK.4.2	Ghoha maghamaghauhi awanaꞌineꞌi ivi haraharamanihi. 
MRK.4.3	Tauna awanaꞌineꞌi i riwehi ipa, “Ona rau-tanighana! Tauvao ana vaovao i ghohai ma pehi i ravi-hawari. 
MRK.4.4	Pehi ghehauhi au eta hi peꞌu ma kiu i neꞌi da i anihi. 
MRK.4.5	Ma pehi ghehauhi dowa au vighaꞌighaꞌimana hi peꞌu mepa dowa i habuhaburuyana ma mara tagogi hi gogo. 
MRK.4.6	Ma marainana madegha i rararana, mara tagogi tauhi he poꞌipoꞌi, weꞌi aubaina waramihi egha hita rui guratana dowa au horana. 
MRK.4.7	Pehi ghehauhi dowa au modumoduna ma vividonadonana i ravihawari. Pehihi hi gogo ma donadona i yavanihi da egha hita rau-ano. 
MRK.4.8	Ma pehi ghehauhi dowa au ahiꞌahina i ravi-hauwarihi ma hi gogo kauwa ma hi rau-ano da ghehauhi 30, ghehauhi 60 ma ghehauhi 100.”
MRK.4.9	Yesu i riwa ipa, “Tanighami, ina maꞌamaꞌae yamna ona rau-tanighana.” 
MRK.4.10	Maranaina Yesu tau avana i maꞌamaꞌae, ana tauvotaghotagho ma rava ghehauhi hi neꞌi da hivi baghai da awanaina dededena anona itavi heghehi.
MRK.4.11	Ma Yesu i pari-beyehi ipa, “
MRK.4.12	Yamna aubaina:
MRK.4.13	Yesu i rau-bayadehi, “Moina, weꞌi awanaꞌinana egha ota haramanei? Awanaina ghehauhi apo me ona haramanei? 
MRK.4.14	Tauvao, God riwana e pahepahewi. 
MRK.4.15	Rava ghehauhi yana me etanai ma pehi au tepahi e raviravihauwarihi. Riwa he nonori, wate 
MRK.4.16	Rava ghehauhi horahi, yana we nanaꞌarena, tauvao dowa au vikirakirana pehi e raviravihawari. Marainana riwa he nononori, yamna riwana he teretereriyei ma hevivi nuwaꞌahiahi. 
MRK.4.17	Tagogi naꞌi riwana egha au horahi ita maemae-nonowa. Marainana rava vivitumaghanaeghahi he rau-iviꞌapoapoeyehi, yamna yaghiyaghina ava he deghadegha. 
MRK.4.18	Rava ghehauhi horahi, yamna me pehi, modu au vidonadonahi he raviravihauwarihi. Tauhi riwa he nonori, 
MRK.4.19	wate weꞌi dobuna ana yawahana nuwaboyana, ana viguyau morumoruna ma ana raughoghara maghamaghauhi riwana evivi tapiai da egha ita raurauano. 
MRK.4.20	Wate rava ghehauhi horahi, yamna me pehi, dowa au ahiꞌahina he raviravihauwarihi. Tauhi yamna, riwa he nonori ma he vaivaini da he raurauano: ghehauhi 30, ghehauhi 60 ma ghehauhi 100.”
MRK.4.21	Yesu i am dabi ipa, “Aiyaꞌi ravana, rampa e ruiruiyei da au gabaꞌura bo au rauraugovaghana e tereterei? Eꞌegha da ana au anitake evivi hanai. 
MRK.4.22	Aiwaꞌi riwana rauraugovaghana, yamna ina rau-gheꞌegheꞌetei ma aiwaꞌi riwana humahumana, yamna ina wana-tawatawanei. 
MRK.4.23	Ina pa ona rau-tanighana vaimahi, yamna ona nota tuhaghai.”
MRK.4.24	Tauna maiteni i riwehi, ipa, “Aiwaꞌi o nononoriya, ona nota-vaimahiei. Am nota-vaimaiha ruvanei inavi kahaim ma ina rau-tepani. 
MRK.4.25	Tauhi aiwaꞌi auwarihi, yamna ghehauhi ina rau-tepani. Ma tauhi egha aiwaꞌi auwarihi, yamna aiwaꞌi haburuna hi vaivainiya ina vaina-tawanana pahiyei.”
MRK.4.26	Yesu i amdabi ipa, “Weꞌi dededena, yamna 
MRK.4.27	Tauna waguvara eꞌenoeno ma madeghai ana ghohaghohana ghehauhi e ghohaghohahi ma ana pehina yamna mara nonowa e gogogo. Tauna egha ita haramanei me pehina e gogogonei. 
MRK.4.28	Tano tau avana e ghohai da e gogogo ma anona e tereterei. Au naona e rau-pairei, muriyai borina e teretereꞌi. Anina ma e roverove da e rau-ano. 
MRK.4.29	Marainana anona e magumagura, yamna oroto e amꞌam-tuꞌaruta.”
MRK.4.30	Yesu i rau-bayada, “
MRK.4.31	Eyagi pehina, yamna me gaga porana muhomuhohi; ma rava he vaghovaghoi. 
MRK.4.32	Marainana e gogo, yamna e raꞌaraꞌata da ragharaghana e tereterei. Ma kiu ragharaghana au ghoꞌuna he rau-rau numa.”
MRK.4.33	Yesu, awanaina maghamaghauna ana au dede i rau-guguyei da tauhi hita nota-tuhaghai, ahi nota au ruvana. 
MRK.4.34	Tauhi, awanaꞌineꞌi ava auwarihi ivi haraharamana ma marainana tauna, ana tauvotaghotagho maitehi tauhi ava, yamna awanaina ano ohohina e ririwehi.
MRK.4.35	Madeghana tagogina au bigaina, Yesu ana tauvotaghotagho i riwehi ipa, “Tana damana Galili topana au tupoghehauna.” 
MRK.4.36	Tauna au waga i maꞌamaꞌae ma tauhi hi geru da maiteni hi nae. Tauhi, rava boruhi hivo terehi ma hi damana, waga ghehauhi maitehi kampa. 
MRK.4.37	Hive ghaeghaena i towa, yaghina waga i raviravi ma niu waga i howahowai. 
MRK.4.38	Yesu, unuꞌununa au unutana i terei ma waga au murina i enoeno. Ana tauvotaghotagho hi ravi-dagudagui ma hipa, “Tauviharaharamana, tauta tana hiraghe ma tam aiwaꞌi e notanotaꞌi?”
MRK.4.39	Tauna ivo mahiri ma hive i riwei ipa, “Ma rautautau!” Ma yaghina i riwei ipa, “Ma genuwana!” Hive i wanautuini ma daumora i eno. 
MRK.4.40	Yesu i riwehi ipa, “Aiwaꞌi aubaina o rovorovo? Aiwaꞌi aubaina egha otavi tumaghana?”
MRK.4.41	Tauhi hi baheꞌi ma hivi tarapiri vivira, “Tauna aiyaꞌi da hive ma yaghina maitehi hivi ponavowehi?” 
MRK.5.1	Yesu ana tauvotaghotagho maitehi hi damana Galili topana au tupo gehauna, mepa mai Gerasa ravahi hi maꞌemaꞌeyana. 
MRK.5.2	Marainana Yesu wageꞌi i hopuhopu, oroto kokowagei i hopuꞌi. Weꞌi orotona yamna aruwa-apoapoena ivi howaꞌi ma ivi taniwagei. 
MRK.5.3+MRK.5.4+MRK.5.5	Egha tagotagogina da aiyaꞌi ita vovai-hubai, mara maghamaghauna, tauhi aiena ma urana seiniyei hi raghiraghihi, wate mara anataputapuna hi raurau-seini ma seinihi i raurau-tuituinihi, aubaina egha tagotagogina da hita raghita dawai. Waguvarai da madeghai i mahimahirinae, i garagarara ma ghaꞌimei i hapihapi meyei. Au oya ma au kokowaga i maꞌamaꞌae. 
MRK.5.6	Oroto kokowagei tauna au uwama ma Yesu i inanai ma i ruba da au naona i peꞌu. 
MRK.5.7	Ma ponana ghaeghaeneꞌi i garara, “Yesu, God au aidamo maemaema natuna, am ghohana awariꞌu aiwaꞌi? God wavanei, avivi baghaim, egha ma rau-iviꞌapoapoyeꞌu.” 
MRK.5.8	We nanaꞌarena i riwa, aubaina au naona Yesu aruwa-apoapoena i hegahegari da orotona ita hoputawaneꞌi. 
MRK.5.9	Yesu i rau-bayadei, “Wavam aiyaꞌi?”
MRK.5.9	I paribeyana ipa, “Tauai a magha, aubaina aꞌu wava yamna 
MRK.5.10	Tauna Yesu ivi bagha maeyei da tauhi
MRK.5.11	Au barabara, poro maghamaghauhi hi yabayaba, 
MRK.5.12	aubaina aruwa-apoapoehi, Yesu hivi baghai hipa, “Ma pari-tawaneyai poro auwarihi da tauai, tauhi ana ruinihi.” 
MRK.5.13	Yesu ivi aninehi, anina ma aruwa-apoapoehi, oroto hi hopu-tawaneꞌi ma poro hi ruinihi. Porohi au aihariri hi ruba da Galili au topana hi harere. Tauhi maghauhi me 2000.
MRK.5.14	Tau-vighamoghamo, hi rovo ma hi ruba au meyagaigheha dobugheha da rava maghamaghauhi hi pari-verehi. Rava hi nae da aiwaꞌi i tuputupuwa hita inanai, 
MRK.5.15	Marainana hi naꞌe Yesu awarina, tauna orotonana aruwa-apoapoehi hi riruiniya, yamna i tughutughura, gara i oteni ma ana nota ahiꞌahina. Ma tauhi hi rovo kauwa. 
MRK.5.16	Aiwaꞌi oroto ma aruwa-apoapoena da poro auwarihi i tuputupuwa, tau-inanahi, rava ghehauhi hi riwehi.
MRK.5.17	M tauhi Yesu hivi baghaꞌi da ahi dobu ita hopu-tawaneꞌi.
MRK.5.18	Marainana Yesu i gerugeru au waga, orotona aruwa-apoapoena i ruiruiniya, Yesu ivi baghai da maiteni hita nae.
MRK.5.19	Yesu egha itavi aninei ma i riwei ipa, “Manaeme, am au numa ma am rava ma pariverehi, weꞌi kauwana ghaeghaena Bada i kaukauweiya tam aubaim ma tauna ana ivi ahiahi tam awarim.”
MRK.5.20	Anina ma orotona, tauhi ivo terehi ma i naeme au 
MRK.5.21	Yesu wageꞌi i damaname Galili topana au navanavagheha, marainana i damana vivira au navanavagheha, tauna yohora au geraha ma rava maghamaghauhi hi gariwabui. 
MRK.5.22	Oroto tagogi i neꞌi awarina, tauna ana wava Jairus ma tauna pari numana
MRK.5.23	ma ivi baghaguratei, “Natuꞌu totopana i doria kauwa, maneꞌi da ma vodadani ma tauna ina yawahana ma ina maꞌae.”
MRK.5.24	Anina ma Yesu maiteni i naꞌe. Rava maghamaghauhi hi neꞌi da hi gariuꞌumi.
MRK.5.25	Wavine ghehauna tara i doridoriei, borima 12 au horana, tauna maiteni kampa. 
MRK.5.26	Wavinena money ghaeghaena i tawanei tau viyawahana
MRK.5.27+MRK.5.28	Tauna Yesu tuyeghana i nonori ma ivi mayavaina meyei ipa, “Ana gara ava ana vodadani, apo ana yawahana.” Yamna aubaina da wavinena rava maghamaghauhi horahiyei i nae da Yesu murineꞌi ana gara ivo dadani. 
MRK.5.29	Mara tagogi tara doriana i kwaha ma tauna au horana mayana i vaina meyei da ana doria i kwaha. 
MRK.5.30	Yesu mayana i vaini da ana boyaboya i hopu tawaneꞌi, anina ma i maetavirei boru au pouhi ma ipa, “Aiyaꞌi aꞌu gara ivo dadani?”
MRK.5.31	Ana tauvotaghotagho hipa, “Ma inanaꞌi, weꞌi ravahi hi gariuꞌumim, yamna aubaina apo me mariwanei da aiyaꞌi ivo dadanim?”
MRK.5.32	Ma Yesu i inana viravira, i ghoheghohei da naꞌi ravana ita inanai. 
MRK.5.33	Wavinena i haramaneꞌi da aiwaꞌi i tupuwa awarina ma i rovo kauwa da i tatatava. Anina ma i neꞌi da Yesu au aena i peꞌu ma aiwaꞌi anataputapuna riwa vaimahiei i riwana pahiyei. 
MRK.5.34	Anina ma i riwei ipa, “Natuꞌu, am tumaghana awariꞌu, ivi yawahanim, am doria i kwaha nonowa. Nuwahubei ma nae.”
MRK.5.35	Yesu yohora i bababani ma, Jairus ana tau vituyetuyegha hi neꞌi da hi riwei hipa, “Natum totopana i kwaha. Havena da tau viharaharamana utavi sinaviravirai?”
MRK.5.36	Tauhi aiwaꞌi hi ririweiya, Yesu egha itavi ponavowehi ma Jairus, i riweꞌi ipa, “Egha marovo mavi tumaghaneꞌu.” 
MRK.5.37	Rava maghamaghauhi ivi ghaehi da hi maꞌae, Peter, James ma varehina John, tauhi ava i taravainihi ma hi nae. 
MRK.5.38	Jairus ana au numa hi gheꞌeta ma Yesu tauhi i inanahi da hivi nuwa ragharagha, hivivi nuwaboya ma hivivi touwana. 
MRK.5.39	Yesu au numa i rui ma i riwehi ipa, “Aiwaꞌi aubaina o toutou? Weꞌi teverana egha ita hiraghe, tauna e enoeno.”
MRK.5.40	Tauna, hi inana vai diboghi ma hivivi namei, yamna aubaina da tauhi ivi hopunihi ma teverana amana, ayona ma ana tauvotaghotagho tonugha i taravainihi ma hi rui teverana i enoenoyana. 
MRK.5.41	Tevera au urana ivo wa ma i riwa ipa, 
MRK.5.42	Tauna yaghiyaghina ava ivo mahiri ma i babaranae. (Tauna ana borima yamna 12) Weꞌi ghohana hita inanai, yamna tauhi anataputapuhi hi ghohorihi. 
MRK.5.43	Yesu ivi ghaꞌanaghagharehi havena da, rava ghehauhi hita riwehi ma ipa, “Aiwaꞌi ona verei da ina am.”
MRK.6.1	Yesu ana tauvotaghotagho maitehi naꞌi dobuna hi voterei ma hi naꞌeme ana au meyagai ohohina.
MRK.6.2	Au Sabate, viharaharamana ivi kareni, pari au numana. Rava maghamaghauhi kampa ma marainana tauna hi nonori, tauhi anataputapuhi hi ghohorihi. Tauhi hi rau-bayadana vivirihi, “Weꞌi haramanana mepa i vaini? Ma meiyei i rau-nuwahuyahuya ma menanaꞌarena da anibaha ghaeghaehi e ghohaghohaꞌi?” 
MRK.6.3	Tauhi hi riwana vivirihi, “Tauna yamna tau vowa, Mary natuna tautuwaghina, James, Joses, Judas ma Simon varehihi. Ma novunovuna muhomuhohi weka he maꞌamaꞌae, tauna bo?” Yamna aubaina tauhi, hi hinidodorei.
MRK.6.4	Yesu i riwehi ipa, “God ana tau dede rava hevivi ponavowehi ma ahi meyagai ohohina ravahi, ahi dam ma ahi ghughuni ravahi egha hitavi ateateyehi.” 
MRK.6.5+MRK.6.6	Rava tauna egha hitavi tumaghanei ma tauna i baheꞌi. Yesu egha anibaha ghaeghaehi ita ghohahi aubaina tauhi egha itavi tumaghanei aubaina, tauna rava doridoriahi hi yahiyavahi ava ivo dadanihi ma hi yawahana. Ma tauna meyagai i naenihi ma rava ivi haraharamanihi.
MRK.6.7	Yesu ana tauvotaghotagho 12 i ghorehi da hivi tagogiyehi ma ruwaruwaghei ava, i pari-tawanehi au meyagai gheha. Tauna, aruwa-apoapoehi ani vovaihubahi, riwapanana i verehi, 
MRK.6.8	ma i riwehi ipa, “Weꞌi ami naena au horana, ami dighona ava ona vaini, egha purapura ghehauhi egha yam, egha autu, egha money autuna. 
MRK.6.9	Ae humahuma ona oteni ma egha kwama ghehauhi ona vowai.” 
MRK.6.10	Tauna maitena i riwehi ipa, “Metauna au meyagaina ona enae ma aiyaꞌi ravana e maꞌaemaꞌae naonaowemi, ana au numana ava ona maꞌamaꞌae da meyagaina ona voterei. 
MRK.6.11	Ina pa metauna meyagaina ravahi egha hina maꞌe naonaowemi, bo egha hina rau-tanighanemi, yamna ona voterehi ma aemi vunavunana ona rau-habuhabui. Yamna tauhi ahi pariputu.”
MRK.6.12	Anina ma hi nae ma rava auwarihi hi rau-guguya ma hi riwehi hipa, “Ami ghoha, apoapoehi ona voterehi ma God awarina ona nememeꞌi.” 
MRK.6.13	Tauhi aruwa-apoapoehi maghamaghauhi hivo vaihubahi ma hivi hopunihi ma olive oil rava doridoriahi, au koyahi hi hiwaghihi da hi yawahana.
MRK.6.14+MRK.6.15	Dobu taputapuna ravahi, Yesu he dededei ma riwana i raꞌata. Rava ghehauhi hipa, “John tau babataito i yawahaname. Yamna aubaina da anibaha ghaeghaehi e ghohaghohahi.” Rava ghehauhi hipa, “Tauna Elijah.” Ma rava ghehauhi hipa, “Tauna yamna God ana peroveta, warihagha.” 
MRK.6.16	Guyau Herod
MRK.6.17	Herod i am hegara da John hi pani ma au deri hi terei, weꞌi aubaina, tauna Herod i riwana haigiriyei ipa, “Ghoha apoapoena u ghohai da varehim Philip awana u vaini.” Herod i am hegara da John hi pani ma au deri hi terei, aubaina tauna, varehina Philip awana Herodias, i ravaghi. 
MRK.6.18	John tau babataito, Herod i riwananonowei ipa, “Ghoha apoapoena u ghohai da varehim awana u ravaghi.” 
MRK.6.19	Yamna aubaina Herodias, John i rau-amoghaighaiyei ma i ghoheghohei da itavi hiragheni ma Herod i taraghaghari. 
MRK.6.20	Herod, John i rovorovowei, aubaina tauna yamna rava ahiꞌahina mavi vivireina. Yamna aubaina vihiraghenana i taraghaghari. Tauna i ghoheghohei da mara maghamaghaunana John ita rau-rautanighanei, havena da ana au dede, tauna evivi nuwaragharagha.
MRK.6.21	Herod ana tupuwa au marana, Herodias, ana gavogavo ivi aꞌroni. Herod, ana tupuwa marana, torehana i terei ma dobu babadahi, ahitaunoya, ghavighaviyana babadahi da mai Galili rava ghaeghaehi ghehauhi maitehi, aubaihi. 
MRK.6.22	Herodias natuna guguhinina, au torehana i hara, Herod ana taomana maitehi hi inanai ma hivi eraerawei. Yamna aubaina Guyau Herod, guguhinina i riwei ipa, “Am ghohaghohana aiwaꞌi? Am ghohaghohana anataputapuna ana verem. 
MRK.6.23	God au matana, a ririwem da am ghohaghohana anataputapuna ana verem, ina pa aꞌu viguyau tupona ma ghoheghohei yamna maiteni ana verem.”
MRK.6.24	Guguhinina i nae da ayona i rau-bayadei, “Aiwaꞌi ana vibaghei?”
MRK.6.24	Ayona i pari-beyana ipa, “John tau babataito koyana mavi baghei.”
MRK.6.25	Guguhinina, yaghiyaghina ava i naeme Guyau awarina ma i haighiriyei ipa, “A ghoheghohei da weka ma marina, John Taubabataito koyana au aboma ma terei ma mavereꞌu.” 
MRK.6.26	Guyau i nonori ma ivi nuwaboya kauwa, wate egha tagotagogina da itapari virevirei, aubaina tauna ana taomana au matahi ma iparivai nuwaghani. 
MRK.6.27	Yaghiyaghina ava, tau vihiraghena ghehauna i hegari da John koyana ita neiyaꞌi. Tau vighaviya i nae, au deri ma John uwana ita rau-tuini, 
MRK.6.28	ma au aboma i terei ma i naiyai da guguhinina hi verei ma tauna ayona i verei. 
MRK.6.29	Marainana John tau babataito ana tauvotaghotagho tauna, hiraghena tuyeghana hi nonori, yamna hi neꞌi da tupuwana hi vaini da au kokowaga hivi enoi.
MRK.6.30	Yesu ana Apostle, ahi au bagibagi hi neneyana, hi wana virameyehi awarina ma aiwaꞌi hi ghohaghohahi da hivi haraharamaneiya, hivi heghei. 
MRK.6.31	Ma na marainana, rava maghamaghauhi, hi naenae auwarihi ma hi wanawana virameyehi. Yesu ana tauvotaghotagho maitehi egha mepa ahi gavogavo da hita am. Yesu i riwehi ipa, “Tautaiava tana nae, au mutuyuwa, mepa rava egha hita maꞌemaꞌeyana ma tanavi yawahi.” 
MRK.6.32	Au waga hi geru ma hi damana au mutuyuwa, mepa rava egha hita maꞌemaꞌeyana.
MRK.6.33	Rava maghamaghauhi, tauhi hi inanahi da hi naenae ma hi inana tuhaghahi, aubaina geraha, meyagaina ravahi maghamaghauhi, gerahei hi ruba da hi aigheꞌeta au mutuyuwa ma Yesu ana tauvotaghotagho maitehi muriyai hi ghota. 
MRK.6.34	Yesu wageꞌi i hopu ma rava maghamaghauhi i inanahi ma i rau-nuwaꞌapoapoeyehi aubaina tauhi me sipu ma egha taupainihi. Anina ma tauna God ana ghoha maghamaghauhi ma ana vibadana vaivaina, ivi haraharamanihi.
MRK.6.35	Au hegoya, ana tauvotaghotagho, hi neꞌi awarina ma hipa, “Au e pompom ma weꞌi au dobuna rava egha hita maꞌamaꞌae.” 
MRK.6.36	Rava ma paritawanehi da tauhi hina nae, meyagai au muhomuhohi bo au ghaeghaehi da yam hina baiha da hina am.
MRK.6.37	Ma Yesu i pari-beyana ipa, “Taumi yam ona verehi da hina am.” Ma hi riwehi ipa, “Tam u ghoheghohei da tauai 200 
MRK.6.38	Yesu i rau-bayadehi, “Payawa bihagha awarimi? Ona nae da ona inanai.”
MRK.6.38	Hi nae ma hi nememei da hi riwei hipa, “Payawa 5 ma i yana 2 hemaꞌamaꞌaꞌe.”
MRK.6.39	Anina ma Yesu i riwehi ipa, “Upumei, au gidagida ona tughura.” 
MRK.6.40	Anina ma tauhi upuma 50 da 100 awarinei
MRK.6.41	Ma Yesu payawa 5 ma i yana 2 i vaini ma au mara i watata ma God ivi egwayauwei ma payawa da i yana i tomutomui ma ana tauvotaghotagho i verehi da tauhi rava hi verehi. 
MRK.6.42	Ana taputapuhi hi am ma hi amhiyauwa. 
MRK.6.43	Yesu ana tauvotaghotagho, payawa ma i yana amꞌamterenahi hi tami da poha 12 hivi howahi. 
MRK.6.44	Oroꞌoroto maghauhi 5000 hi gamohi.
MRK.6.45	Yesu Yaghiyaghina ava ana tauvotaghotagho, i hegarihi da au waga hi geru da hita ai damana au Bethsaida, Galili topana au navanava ghehauna. Ma tauna, patara ivo tawanehi. 
MRK.6.46	Tauhi, ivo tawanehi ma tauna i ghae au oya pari aubaina. 
MRK.6.47	Waguvaraina, Yesu tau avana au geraha i maꞌae ma ana tauvotaghotagho yamna au waga, Galili topana au pouna. 
MRK.6.48	Yaghina ma hive ivo guratei ma Yesu ana tauvotaghotagho i inanahi da tauhi hive ma yaghina hi tupatupamatani mavi wewehanei hi yareyare.
MRK.6.49	Maratomtomai Yesu topa tepanei i bababara nae ma tauna i ghoheghohei da ana tauvotaghotagho ita terevivirehi ma marainana tauhi hi inanai ma hi notai da tauna yamna konagha, hi rovo ma hi otu. 
MRK.6.50	Marainana anataputapuhi, tauna hi inanai ma hi rovo kauwa. Ma Yesu, i riwehi ipa, “Taꞌu, egha ona rovo.”
MRK.6.51+MRK.6.52	Tauna au waga i geru ma hive i wanautuini ma tauhi hi nota ava, havena da, tauhi payawa ani bahana i kaukauweiya hi inanai ma tauhi yohora egha tauna ana riwapana hita haramanei. Au baina, tauhi ahi nota i pupu.
MRK.6.53	Tauhi, Galili topana hi damani da au Genesareta hi ghota ma waga hi tainagheꞌetei. 
MRK.6.54	Waga hi hopu tawaneꞌi ma rava Yesu, mara tagogi hi inana tuhaghai. 
MRK.6.55	Yesu tuyeghana, dobuna ghaeghaenana hivi babarai ma tauhi, rava doridoriahi hivi hihivanehi tauna awarina. 
MRK.6.56	Yesu, me au meyagaihi, i naenae yana, yamna rava, ahi rava, doridoriahi hivi hihivanehi, boru au gabuhi da itavi yawahanihi. Doria ravahi ahi rava, hivi bagha hipa, “Ma vianinehi da am gara mutuna ava ana vodadani.” Ma tauhi aiyavoꞌina ava da ana gara hivo vodadaniya, anataputapuhi, tauna ana riwapanei, hi yawahana.
MRK.7.1+MRK.7.2+MRK.7.3+MRK.7.4	(Pharisee ma mai Jew anatapuhi, muriyai da hita am, au naona, nimahi hina oghai. Me warihagha waghawaghahi ahi vaivai hi teretereiya nanaꞌarena. Maranaina boruwei he nene memei, egha hina am da au naona gobuhi hina ogha tawaneꞌi. Ahi ghoha maghamaghauhi ghehauhi maiteni hevo taghotaghohi, me ani am da ani uma, me he oghaꞌoghanei).
MRK.7.1+MRK.7.2+MRK.7.3+MRK.7.4	Pharisee ma raugagayo tauvi haraharamanahi ghehauhi Jerusalemei hi nei Yesu awarina da hita rau-tanighanei ma hi inanai da ana tauvotaghotagho ana nima gobuhi hi amꞌam.
MRK.7.5	Ma tauhi Yesu hi rau-bayadei hipa, “Aiwaꞌi aubaina, am tauvotaghotagho waghawaghata ahi vaivai egha hita votaghotaghoi ma ana ura mirahi he amꞌam?”
MRK.7.6	Ma Yesu i pari-beyana, “Taumi morumorumi, God ana peroveta Isaiah i riwa kauwa, tauna i girugirumia nanaꞌarena, God i riwa,
MRK.7.6	‘Taumi gamomiyei o vovohepahepaꞌu,
MRK.7.6	wate nuwanuwami au horana tapuna ava.
MRK.7.7	Tauhi rava ahi vaivai hevivi damani ma egha yamna God ana raugagayo.
MRK.7.7	Yamna aubaina ahi vohepahepa yamna kwakwavina.’
MRK.7.8	Taumi God ana raugagayo o teretere riyei ma taumi ami vaivai o vovo taghotaghoi.”
MRK.7.9	Ma i riwana meyehi ipa, “Taumi ami haramanei God ana raugagayo o teretere riyei ma taumi ami vaivai o vovo taghotaghoi. 
MRK.7.10	Moses God ana raugagayo i teretereiya yamna, ‘Amam ma ayom mavi virehi,’
MRK.7.11	Wate taumi o viharaharamanihi da ayo ma ama he rau-rau boviyehi ma, God awarina; he amꞌam verena. 
MRK.7.12	Ami viharaharamanei, tauhi ama ma ayo egha hita vohaguhi. 
MRK.7.13	Ma weꞌi, viharaharamana taumi, rava auwarihi o vividamani ma God riwana o vivihamoaꞌi. Ma kauwa maghamaghauhi ghehauhi maitehi o kaukauwei.”
MRK.7.14	Yesu patara i ghore meyehi ma ipa, “Ana tapumi ona rau-tanighaneu ma aiwaꞌi a ririwemi ona haramanei. 
MRK.7.15+MRK.7.16	Aiwaꞌi da au gamomi e ruirui tauna egha itavivi miraimi ma aiwaꞌi da horamiyei e hopuhopu, tauna evivi miraimi, God au matana.”
MRK.7.17	Yesu patara ivo terehi ma i naeme au numa ma ana tauvotaghotagho hivi taravirevirei da awanaina anona itavi heghehi. 
MRK.7.18+MRK.7.19	Yesu ipa, “Taumi maiteni egha ota haramanei bo? Kauwa aiwaꞌi upuneꞌi rava au horahi e ruirui apo egha inavi mirai, anona yamna weꞌi kauwana egha tauna au nuwanuwana ita ruirui ma au manawana da e hopuhopu.” (Weꞌi riwanei Yesu yam anatapuhi ivi aninei da tauhi egha waꞌiyawa).
MRK.7.20	I amdabi ipa, “Aiwaꞌi rava horanei e hopuhopu yamna rava evivi mirai, God au matana. 
MRK.7.21	Rava ghohaꞌapoapoe, nuwanuwahiyei hevivi tetei ma ghohana he ghohaghohai nota apoapoehi me, rauhoghara yabayababa, danene, vihiraghena, awadanene, 
MRK.7.22	amboho, rau ivi apoapoe, moru, erawa, unura, terevaidegha, maeghaeghae ma buꞌuwa kauwahi. 
MRK.7.23	Weꞌi ghohahi apoapoehi rava horahiyei he hopuhopu ma rava hevivi mirahi.”
MRK.7.24	Ma naꞌi meyagaina i voterei ma i nae Tyre au paratana ma au numa i rui, aubaina egha ita ghohei da rava hita haramanei, wate tauna egha tagotagogina da ita rau-govagha. 
MRK.7.25+MRK.7.26	Wavine tagogi Yesu tuyeghana i nonori ma i nei awarina, weꞌi wavinena tauna egha Jew, tauna eteni au Fonisia i tupuwa, Siria au paratana. We wavinena natuna wavinena haburuna aruwa-apoapoena, i ruini. Yamna aubaina ayona i nae Yesu awarina, au naona i raudune ma ivi baghai da aruwa-apoapoena natuna awarina ita vaina tawaneꞌi. 
MRK.7.27	Yesu i haramanei da wavinena eteni, yamna aubaina i riwei, “Egha ita ahi da rowarowa ahi yam ana vaini ma ouꞌou ana verei, eꞌegha da, au naona rowarowa hina am hi yauwa.”
MRK.7.28	Ma wavine i pari-beyei, “Bada, yamna riwa kauwa wate rowarowa ahi yam hamohamoghina kepakepa au gabaurina e dabadabarara yana ouꞌou he aniani.”
MRK.7.29	Ma Yesu i riwei, “Ma naeme am au numa. Tam am paribeyana i ahi aubaina aruwa-apoapoena natum au horana tauna i hopuna tawaneꞌi.”
MRK.7.30	Ma i nae me ana au numa ma i tuhaghai da teverana ana au ani eno i enoeno ma aruwa-apoapoena i hopu tawaneꞌi.
MRK.7.31	Yesu Tyre paratana i ne tawaneꞌi da au Sidon ma i kwaviviro da au Dekapolis Galili topana au ririvana. 
MRK.7.32	Rava ghehauhi oroto tanighana potapotana ma menana birebirena hi neiai ma Yesu hivi baghai da urana au opina ita terei da itavi yawahani. 
MRK.7.33	Yamna aubaina Yesu oroto i taravaina hopunei da tauhi ava ma ura gigina oroto au tanighana i tere ruꞌiyei ma ura gigina i hovai ma menana ivo dadani. 
MRK.7.34	Ma au mara i inana ma nuwanuwana i boyai ma i yavutu tawanana ma oroto i riwei, “Efata,” weꞌi anona “Mawana tawaneꞌi.” 
MRK.7.35	Maratagogi tanighana i wanatawanei ma menana ivi dagudagu ma i dede kauwa. 
MRK.7.36	Ma Yesu rava ivi ghaehi, i riwana guratehi da egha rava ghehauhi hina riwei da aiwaꞌi i tupuwa. Rava i riwana guratehi wate tauhi egha hita rau-tanighana ma hivi tuyetuyeghei. 
MRK.7.37	Ma maranai rava weꞌi riwana hi nonori, tauhi hi bahana guratei ma i riwa, “Aiwaꞌi anatapuhi i kauwana anatapuna ahiꞌahina ava. Tauna rava tanigha potapotana ivi yawahani da e rau-tanighana ma menana birebirena e dedede kauwa.”
MRK.8.1	Naꞌi marana patara ghaeghaena hivi tagogi yana meyehi. Patara ahi yam eꞌegha, yamna aubaina Yesu ana tauvotaghotagho i ghorehi da hi naꞌe awarina ma ipa, 
MRK.8.2	“Madegha tonugha au horana, patara maiteꞌu a maꞌae ma ahi yam eꞌegha ma tauhi a rau-nuwapoapoeyehi. 
MRK.8.3	Ana amhiraghehi ana paritawanehi, apo au etanai hina rau-moyaghahu ma ghehauhi uwamei hi neꞌi.”
MRK.8.4	Ana tauvotaghotagho hi pari-beyei, “Weꞌi mutuyuwa ma mepa yam tana vaini da weꞌi patarana tana ghamohi?”
MRK.8.5	Ma Yesu tauhi i rau-bayadehi ipa, “Payawa bihagha awarimi?”
MRK.8.5	Tauhi hi riwa, “Seven.”
MRK.8.6	Ma Yesu patara i riwehi da hi tughura ma payawa seven i vaini ma God ivi egwayauwei ma ivo tomutomuhi ma ana tauvotaghotagho i verehi ma patara hi ghutehi. 
MRK.8.7	Ma tauhi auwarihi iyana muhomuhohi ruwagha, Yesu i vaini, God ivi egwayauwei ma ana tauvotaghotagho i verehi ma tauhi patara hi ghutehi. 
MRK.8.8	Tauhi anatapuhi hi am da hi am hi yauwa. Tauvotaghotagho yam amtereterenana hi tamaꞌaruaruhi da poha seven hivi howai. 
MRK.8.9	Rava ahi magha 4000 nanaꞌarena ivi anihi. Au murina i pari-tawanehi da hi naeme ahi au numa.
MRK.8.10	Maratagogi, Yesu ana tauvotaghotagho maitehi au waga hi geru da hi damana Dalmanuta ana au parata. 
MRK.8.11	Pharisee ghehauhi hi neꞌi Yesu awarina ma maiteni hivi awahegahigahiyana. Tauhi hi ghohei da Yesu hita rau-dadani da matakiraha, Godei itavi heghai.
MRK.8.12	Yesu aruwanei i yavutu tawanana ma i riwa, “Taumi, tupumuri
MRK.8.13	Yesu Pharisee ivo terehi ma ana tauvotaghotagho maitehi au waga hi gerume ma hi damana Galili topana au tupo ghehauna. 
MRK.8.14	Ana tauvotaghotagho nuwanuwahi i vuru da payawa egha hita vaini, payawa tagogi ava au waga i maꞌamaꞌae. 
MRK.8.15	Yesu iparivai nuwa i daghihi “Pharisee ma Herod ahi viharaharamana boꞌa, e raꞌaraꞌata me yist, ona inana vaimahiei.”
MRK.8.16	Ma tauhi hi dede hipa, “Payawa eꞌegha aubaina e dedede.” 
MRK.8.17	Ma Yesu ahi dede i haramanei aubaina da i riwehi, “Payawa eꞌegha ma aiwaꞌi ovivi tarapiriyei? Taumi yohora egha ota inana tuhaghai bo? Koyami i bagibagi bo? 
MRK.8.18	Matami e maꞌamaꞌae ma egha ota inainana ma tanighami e maꞌamaꞌae ma egha ota nononora bo? Ma o notanotai bo eꞌegha? 
MRK.8.19	Maranaina payawa 5 a votomutomui rava 5000 aubaihi, payawa amtereterenana o tami da poha bihagha ivi howai?”
MRK.8.19	Tauhi hi pari-beyei, “12”
MRK.8.20	Ma maranaina payawa 7 a votomutomui rava 4000 aubaihi ma payawa amtereterenana o tami da poha ghaeghaehi bihagha ovi howai?
MRK.8.20	Tauhi i pari-beyei, “7” 
MRK.8.21	Ma tauhi i riwehi ipa, “Taumi yohora da ovivi nuwanaina bo?”
MRK.8.22	Tauhi hi neꞌi au Bethsaida ma rava ghehauhi oroto matana apoapoena hi neiyai Yesu awarina ma hivi baghai da matana ita vodadani. 
MRK.8.23	Orotona matana apoapoe i rau-ꞌurana ma meyagaiyei i taravaina hopunei. Ma kampa matana i hovaꞌi ma uranei matana ivo dadani ma i rau-bayadehi, “aiwaꞌi e inainanai bo eꞌegha?”
MRK.8.24	Ma i tahepai ma i riwa, “Rava a inainanahi ma tauhi me eyagi, he bababara.”
MRK.8.25	Yesu uranei oroto matana, ivo dadana meyei, matana i yawahana, i ahi ma aiwaꞌi anatapuna inana kauwei. 
MRK.8.26	Yesu tauna i pari-tawanei ana au numa ma i riwei, “Egha au meyagai manaeme.”
MRK.8.27	Yesu ana tauvotaghotagho maitehi i nae au meyagaigheha Sisiria Pilipai au gheregherena. Au etanaiyei ma i rau-bayadehi, “Rava he ririwa da Taꞌu aiyaꞌi?”
MRK.8.28	Ma tauhi hi pari-beyei, “ghehauhi e ririwa da tam John Taubabataito ma ghehauhi he ririwa da Elijah ma ghehauhi he ririwa da peroveta tagogi warihagha maemaena.”
MRK.8.29	Ma Yesu tauhi i rau-bayadehi, “Wate taumi me o notanotanei ma i riwa da Taꞌu aiyaꞌi?”
MRK.8.29	Peter i pari-beyei, “Tam Keriso, Tauvi yawahana Godei!”
MRK.8.30	Yesu tauhi ivi ghaehi da egha aiyaꞌi hina riwei da tauna aiyaꞌi.
MRK.8.31	Ma Yesu ana tauvotaghotagho vinuwaterenehi ivi kareni ipa, “Rava Natuna inavi nuwaꞌapoapoe kauwa ma Jew babadahi, piripirisi ghehauhi ma raugagayo tauvi haraharamanahi, hina pari-virevirei tauna ina hiraghe ma madegha tonugha au murina inavo mahiri me.” 
MRK.8.32	Yesu didimaninei weꞌi kauwahi ivi heghehi ma yamna aubaina Peter tauna i taravainariyeai ma i pari-virevirei. 
MRK.8.33	Wate Yesu i maetavirei ma ana tauvotaghotagho i inanai ma Peter i pari-ghahiyei, ipa, “Satan manae au muriꞌu! Tam am nota egha Godei ita neneꞌi, eꞌegha da raveꞌi”
MRK.8.34	Yesu tauna patara ma ana tauvotaghotagho i ghorehi ma i riwehi, “Mepa da aiyaꞌi itavi muritaghoiu, tauna ina boviyana meyei, ana korosi ina avarai ma inavo taghotaghoꞌu.
MRK.8.35	Aiyaꞌi ravana ana yawahana evo vodidini ma e paꞌipaꞌini apo ina vineboai ma aiyaꞌi da ana yawahana e amverenei taꞌu ma tuyeghaꞌu ahiꞌahina aubaina, tauna ana yawahana ina vaina meyei. 
MRK.8.36	Mepa da wei dobuna ana yawahana ma ana viguyau ina vainapahi ma yawahana Godei ina geduaiyei, wei dobuna viguyauna tauna me ina hagunei? 
MRK.8.37	Wate aiwaꞌiyei am yawahana ma gimara meyei. 
MRK.8.38	Mepa da aiyaꞌi taꞌu ma au viharaharamana inavi hinimayei weꞌi ghohaꞌapoapoehi kauwana au marana, Rava Natuna tauna inavi hinimayei maranaina ana aneya vivivireina maitehi, amana ana borumei hina nenememei.”
MRK.9.1	Ma tauna, tauhi i riwehi, “Taumi a ririwana kauwemi, rava ghehaumi weka o mahimahiri apo egha ona hiraghe ma God ana vibadana ona inanai ana rewapanana ina nei.”
MRK.9.2	Maratom 6 au murina Yesu Peter, James ma John tauhi ava i taravainihi ma hi ghae au oya damo. Ma kampa tauhi au matahi Yesu i tupuwa vira. 
MRK.9.3	Ana gara i arapoira ma ivi mataꞌam, egha me aiwaꞌi ghehauna au dobu nanaꞌarena. 
MRK.9.4	Ma kampa au matahi Elijah ma Moses hi hegha ma tauhi Yesu maiteni hi dedede. 
MRK.9.5	Peter Yesu i riwei, “Tauviharaharamana, i ahi da tauta weka mavi anineꞌai da ghoꞌughoꞌu tonugha ana vowai, tagogi tam aubaim, gehauna Moses ma ghehauna Elijah.” 
MRK.9.6	Tauhi hi rovo kauwa aubaina da Peter i dede yabayababa.
MRK.9.7	Anina ma hapau i hura ma tauhi i puruhi ma pona hapauwei i hopui ma i riwa ipa, “Weꞌi Taꞌu Natuꞌu, aꞌu nuwavainana ona rau-tanighanei!” 
MRK.9.8	Maratagogi tauhi hi inana viravira ma egha aiyaꞌi ghehauna hita inanai, maitehi, eꞌegha da Yesu tau avana.
MRK.9.9	Ma tauhi maranai oya damonei hi ghaꞌighaꞌirai ma Yesu tauhi ivi ghaehi da aiwaꞌi hi inainanaiya egha hinavi heghai da au naona Rava natuna hiragheyei inavo mahirime
MRK.9.10	Ma tauhi, tauna riwana hivo teꞌeteꞌei ma hivi tarapiri vivira hipa, “hiragheyei vomahirime,” anona aiwaꞌi. 
MRK.9.11	Ma tauhi tauna hi rau-bayadei ipa, “Aiwaꞌi aubaina raugagayo tauvi haraharamanahi he ririwa da Elijah au naona ina neꞌi?”
MRK.9.12	Yesu i pari-beyei, “Anina Elijah, ina ai nememei da aiwaꞌi anatapuna inavo kaukauwehi. Aiwaꞌi aubaina warihagha i girumi da Rava Natuna inavi nuwaꞌapoapoei kauwa ma hina hini dodorei.
MRK.9.13	Ma a ririwemi da Elijah anina i neꞌi, rava ahi ghohana tauna awarina hi kauwana pahiyei me i girugirumia nanaꞌarena.”
MRK.9.14	Yesu ana tauvotaghotagho tonugha maiteni oyei hi ghaꞌighaꞌiramemei ahi rava auwarihi, hi inanai da patara ghaeghaena tauhi hi mae kwavivirohi ma mai Jew ahi raugagayo tauvi haraharamanahi maitehi hivivi pariparighahi. 
MRK.9.15	Maranai, tauhi Yesu hi inanai hi ghohorihi ma hi veraubeyebeyei. 
MRK.9.16	Yesu tauhi i rau-bayadehi, “Aiwaꞌi ovivi pariparighahiyei?”
MRK.9.17	Oroto tagogi patara au horahi i pari-beyana, “Tauviharaharamana aruwa-apoapoena natuꞌu orotona au horana e maꞌamaꞌae ma i kauwei da egha ita dedede, Yamna aubaina a neiyai awarim. 
MRK.9.18	Maranai ana doria e huruhuru meyei, Yamna aruwa-apoapoena tauna au dowa e tawatawanei, gamona evivi puropuro, ivo na e utaꞌuta didini ma e hirahiraghe madigha. Am Tauvotaghotagho avi baghahi da aruwa-apoapoena hitavi hopuni, wate egha tagotagogina da hita kauwei.”
MRK.9.19	Ma Yesu i pari-beyehi, “O ma meyanai onavi tumaghana! Ta maeghagha ma aubaimi yohora da ami vita ana avaꞌavarai? Tevera ona neiyai awariꞌu!”
MRK.9.20	Ma tauhi tevera hi neiyaꞌi Yesu awarina. Ma maranai aruwa-apoapoena Yesu i inanai, tevera i ghohai da i rau-moyaghahu, i tawanei au dowa ma ivo vai tatatavi ma gamona ivi puropuro. 
MRK.9.21	Yesu tevera amana i rau-bayadei, “Ana doria mara aiwaꞌi ivi kareni?”
MRK.9.21	I paribeyei ma i riwa, “Au meyameyanei ivi kareni. 
MRK.9.22	Aruwa-apoapoena mara maghamaghauna tauna au eyagi araꞌaratana ma au waira e tawatawanei ma i ghohei da itavi hiragheni. Mepa da tam tagotagogina yamna ma raunuwaꞌapoapoeyeai ma mavo hagui.”
MRK.9.23	Yesu tauna i riwei, “Menanaꞌarena ma u riwa, ‘Mepa da tam anina?’ Aiyaꞌi ravana evivi tumaghana, God aiwaꞌi anataputapuna ina kauwanapahiyei tauna aubaina!”
MRK.9.24	Maratagogi teverana amana i garara, “A vitumaghana. Wate aꞌu tumaghana i tapia aubaina ma mavohagui da ma vovai raꞌatai!”
MRK.9.25	Yesu i inana da patara yohora da i riyeriyehi auwarihi, aubaina aruwa-apoapoena i hegari ipa, “Tam aruwa tanighapota ma dede egha, Taꞌu a hegahegarim da tevera ma hopu tawanei ma egha meyanai ma ruina meyei.”
MRK.9.26	Ma aruwa-apoapoena i garara ma teverana ivo vaitatatavi ma i hopu tawanei. Ma tevera inanana me taubeu ma rava kampa hi ririwa, “Tauna i hiraghe!” 
MRK.9.27	Ma Yesu au urana ivo wa ma i sinahepai da i mahiri.
MRK.9.28	Muriyai Yesu ana Tauvotaghotagho maiteni hi rui au numa ma maranaina tauhi ava ma hi pari-dadanei hipa, “Aiwaꞌi aubaina tauꞌai egha tagotagogina da aruwa-apoapoena atavi hopuni?”
MRK.9.29	Tauna tauhi i riwehi, “Aruwa apoꞌapoeihi me we nanaꞌarehi yamna pariyei ava inavi hopuni”
MRK.9.30	Yesu ana Tauvotaghotagho maitehi dobuna hi netawanei ma Galiliyei hi nae. Yesu egha ita ghohei da rava hita haramanei da tauhi kampa, 
MRK.9.31	aubaina tauna ana Tauvotaghotagho ivivi haraharamanihi ipa, “Tauhi Rava Natuna hina amverenei rava ghehauhi au urahi ma tauhi hinavi hiragheni, wate maratom tonugha au murina inavo mahirime.”
MRK.9.32	Ma tauhi egha hita haramanei tauna aiwaꞌi i dededei ma tauhi raubayadana hi rovowei.
MRK.9.33	Yesu ma ana Tauvotaghotagho au Capernaum i gheꞌeta ma au numa hi rui ma tauna tauhi i rau-bayadehi, “Au etanaꞌi aiwaꞌi ovi awahe gahigahiyanei?”
MRK.9.34	Wate tauhi hi genuwana, aubaina au etanaꞌi, tauhi hivi awahe gahigahiyana da aiyaꞌi itavi bada. 
MRK.9.35	Tauna i tughura ma Apostle 12 i ghorehi awarina ma i riwehi ipa, “Aiyaꞌi e ghoheghohei da inavi bada tauna ina tereghaꞌirana meyei ma anatapuna inavi taunoyei.”
MRK.9.36	Tauna tevera i vaini ma au pouhi ivi mahirini ma i tarahaghavui. Ma tauhi i riwehi ipa, 
MRK.9.37	“Ma aiyaꞌi ravana taꞌu wavaꞌuwei teverana e rau-warowarorowei yamna taꞌu maiteu evivi anineu ma tauparitawaneu maiteni evivi aninei.”
MRK.9.38	John Yesu i riwei, “Tauviharaharamana, tauꞌai oroto tagogi a inanai tam wavamei aruwa-apoapoehi ivi hopunihi ma tauna egha turata yamna aubaina avi ghaei da egha ina kauwana meyei.”
MRK.9.39	Yesu i riwa, “Egha onavi ghaei, egha tagotagogina da matakiraha ina kauwei au wavaꞌu ma naꞌi au marana inaparivai apoꞌapoeniu 
MRK.9.40	Aiyaꞌi ravana egha ata ghavia yamna tauna turata. 
MRK.9.41	Taꞌu a ririwana kauwemi mepa da aiyaꞌi ravana waira i veremi aubaina tam aꞌu tauvotaghotagho, tauna ana maiha apo egha ina vineboai ma apo ina tuhaghai.”
MRK.9.42	Mepa da ayaꞌi ravana, we rowarowahi ina kauwei da ahi tumaghana awariꞌu ina peꞌu ma ghoha apoapoe i kauwei, God tauna ina kovogha guratei. Egha me ghaꞌima ghaeghaena rava au uwana e raghiraghihi ma au boga e tawatawanei. 
MRK.9.43+MRK.9.44	Mepa da uꞌram i kauwem da ghoha apoapoe u ghohai, ma bori da ma tawanei. I ahi da uꞌram tagogiava ma yawahana ahiꞌahina ma tuhaghai ma egha ita ahi da uꞌram ruwagha ahi ahihi ma manae au Gehena*, mepa eyagi araꞌaratana egha meyanai ita bohobohoyana.
MRK.9.45+MRK.9.46	Mepa da aem i kauwem da ghoha apoapoena u ghohai, ma bori da ma tawanei. I ahi da ana ae kukukum ma yawahana ahiꞌahina ma tuhaghai, egha me aem ruwagha ahi ahihi ma ma nae au Gehena*.
MRK.9.47	Ma mepa da matam ina kauwem da ghoha apoapoena u kauwei ma vaina tawanei, i ahi da matam tagogiava ma God ana au vibadana ma rui, egha me matam ruwagha ma ma nae au Gehena*. 
MRK.9.48	Naꞌi dobuna kwairoro maꞌemaꞌe nonowahi rava e anianihi ma egha hita hirahiraghe ma eyagi araꞌarata nonowana e araꞌarata.
MRK.9.49	Maꞌe boꞌaboꞌa au horana ona rau-hiraghe da God inavi aninemi, me purapura e araꞌara ghadari. Ma nanaꞌarena niha au puyo tereterenana God evivi aninei.
MRK.9.50	“Niha yamna purapura ahiꞌahina. Mepa da anavi nihaniha ina kwaha, apo me ma kauwananei da ina dagihame. Mepa da vibadana onavi ghaighaiyanei, yamna taumi me niha vivimayavaina eghana. Anatapumi ona viniha ma ona maꞌae.”
MRK.10.1	Yesu Capernaum i voterei ma i nae au Judiya ma Waira Jordan i damani da au tupo gheha au maramatanei. Patara maghamaghauhi hi nememei ma tauna ivi haraharamana, me marana ghaeghaena i kaukauweiya nanaꞌarena.
MRK.10.2	Pharisee ghehauhihi hi ghohei da tauna hita rau-dadani ma yamna aubaina hivi taravirevirei, “Raugagayo e maꞌamaꞌae bo eꞌegha da rava awana inavi aihabei?”
MRK.10.3	Yesu i pari-beyehi, “Moses ana Raugagayo aiwaꞌi i riwei?”
MRK.10.4	Tauhi hi riwei, “Moses ana raugagayo i riwa da oroto viaihaba pepana ina girumi da awana ina verei ma muriyai hinavi aihabei.”
MRK.10.5	Yesu tauhi i pari-beyehi, ipa “Moses raugagayona i terei aubaina taumi horami hi pota. 
MRK.10.6	Wate ona notai da au karena maranaina God rava i kauwehi, ‘Tauna i kauwehi da oroto ma wavine.
MRK.10.7	Ma yamna aubaina, oroto amana ma ayona inavo terehi ma awana maiteni hinavi tagogi 
MRK.10.8	ma wavine maiteni hina maꞌae,’
MRK.10.9	God ivi tagogiyeta, egha ayaꞌi inavi yamonei.”
MRK.10.10	Muriyai hi wanavira meyehi au numa ma weꞌi kauwana aubaina, Yesu ana tauvotaghotagho Yesu hi rau-bayadei. 
MRK.10.11	Yesu i pari-beyei ipa, “Mepa da oroto awana ivi aihabei ma wavine ghehauna i ravaghi, yamna awana wadubona ivi gobuꞌani.” 
MRK.10.12	Ma mepa da nanaꞌarena wavine awana ivi aihabei ma oroto ghehauna i ravaghi, yamna awana wadubona ivi gobuꞌani.
MRK.10.13	Rava ghehauhi rowarowa hi neiyai da Yesu itavi ahiahinihi ma ana Tauvotaghotagho ravahi hi pari-vivighaehi. 
MRK.10.14	Maranaina Yesu wei kauwana i inanai, i rau-amoghaighai ma ana Tauvotaghotagho i riwehi, “Rowarowa ona voterehi da hina nei awariꞌu, egha onavi ghaehi aubaina God ana vibadana yamna rava aubaihi me we rowarowahi nanaꞌarehi. 
MRK.10.15	A ririwana kauwemi, aiyaꞌi ravana God ana vibadana egha ina vaini, me tevera haburuna, tauna egha God ana au vibadana ina rui. 
MRK.10.16	Ma rowarowa i taravainihi au naona, urana au koyahi i terehi ma i raupari ma ivi ahiahinihi.”
MRK.10.17	Yesu ivo mahiri da i naenae, oroto i ruba awarina ma au naona i raudune ma i riwa ipa, “Tauviharaharamana vinuwavaivainana, aiwaꞌi ana kauwei da yawahana ahiꞌahina anavi buderiyei?”
MRK.10.18	Ma Yesu i pari-beyei ipa, “Aiwaꞌi aubaina, Taꞌu uvi kauwa vinuwavaivaineu? God tauna ava vinuwavaivainana. 
MRK.10.19	Tam God ana raugagayo u haramanei: ‘Egha mavi hiraghena, egha awam mavi gobuani, egha ma danene, egha mavi wavu moru, egha moruwei ma danane, Amam ma Ayom mavi virehi.’”
MRK.10.20	Ivi heghana meyei ipa, “Tauviharaharamana, haburuꞌuwei da marina, weꞌi raugagayohi a votaghotaghopahi.”
MRK.10.21	Yesu tauna i inanai ma ivi nuwavainei ma i riwei, “Kauwa tagogi ava egha uta kaukauwei. Ma nae me da am mahura anataputapuna ma gimarehi ma manena, rava viyamoyamonahi ma verehi, God, tam, au mara inavi maihem. Ma ma nememeꞌi da ma votaghotaghou.”
MRK.10.22	Ma maranaina oroto weꞌi i nonori, i nao hariri ma ana nuwaboyana i nae, aubaina tauna rava mahumahurana.
MRK.10.23	Yesu i inana viravira ma ana tauvotaghotagho i riwehi, “I piripiri guratana da rava mahumahurana we au dobuna, God ana au vibadana ina rui.”
MRK.10.24	Tauvotaghotagho, riwana hi buꞌuwei, maranai Yesu wenanaꞌarena i babani ma Yesu i riwana meyehi, “Natunatuꞌu, i piripiri guratana da mahura ravana God ana au vibadana ina rui.
MRK.10.25	Ma egha ita piripiri da ghamoghamo ghaeghaena wavana kamel, i ghoma au matana ina rui wate i piripiri da i piripiri kauwa da mahura ravana, ana yawahana God ina verei ma God tauna inavi badei.”
MRK.10.26	Tauvotaghotagho ahi nota i hamoꞌa ma tauhi ava inavi tarapiri ipa, “mepa da nanaꞌarena apo aiyaꞌi yawahana maemaenonowana ina vaini?”
MRK.10.27	Yesu inanahi ma i riwa, “Rava auwarihi wei kauwana i piripiri, Ma God awarina eꞌegha; God awarina aiwaꞌi anatapuna yamna anina ava.”
MRK.10.28	Peter, tauna i riwei, “Ma inanai, tauꞌai menanaꞌarena? Aꞌi purapura a voterehi ma tam avotaghotaghom.”
MRK.10.29	Yesu i pari-beyei, “A ririwana kauwemi, aiyaꞌi da ana numa, varevarehina, novunovuna, ayona, amana, natunatuna, ana debagau inavo terehi, taꞌu ma riwa ahiꞌahina aubaina, 
MRK.10.30	tauna ana maiha ina raꞌata vavahagha maraina tauna weka emaꞌamaꞌae. Tauna ana numa, varevarehina, novunovuna, ayoyona, natunatuna, ana debagau, anatapuhi hina magha. Rava maiteni hina rau-iviꞌapoapoeyehi; ma mara au murina yawahana maemae vavahaghana ina vaini. 
MRK.10.31	Wate maghamaghauhi hevi vinao, hinavi muri ma hevivi muri hinavi nao.”
MRK.10.32	Yesu ma ana tauvotaghotagho etenaꞌiyei hi ghaeghae au Jerusalem ma Yesu etanai i raveraveni ana tauvotaghotagho hivi nuwanaina aiwai aubaina da tauna eta i rave raveni, patara ghehauhi hivivi muri tagho maitehi hi rovo kauwa. Tauna, Aposel 12 i taravainariyehi ma aiwaꞌi kauwana ina tuputupuwa awarina, dededena ivi kareni. 
MRK.10.33	Ma tauna tauhi i riwehi, “Ona haramanei da tauta ta ghaeghae au Jerusalem, yamna Rava Natuna ina am verenei, pirisi ghaeghaehi ma raugagayo tauvi haraharamanahi auwarihi ma tauhi tauna ana hiraghe hinavi aninei ma eteni ravahi a warihi hina am verenei. 
MRK.10.34	Tauhi hinavi diboghi, hina hovai, hina kwapui ma hinavi hiragheni ma mara au vitonuina inavo mahirime.”
MRK.10.35	James ma John, Zebedi natunatuna, hi nei Yesu awarina ma hivi baghai, “Tauviharaharamana, a ghoheghohei da aiwaꞌi anavi vibaghaiya ma kauwei.”
MRK.10.36	Ma i riwehi, “Aiwaꞌi o ghoheghohei da aubaimi ana kauwei?”
MRK.10.37	Tauhi hi pari-beyana hipa, “Ma vianineꞌai da tauai tagogi au ahuohohim au mara, tam maitem ana tughura ma ghehauna au ahukehakehaum ina tughura am au boruma.”
MRK.10.38	Yesu i riwehi, ipa, “Taumi egha ota haramaneꞌi aiwaꞌi ovivi baghei, Taumi hini viyara keyakana a umeꞌumeiya apo moina ona uꞌmeꞌi? Ma babataito a bababataitoweiya apo moina ona babataitowei?”
MRK.10.39	Tauhi hi pari-beyana hipa, “Tauai apo ana ghohai”
MRK.10.39	Yesu i riwehi ipa, “Keyaka aꞌumeꞌuꞌmeiya ona uꞌmeꞌi ma babataito a bababataitoweiya ona babataitowei, 
MRK.10.40	ma au ahuohohiꞌu ma au ahukehakehaꞌu tughurana, ghutana taꞌu egha atavivi badei ma wei gabuhi yamna tauna ivo kaukauwei tauhi ayaivoi da hivo kaukauwa aubaihi.”
MRK.10.41	Maranaina Aposel 10, weꞌi dedena hi nonori, tauhi hi rau-amoghaighai James ma John auwarihi. 
MRK.10.42	Yesu tauhi ivi tagogiyana meyehi ma i riwehi, “Taumi aꞌu rava ona haramanei da eteni ravahi ahi babada hivi riwapana kauwa, yamna aubaina da rava au gabaurihi he rau-iviꞌapoꞌapoeyehi. 
MRK.10.43	Ma taumi awarimi apo egha nanaꞌarena. Aiyaꞌi ana ghohana da au poumi inavi bada, yamna inavi taunoya, 
MRK.10.44	ma tauna aiyaꞌi i ghoheghohei da ina teregheꞌetana meyei yamna inavi taunoya, anatapumi aubaimi. 
MRK.10.45	Tau Rava Natuna, egha ata nei da onavi taunoyei eꞌegha da tau ana vitaunoya ma au yawahana ana amverenei rava maghamaghauhi ahi yawahana gimara meyanana aubaina.”
MRK.10.46	Tauhi hi nei au Jericho. Ma marainana, Yesu ma ana tauvotaghotagho ma patara ghehauhi maitehi Jericho hi hopuhopu tawanei, Mataꞌapoapoe Bartimaeus Timaeus natuna, etanai au ririvana i tughutughura ma ivivi gigimana. 
MRK.10.47	Ma maranaina i nonori da Yesu Nasaretei i naenae, tauna i garara, “Yesu, David natuna, ma rau-nuwaꞌapoꞌapoyeꞌu.”
MRK.10.48	Patara hi pari-ghahiyei da ita genuwana ma eꞌegha da tauna i garara guraguratana, “David natuna, ma rau-nuwaꞌapoꞌapoyeꞌu.”
MRK.10.49	Yesu i tumahiri ma i riwehi, “Ona ghoreiyaꞌi”
MRK.10.49	Anina ma mataꞌapoapoe hi ghorei, “Mavi nuwa ahiahi ma ma vomahiri Tauna e ghoreghorem.”
MRK.10.50	Puru i tawananaiyei ma ivi hauhepa ma i nei Yesu awarina.
MRK.10.51	Yesu i rau-bayadei, “Aiwaꞌi ana ghohai aubaim?”
MRK.10.51	Mata apoapoe ipa, “Tauviharaharamana, a ghohei da ana inana.”
MRK.10.52	Ma Yesu i pari-beyei, “Ma nae, am vitumaghana, ivi yawahanim.” Ma maratagogi i inana ma ivo taghoi.
MRK.11.1	Tauhi Jerusalem hi tutugheregherei, au Bethphage ma Bethany, Olives oyana au gheregherena ma ana tauvotaghotagho ruwagha i aiparitawanehi,
MRK.11.2	Ma we nanaꞌarena i riwehi, “Ona nae meyagaina au naota awarina ma marainana au meyagaina ona ruirui, apo 
MRK.11.3	We kauwana ona ghohaghohai ma aiyaꞌi ina rau-bayademi da aiwaꞌai aubaina o ghohaghohai, yamna ona riwei, ‘Bada i ghoheghohei, mara tupona ava aubaina ma inapari tawanana meyeiyai.’”
MRK.11.4	Tauhi hi nae da 
MRK.11.5	Taumahiri, hi inanahi ma hipa, “Aiwaꞌi aubaina 
MRK.11.6	Yesu ponana hi pari-verehi ma tauhi hivi aninehi. 
MRK.11.7	Donki hi naiyei Yesu awarina ma gara au uputuwana hi hesi ma tauna i geru.
MRK.11.8	Rava maghamaghauhi gara au etanai hita uri ma ghehauhi ai ruguruguna hi yavahehi. 
MRK.11.9	Ma rava ghehauhi etanai hi raveni ma ghehauhi hivi muri ma hi garagarara:
MRK.11.9	“
MRK.11.10	Viꞌahiꞌahinana, e nenei da inavi bada me amata David; 
MRK.11.11	Yesu au Jerusalem i rui ma i ghae au temple, aiwaꞌi anatapuna i tuvirevirei ma madegha i kwahakwaha aubaina ana Aposel 12 maitehi hi nae au Bethany.
MRK.11.12	Mara tomgheha, tauhi au Bethany da hi ghaeghae au Jerusalem ma Yesu am i hiraghe. 
MRK.11.13	Au uwama ma kaiyaha ana ruguruguna i inanai, i nae da ita inanai, anaꞌanona bo eꞌegha. Kaiyahana ruguruguna ava aubaina ai uwauwa egha ahi mara. 
MRK.11.14	Ana tauvotaghotagho, hi rau-rautanighana ma kaiyahana i kuvari, “Egha meyanai aiyaꞌi anom ina ammeyei!”
MRK.11.15	Maranana au Jerusalem hi gheꞌeta ma Yesu au temple i rui ma tauvi gimagimara ivi yaghaghana hopunehi. Mane tausenisihi ma kiu taugimarehi ahi teiboro ma ahi anitughura ivi touvirahi,
MRK.11.16	ma ivi ghaꞌa da temple au orana egha aiyaꞌi inavi gimagimara. 
MRK.11.17	Viharaharamana ivi kareni ma i riwehi, “God riwana hi girumi da, aꞌu numa yamna pari numana aubaihi
MRK.11.17	ma taumi o ghohai da me taudanedanene ahi gabu.” 
MRK.11.18	Pirisi ghaeghaehi ma raugagayo tauvi haraharamanahi hi nonori mavi hiraghenana ogatarana hivi kareni, anona tauhi hi rovowei aubaina patara ghaeghaenana ana viharaharamana hi bahebahei.
MRK.11.19	Aubigai, Yesu ana tauvotaghotagho maitehi Jerusalem hi netawanei.
MRK.11.20	Hubahubanai tauhi hi naenaeme ma kaiyahana hi inanai da i poi. 
MRK.11.21	Peter Yesu ana dede i notai ma i riwei, “Ma inana! Kaiyahana u kuvakuvariya i hiraghe.”
MRK.11.22	Yesu i pari-beyehi, “God awarina onavi tumaghana. 
MRK.11.23	A ririwana kauwemi, aiyaꞌi da wei oyana ina riwei da inavo mahiri ma ina tawanana meyei au boga ma egha ina nuwahaburu ma aiwaꞌi i yatoyatoniya inavi tumaghanei apo i ririweiya ina tupuwa. 
MRK.11.24	Wei yamna aubaina a riwemi, maranana o rau-raupari ma aiwai ovivi baghei ma ovi tumaghana da o vaini ma aiwai ovivi baghei God ina veremi. 
MRK.11.25+MRK.11.26	Ma marainana o rau-raupari, maeturaturam ahi ghohaboa awarimi ona nota tawanei, yamnei amam au mara taumi ami ghohaboꞌa ina nota tawanei. Ma ina pa egha ona nota tawanei apo amami au mara egha ami ghohaboꞌa ina nota tawanei.”
MRK.11.27	Tauhi hi nememei au Jerusalem ma Yesu temple au horana i rui, piripirisi ghaeghaehi, raugagayo tauvi haraharamanahi ma babada ghehauhi hi nei Yesu awarina, 
MRK.11.28	ma hi rau-bayadei, “Aiwaꞌi riwapananei wei ghohahi e ghohaghohahi? Aiyaꞌi riwapanana i verem?”
MRK.11.29	Yesu i pari-beyehi, “Taꞌu raubayada tagogi ana raubayademi ma ina pa onapari beyeꞌu, yamna ana riwemi da aiwaꞌi riwapananei we ghohahi a ghohaghohai. 
MRK.11.30	Ona riweꞌu, John mepa ana riwapana i vaini da i bababataito: yamna Godei bo ravei?”
MRK.11.31	Tauhi hivi tarapiri vivira, “Aiwaꞌi tana yatoni? Ina pa tana riwa da Godei; apo ina pa, aiwaꞌi aubaina da John egha otavi tumaghanei? 
MRK.11.32	Ina pa tana riwa da ravei...” Tauhi rava hi rovowehi aubaina rava anataputapuhi hi ririwa da John anina peroveta.
MRK.11.33	Yamna aubaina tauhi Yesu hi pari-beyei hipa, “Tauai egha ata haramanei.” Yesu tauhi i riwehi, “Yamna aubaina da taꞌu egha ana riwemi, aiwaꞌi riwapananei we kauwahi a kaukauwehi.”
MRK.12.1	Anina ma Yesu awanaꞌinei auwarihi i dede, “Mara tagogi oroto grape vaovaona i vaghoi, i gari, grape anibuyona i gharai ma anivipaꞌipaꞌi numana ivo wai.” Anina ma rava ghehauhi auwarihi i am verenei da grape vaovaona hitavi bagibagi ma tauna i nae au dobugheha. 
MRK.12.2	Marainana grape tamana ana mara i gheꞌeta, ana taunoya i pari-tawanei da ana ruva vainana aubaina. 
MRK.12.3	Grape vaovana tauvi bagibagina ravahi, taniwaga ana taunoya hi vunuboꞌai ma kwakwavina hi pari-tawanana meyei. 
MRK.12.4	Taniwaga, taunoya ghehauna i pari-tawanei ma grape vaovaona tauvi bagibagina ravahi, koyana hi rau-mutumutui ma hivi tepahubai. 
MRK.12.5	Ma taunoya ghehauna i pari-tawanei ma tauna hivi hiragheni ma kauwana tagogina hi kauwei taunoya ghehauhi auwarihi, ghehauhi hi rau-mutunaiyehi ma ghehauhi hivi hiraghenihi. 
MRK.12.6	Rava tagogiava i maeterei yamna taniwaga natuohohina ma au damona taniwaga natuohohina ana nuwavainana, i pari-tawanei ma ipa, “natuꞌu, hinavi virei.” 
MRK.12.7	Ma grape vaovaona tauvi bagibagina ravahi, hi riwanameyehi hipa: weꞌi taniwaga natuna, ona neꞌi, tana vunui ma ana grape vaovaona tanavi taniwagei. 
MRK.12.8	Anina ma tauhi taniwaga natuna hi vunui ma hivi hiragheni ma tupuwana hi tawanana hopunei.
MRK.12.9	Yesu i rau-bayada, “Grape vaovaona taniwagana aiwaꞌi ghehauna ina ghohai?” Tauna ina nei da grape vaovaona tauvi bagibagihi inavi pupuhi ma grape vaovaohi rava ghehauhi ina verehi.
MRK.12.10	Taumi warihagha hi girugirumiya o hiyavi bo eꞌegha?
MRK.12.10	“Tau raunuma tuwatuwaꞌoroto hi paripari-viraiya muriyaꞌi
MRK.12.10	hi inana da tauna tuwatuwa kauwa.”
MRK.12.11	Weꞌi yamna Bada i ghohai; ma au matata inanana i ahi kauwa.
MRK.12.12	Jew babadahi hi ghohei da Yesu hita pani, anonana tauhi hi haramanei da wei awanaꞌina yamna tauhi e dededehi. Wate tauhi patara hi rovowehi aubaina hi voterei ma hi nae.
MRK.12.13	Parisis ma Herod ana rava, ghehauhi hi pari-tawanehi, da Yesu hita rau-dadani. 
MRK.12.14	Hi nei awarina ma hi riwei, “Tauviharaharamana, tauai a haramanei da tam egha uta morumoru, ma utavi bainaenae. Anonana tam egha rava uta rovorovowehi ma riwa kauwei God ana ghoha evivi haraharamanei. Ma riweꞌai da raugagayo e maꞌamaꞌae bo eꞌegha da Rome ahi guyau wavana 
MRK.12.15	Ma Yesu ahi moru i haramanei, aubaina i pari-beyei, ipa, “Aiwaꞌi aubaina o rau-raudadaniu? Roman manena ona neiyaꞌi da ana inanai.”
MRK.12.16	Mane tagogi hi neiyaꞌi Yesu awarina ma i rau-bayadehi, “Weꞌi ayaꞌi aruwana ma wavana?”
MRK.12.16	Ma hi pari-beyei, hipa, “
MRK.12.17	Yesu i riwehi, “Yamna aubaina, aiwaꞌi da 
MRK.12.18	Sadusi ghehauhi, hiragheyei vomahirina egha hitavi tumaghanei yamna aubaina hi nei Yesu awarina ma hi rau-bayadei. 
MRK.12.19	“Tauviharaharamana, Moses ana raugagayo wenanaꞌarena i girumi aubaita: mepada oroto ina hiraghe ma hiwapena egha itavi natuna, orotona ana teverana hiwapena ina ravaghi da rowarowa hinavi tupui da turana hirahiraghena aubaina.
MRK.12.20	Mara tagogi oroꞌoroto 7 (ayohi tagogi) ma hi maꞌamaꞌae. Tautuwagha i tavine da egha natunatuna ma i hiraghe. 
MRK.12.21	Ma viruwaina wavinena tagogina iravaghi. Wate nanaꞌarena egha hitavi natuna ma orotona i hiraghe. Kauwana tagogina turahi vitonuina awarina i tupuwa, 
MRK.12.22	maemae terenahi 7 wavinena tagogina hi ravaghi ma egha hitavi natuna ma hi hiraghe. Au damona wavinena i hiraghe. 
MRK.12.23	Maranaina vomahirime ana au mara metauna orotona apo awana?”
MRK.12.24	Yesu i pari-beyehi ipa, O nota boꞌa ghagha! Ma o haramanei aiwaꞌi aubaina? Anonana taumi God riwana ana riwapana egha ota haramanei. 
MRK.12.25	Maranaina hirahiraghehi, hiragheyei, hina vomahiri, yamna tauhi me aneya au mara ma egha hina tavine. 
MRK.12.26	Ma marina, hirahiraghehi ahi vomahirime, vitarapirina. Moses ana buka o hiyavi bo eꞌegha; eyagi i araꞌarahiyana awarina, kampa i girumi da, God, Moses i riwei, “Tau Abraham ana God, Isaac ana God ma Jacob ana God.
MRK.12.27	Yamna yawayawahanihi ahi God ma egha hirahiraghehi. Anina o nota boꞌa kauwa.”
MRK.12.28	Anina ma raugagayo tauvi haraharamanana tagogi, i neꞌi ma aiwaꞌi hivivi tarapiriyei i nonori ma i inanai da Yesu, Sadusi, i pari-beyana kauwehi. Yamna aubaina i nei Yesu awarina ma i rau-bayadei, “Metauna raugagayona i gheꞌeta guratana?”
MRK.12.29	Yesu i pari-beyei ipa, “Raugagayo ghaeghaena ma gheghe guratanana weꞌi: ‘Mai Israel ona rau-tanighana! Bada ata God yana tauna ava ata Bada. 
MRK.12.30	Nuwanuwami taputapunei, horami taputapunei, ami nota taputapunei ma ami riwapana taputapunei onavi nuwavainei.’
MRK.12.31	Raugagayo gheghe guratanana, viruwaina yamna weꞌi: ‘Rava ghehauhi mavi nuwavainei me tam evivi nuwavaina meyem nanaꞌarena. Weꞌi raugagayohi ruwaghahi i ghe vavahagha, egha me ghehauhi nanaꞌarena.’”
MRK.12.32	Raugagayo tauvi haraharamanana, Yesu i riwei, “U riwa kauwa, God tagogiava ma egha mepa ghehauna ita maꞌamaꞌae.”
MRK.12.33	Yamna aubaina God mavi nuwavainei, horam taputapunei, am nota taputapunei ma am riwapana taputapunei ma maeturam mavi nuwavainei me tam evivi nuwavaina meyem, nanaꞌarena. Wei raugagayohi ghe guratana egha me puyo apuꞌapunana bo puyo ghehauhi nanaꞌarena.
MRK.12.34	Yesu ravana, mayana i vaini da nuwahuyehuyei i pari-beyana aubaina da i riwei, “Wei raugagayohi i raꞌata guratana egha me puyo araꞌaratana bo puyo ghehauhi nanaꞌarena.” Wei au murina, egha ayaꞌi ghehauna, ita rau-tepatora da Yesu ita rau-bayadana meyei.
MRK.12.35	Yesu au temple ivivi haraharamana ma wenanaꞌarena i rau-bayada, “Aiwaꞌi aubaina, raugagayo tauvi haraharamanahi, he ririwa da Mesaiya yamna David, natuna? 
MRK.12.36	Aruwa Vivivireina David i rau-hepai da we nanaꞌarena i riwa:
MRK.12.36	‘Bada aꞌu Bada, i riweꞌi.
MRK.12.36	Weka, au ahuohohiu ma tughura,
MRK.12.36	da maranana am ghaviya,
MRK.12.36	aem au gabaurina ana terehi.’
MRK.12.37	“David taunei e ririwa da au Bada menanaꞌarena ma Mesaiya, David natuna?”
MRK.12.38	Yesu ana au viharaharamana, ipa, “Raugagayo tauvi haraharamanahi ona inana kauwehi. Tauhi hi ghohei da gara manamanaihi hina oteni ma hina bababaranae, boru au gabuhi ma au maketi rava anavi virahi, hina nenebeyehi. 
MRK.12.39	Pari au numana tauhi anitughura, vinevinena he vaivaini ma au toreha, gabu ahiahihi he vaivaini. 
MRK.12.40	Tauhi hiwahiwape he rau-kwayekwayehi ma he rau-iviꞌapoapoeyehi ma pari manamanainei au matamata hevivi morumoru. Tauhi ravahi nanaꞌarena ahi kovogha ina raꞌata guratana.”
MRK.12.41	Maranaina Yesu mane aniterenana au ririvana i tughutughura ma ivi neneghana ma rava hi puyopuyo. Rava mahumahurahi mane ghaeghaena ma maghamaghauhi hi tereterei. 
MRK.12.42	Anina ma hiwape dabudabuꞌarana, i nei ma ana puyo mane haburuna i terei. 
MRK.12.43	Yesu ana tauvotaghotagho i rau-ghoreghorehi ma i pari-verehi, “A ririwana kauwemi, Weꞌi hiwapena dabudabuꞌarana ana puyo i teretereꞌiya yana i raꞌata guratana egha me rava ghehauhi. 
MRK.12.44	Rava ghehauhi ahi mahura maemaeterenana hi puyowei ma wei wavinena dabudabuꞌarana, aiwaꞌi da awarina i maꞌamaꞌae, anatapunana i amverenei.”
MRK.13.1	Maranaina Yesu temple i hopuhopu tawanei ana tauvotaghotagho tagogi i riwai ipa, “Tauviharaharamana ma inanahi, ghaꞌimahi hi raꞌata ghagha ma numahi inanahi hi ahi ghagha!”
MRK.13.2	Yesu i pari-beyei, “Weꞌi numahi ahiahihi, e inainanahi hina dabarara pahi da egha metauna ana au gabu ina mae terei.”
MRK.13.3	Yesu Olives au oyana i tughutughura temple au baba ghehauna ma Peter, James, John ma Andrew hi nae da govagovaghanei hi rau-bayadei. 
MRK.13.4	“Ma riweꞌai, wei kauwahi meyanai hina tupuwa ma matakirahana aiwaꞌi”
MRK.13.5	Yesu i riwehi “Ona inana kauwa da egha aiyaꞌi ina morumi, 
MRK.13.6	Muriyai rava wavaꞌuwei hina nei. Ma hina riwemi da, yamna Keriso ma rava maghamaghauhi hinavi deghahi. 
MRK.13.7	Maranai ghaviya tuyeghana ma gugurana u nonori, egha ma rovorovo. Weꞌi kauwahi hina tupuwa, wate yamna egha damona. 
MRK.13.8	Dam hina vomahiri ma dam ghehauhi maitehi hinavi tonavivira ma guyaguyau hina vomahiri ma hinavi tonavivira. Yoyo ma gomara, dobu ghehauhi auwarihi hina tupuwa. Weꞌi kauwahi yamna me wavine ana viyara evivi kareni vinatuna au marana.”
MRK.13.9	Matami ina kaya ma ona inana kauwa! Rava hina panimi ma hina naiyemi rauhetara au gabuna. Ma pari au numana hina kwapumi ma babada da guyaguyau hina rau-hetahetaremi ma aubaiu onavi taudede. 
MRK.13.10	Wate muriyai da mara damona ina gheꞌeta, tuyegha ahiꞌahina, rava anatapuhi auwarihi hina rau-guguyei. 
MRK.13.11	Maranaina hina panim, rauhetara aubaina, aiwaꞌi ona yatoyatoniya aubaina egha onavi nuwaboya. Rauhetara au marana aiwaꞌi o yatoyatoniya anina ona yatoni, aubaina na riwana yamna egha tamei ma Aruwa vivivireinei. 
MRK.13.12	“Rava varehihi hinavi benabenamehi ma hinavi hiraghenhi, ama nanaꞌarena natuna auwarihi ina kauwehi. Ma rowarowa amamahi da ayoyohi hinavi ghaviyehi ma hinavi hiraghenihi. 
MRK.13.13	Rava anatapuhi hinavi ghaviyemi aubaiu. Ma aiyaꞌi da evivi patutu ghavata au damona ina yawahana.”
MRK.13.14	Yesu i riwa, “Apo inana vihini rovorovona au naomi, ona inanai, mepa egha uta ghoheghoheiyana, ina mahimahiri.”
MRK.13.15	Aiyaꞌi numa au tepana, e maꞌamaꞌae egha ina ghaꞌira numa au horana, purapura vainana aubaina. 
MRK.13.16	Nanaꞌarena aiyaꞌi da ana au vaovao evo vobagibagi egha ina naeme au numa, ana puru vainana aubaina. 
MRK.13.17	Waivine duwaduwamahi mavivi ghughuhi apo hinavi nuwa apoapoe kauwa 
MRK.13.18	God onavi baghai da weꞌi kauwahi egha ina tupuwa au marahuba. 
MRK.13.19	Ma nai au marana vinuwaꞌapoꞌapoe ma hini viyara ghaꞌeghaꞌena ina tupuwa. Marainana God dobu i kauwei ma i nei da marina egha nanaꞌarena ita tupuwa. Ma egha meyanai ina tupuwame. 
MRK.13.20	Bada mara i ravi tupoi da rava hina yawahana ma ita pa eꞌegha, apo egha aiyaꞌi ghehauna ita yawahana dadana. Bada ana rava vinevinehi aubaihi da mara ivi tupoi.”
MRK.13.21	“Nai au marana mepa aiyaꞌi da e ririwem, ‘Mesaiya weka’, bo ‘Ma inana, Mesaiya noꞌore!’ Egha mavi tumaghanei. 
MRK.13.22	Anona yamna Mesaiya ma peroveta morumoruhi he nenei. Tauhi apo matakiraha ma anibaha kauwahi hina kauwehi, rava ma God ana rava vinevinehi maitehi hitavi deghahi. 
MRK.13.23	Matami ina kaya ma ona inana kauwa! Aiwaꞌi anataputapuna a riwanapahiyemi.”
MRK.13.24	“Wate nai apoꞌapoena au murina,
MRK.13.24	‘madegha egha ina rarana
MRK.13.24	ma nawaravi ina gimtonei.
MRK.13.25	Au yada Kipora hina dabadabarara’
MRK.13.25	ma mara purapurahi ghaeghaehi ma viviriwapanahi hinavi guhuguhu.”
MRK.13.26	“Ma nai au marana, Rava Natuna hapauwei ana riwapanana ma ana boruborumana ona inanai ina neꞌi.
MRK.13.27	Ma tauna aneya inapari tawanehi da hina nae dobu au mutuna da au mutuna ma God rava i vinevinehi anatapuna hina taravainihi.”
MRK.13.28	Anina ma Yesu i riwa, “Kaiyaha ona inanai ma inavi haraharamanimi. Maranaina raghana e numonumo, ma haramanei da aiꞌuwaꞌuwa e tuturiyaꞌi. 
MRK.13.29	Nanaꞌarena, maranaina, weꞌi kauwahi u inanai da e tuputupuwa yamna ma haramanei da Rava Natuna e tuturatum. 
MRK.13.30	Taꞌu, anina a ririwemi, weꞌi kauwana ina tupuwa, muriyai da rava we au dobuna maemaehi hina hiraghe pahinihi. 
MRK.13.31	Mara ma dobu ina hamoꞌa wate taꞌu riwaꞌu egha meyanai ina hamoꞌa.”
MRK.13.32	Egha aiyaꞌi ita haramanei, Bada me au madeghana bo au marana ina nei, egha aneya au mara bo Natuna, anina, Amana tauna ava i haramanei. 
MRK.13.33	Onavi neneghana! Matami ina kaya! Egha ota haramanei mara aiwaꞌi nai marana ina gheꞌetai. 
MRK.13.34	Me oroto au dobugheha e naenae ma ana numa e nenetawanei ma tau-bagibagi vibadana i verehi da ana numa hita paꞌini ma metaeta taupainina i riwei, “Ma vipaꞌipaꞌi kauwa.” 
MRK.13.35	“Yamna aubaina onavi neneghana taniwaga ana nememei marana aiwai, egha ota haramanei, mepa da raviraviyai, au poniwana, maratomtom bo hubahubanai. 
MRK.13.36	Mepa da ina nememei, egha ma enoeno ma ina ravighorim. 
MRK.13.37	Aiwaꞌi a ririwemi tagogina rava anatapuhi a ririwehi.” Matami ina kaya! Onavi neneghana!
MRK.14.1	Madegha ruwagha i maꞌamaꞌae muriyai da Raghona amna ma Payawa dododo eghana torehana ana mara. Piripirisi ghaeghaehi ma raugagayo tauvi haraharamanahi etanai hi baibaihei da govagovaghanei ma Yesu hita vunui da hitavi hiragheni.]
MRK.14.2	Hipa, “Wei ghohana, egha toreha au marana, tana kauwei, apo rava hina voghahighahiyawa.”
MRK.14.3	Maranaina Yesu au Bethany Simon ana au numa, i maꞌamaꞌae. Simon au naona opina pagapagana, ana au numa i amꞌam ma wavine dadi ghabughabuna maihana ghaeghaena, dadi wavana 
MRK.14.4	Rava ghehauhi kampa hi maꞌamaꞌae, hi rau-amoghaighai ma hivi tarapiriyei, “Aiwaꞌi aubaina da niura ahiꞌahina ivi kayokayowei?” 
MRK.14.5	Ita gimarei da mane ghaeghaena ita vaini da rava vivinuwa apoapoehi ita verehi ma tauhi nanaꞌarena wavinena hi enieni.
MRK.14.6	Yesu i riwehi, “Ona voterei! Aiwaꞌi aubaina o enieni? Tauna kauwa ahiꞌahina i kauwei aubaiu. 
MRK.14.7	Rava vivinuwa apoapoehi maitehi ona maꞌamaꞌae ma ona vovo haguhi wate taꞌu egha maitemi tana maꞌamaꞌae. 
MRK.14.8	Tauna ana bagibagi i kauwei da, niura au opiꞌu i hiwaghi da tupuwaꞌu i ai vokaukauwei am ghurughuruva aubaina. 
MRK.14.9	A ririwana kauwemi, mepa aiyai da tuyeghaꞌu ahiꞌahina, e rau-guguyei, dobu anatapuna, weꞌi wavinena aiwaꞌi i kaukauweiya, maiteni hina dededei.”
MRK.14.10	Anina ma Judas Iscariot, Yesu ana Aposel tagogi, tauhi 12 au horahi i nae piripirisi ghaeghaehi auwarihi da Yesu itavi benabenamei. 
MRK.14.11	Marainana wei riwana hi nonori tauhi hivi nuwa ahiahi kauwa da hiparivai nuwaghani da, mane hina verei. Anina ma Judas, gavogavo i baibaihei da Yesu ita amverenei.
MRK.14.12	Payawa Dododo Eghana Amna vokaukauwana ana au mara, au naonei yamna, sipu ghaubona he vunuvunui Raghona amna aubaina. Yesu ana tauvotaghotagho hi rau-bayadei, “Mepa u ghohei da ana nae ma Raghona amna ana vokaukauwei aubaim?”
MRK.14.13	Anina ma ana tauvotaghotagho ruwagha, ivi tauririwahi ma i pari-tawanehi, “Ona nae au Jerusalem ma oroto tagogi waira nauna e avaꞌavaraiya ona inanai, tauna onavi muri taghoi, 
MRK.14.14	da metauna au numana e ruiruiyana, kampa ona rui ma numa taniwaga ona riwei, ‘Tauviharaharamana i riwa, me au hayana ana tauvotaghotagho maitehi Raghona amna ina ani?’ 
MRK.14.15	Tauna haya au aidamo, ghaeghaena ma vovononoghana inavi heghemi, kampa aubaita ona vokaukauwa.”
MRK.14.16	Tauvotaghotagho hi nae au Jerusalem ma Yesu aiwaꞌi i ririweiya nanaꞌarena hi tuhaghai ma Raghona amna hivo kaukauwei.
MRK.14.17	Aubigai Yesu ana tauvotaghotagho 12 maitehi hi nei. 
MRK.14.18	Maranaina hi amꞌam ma Yesu i riwehi “A ririwana kauwemi, apo au horami rava tagogi inavi benabenameu. Aiyai da maiteni a amam”
MRK.14.19	Anatapuhi hi rau-genuwanehi ma tagotagogei ava hi rau-raubayada viravira, “Taꞌu bo?”
MRK.14.20	Yesu i pari-beyehi, “Taumi 12 au horami tauna, aiyaꞌi da ana payawa taꞌu maiteu au aboma avivi gayo tagogi. 
MRK.14.21	Rava Natuna apo ina hiraghe hi girugirumiya nanaꞌarena. Ma aiyaꞌi da Rava Natuna ina amamverenei apo ana yawahana ina apoꞌapoe kauwa. I ahi da ravana havena da ayona ita ghuni!”
MRK.14.22	Maranaina hi amam ma Yesu payawa i vaini ma God ivi egwayauwei ma ivo tomui ma ana tauvotaghotagho i verehi ma i riwehi, “Ona vaini, weꞌi tupuwau.”
MRK.14.23	Muriyai keyaka i vaini, God ivi egwayauwei ma keyaka i verehi ma hi uma. 
MRK.14.24	I riwei “Weꞌi taraꞌu, i wanahiwaghi maghamaghauhi aubaihi, taraꞌuna God ana parivai nuwaghana vouna aubaina. 
MRK.14.25	A ririwana kauwemi, weꞌi wainina egha meyanai ana umameyei nai au marana da wain vouna ana umai, God ana au vibadana.”
MRK.14.26	Anina ma rauwa tagogi hi ravi ma hi nae au Oya Olives.
MRK.14.27	Yesu ana tauvotaghotagho i riwehi, “A ririwemi, anatapumi apo ona rovo ma ona rubatawaneu ma tau avau ana maꞌae, me warihagha i girugirumiya nanaꞌarena. God sipu taupainina, inavi hiragheni ma sipu hina rovo ma hinavi yamonehi.” 
MRK.14.28	Wate God inavo mahirime au murina, anavi nao, au Galili ma muriyai ona nei.
MRK.14.29	Peter i pari-beyei, “Mepa da ghehauhi hina netawanem ma tau egha meyanai ana netawanem.”
MRK.14.30	Yesu, Peter i riwei, “Taꞌu a ririwem, we au waguvaraina, muriyai da kamkam mara ruwagha ina tou, tam apo mara tonugha ma rau-boviyeu.”
MRK.14.31	Peter pona bagibaginei i pari-beyei, “Havena da hinavi hiragheniu, taꞌu egha meyanai ana rau-boviyem.” Ma tauvotaghotagho ghehauhi nanaꞌarena hi riwa.
MRK.14.32	Yesu ana tauvotahotagho maitehi hi nei da au 
MRK.14.33	Yesu, Peter, James ma John i taravainihi ma maiteni hi nae. Yesu nuwaboya horanina i nughunughuri. 
MRK.14.34	Yamna aubaina Yesu i riwehi, “Aꞌu nuwaboya i raꞌata guratana da evivi hiragheniu. Weka onavi paꞌipaꞌi ma onavi neneghana.” 
MRK.14.35	I veraunae haburuna ma aetutuna au dowa i tapegharowei ma i raupari, mepa da tagotagogina, yamna wei hinivi yarana marina ita veruvireu. 
MRK.14.36	Yesu i riwa, “Amaꞌu! Amaꞌu! Aiwaꞌi anatapuna awarim tagotagogina, awariu hini viyara keyakana ma vaina tawanei da taꞌu egha ana umai, wate egha tau aꞌu ghohana ma tam am ghohanei.”
MRK.14.37	Anina ma i wanavirai ma i inanai da ana tauvotaghotagho hi enoeno, yamna aubaina Peter i riwei, “Simon, o enoeno bo? Apo matami ita kaya mara haburuna bo eꞌegha?” 
MRK.14.38	“Onavi neneghana ma ona raupari da egha au rauweyara ona peꞌu. Aruwa i ghoheghohei ma tupuwa i tapia.”
MRK.14.39	I nae me ma i rauparime da parina au naona i iyatoyatoniya tagogina i yatona meyei. 
MRK.14.40	Tauna i nememei ma i inanahi da ana tauvotaghotagho yohora hi rau-raumatadudu: egha tagotagogina da matahi ita kaya. Ma tauhi hivi nuwanaina da, aiwaꞌi hita yatoni.
MRK.14.41	Mara vitonuina i nememei ma i riwame, “Taumi yohora o rau-matadudu ma ovivi yawahi bo? Raumatadudu anina. Ana mara i gheꞌetai, ona inana, Rava Natuna hi amverenei ghohaꞌapoapoe ravahi, ahi au vibadana. 
MRK.14.42	Ona vomahiri ma tana nae. Tauvi benabenameꞌu, ona inanai eneneꞌi.”
MRK.14.43	Yesu yohora i dedede ma Judas tauna tagogi, tauvotaghotagho 12, au horana i gheꞌeta. Rava maghamaghauhi, ahi apia dabaruma ma kwasikwasi hivo wahi ma tauna maitehi hi nei. Piripirisi ghaeghaehi, raugagayo tauvi haraharamanahi ma babada ghehauhi, wei ravahi hi hegarihi da hi nei. 
MRK.14.44	Tauvi benabenama ana matakiraha patara ivi heghehi, “Metauna orotona ana taratara haghavuiya ma navanavana ana yaghoyaghoniya tauna ona vodidini, ona pani ma ona taravaina naiyei.”
MRK.14.45	Maranaina Judas i gheꞌeta ma i nae Yesu awarina ma i riwei, “Tauviharaharamana” ma i tarahaghavui ma navanavana i yaghoni. 
MRK.14.46	Anina ma Yesu hivo didini ma hi pani. 
MRK.14.47	Wate Yesu ana tauvotaghotagho ghehauna kampa i mahimahiri, kwasikwasi i sina yavui ma pirisi ghaeghaena ana tau bagibagi tanighana i tara huvitawanei. 
MRK.14.48	Yesu i riwehi ipa, “Aiwaꞌi aubaina apia o vowahi ma oneꞌi vunuwaꞌu aubaina da, me tau aiwai apoapoena ata kaukauweya. 
MRK.14.49	Marana patapatana Temple au horana avi haraharamana ma egha ota paniu. Wate wei kauwahi i tupuwa da God riwana anina da ina hegha.”
MRK.14.50	Anina ma ana tauvotaghotagho anatapuhi tauna hi rovo ma hi ruba tawanei.
MRK.14.51	Oroto tagogi, gara tagogiava ma maihana ghaghaena, i vaini da ivi garei ma Yesu ivo taghotaghonaiyei ma maiteni hi ghoheꞌi da hita pani. 
MRK.14.52	Wate ana gara ava, hisina kaiweuni ma ana kovakovana i rovo ma i ruba.
MRK.14.53	Yesu hi taravaini da hi naiyei pirisi ghaeghae guratanana ana au numa. Piripirisi ghaeghaehi, babada ghehauhi ma raugagayo tauvi haraharamanahi kampa hivivi tagogiyehi. 
MRK.14.54	Peter au heiya ma muriyai ivo taghohi da rauhetara au gabuna, i rui, pirisi ghaeghae guratanana ana au numa, kampa i tughura ma rom tau painihi maitehi, au eyagi hivi viꞌirara. 
MRK.14.55	Piripirisi ghaeghaehi ma babada anatapuhi Yesu ana apoapoe hi baibaihei da hitavi hiragheni, wate egha aiwaꞌi hita tuhaghai. 
MRK.14.56	Rava maghamaghauhi Yesu hivi wavui wate ahi viwavu tapuneitapunei ava.
MRK.14.57	Rava ghehauhi hivo mahiri ma moruwei Yesu hivi wavui. 
MRK.14.58	“Tauꞌai a nonori ma i riwa da, ‘wei tempolna, rava nimahiyei hivo wavowaiya ana goruhi ma madegha tonugha au horana, ana vowameyei, egha aiyai ghehauna ina vowai.’” 
MRK.14.59	Marina ahi dede maitena tapuna da tapuna, aubaina, i piripiri da ana apoꞌapoe hita tuhaghai.
MRK.14.60	Pirisi ghaeghae guratanana ivo mahiri rava au naohi ma Yesu i rau-bayadei, “Rava he viviwavum ma am paribeyana aiwaꞌi bo eꞌegha?”
MRK.14.61	Wate Yesu i genuwana taitaina ma egha aiwaꞌi ita yatoni. Pirisi ghaeghae guratanana i rau-bayadana meyei, “Tam Keriso, God vivivireina Natuna bo?”
MRK.14.62	Yesu i pari-beyei, “Taꞌu. Ma apo ona inanai Rava Natuna, Vivirewapanana au ahuohohina ina tughutughura ma hapauwei au mara da ina nei.
MRK.14.63	Pirisi ghaeghae guratanana ana gara i hogiri ma i riwa, “Aiwai aubaina rava ghehauhi ahi dede ta ghoheghohehi, 
MRK.14.64	Ana vidibogha o nonori: ami nota aiwaꞌi?” A ghoheꞌi da hitavi hiragheni.
MRK.14.65	Ma ghehauhi, Yesu hi hovai, matana garei hi humai ma hi raviravi ma hi ririwei, “Ma riweai aiyaꞌi i ravim.” Ma taumahirighaghara hi vaini ma hi rau-navanavai.
MRK.14.66	Maranai Peter, au gabaꞌura, numa au naona ma pirisi gheghetehaharana ana tau-bagibagi wavinena i nei. 
MRK.14.67	Peter i inanai au eyagi ivi viꞌirara da i riwei ipa, “Tam, Yesu Nasaretei maiteni o naenae.”
MRK.14.68	Ma i rau-boviyei ipa, “Tau egha ata haramanei tam aiwaꞌi e dededei.” Ma nai gabuna i netawanei. Nai maranaina kamkam i tou. 
MRK.14.69	Tau-bagibagi wavinena i inana meyei ma rava kampa hivi mahiriyana i riwehi ipa, “Wei tauna turana tagogi.”
MRK.14.70	Wate Peter i rau-bovime ma i riwa da yamna egha riwa kauwa.
MRK.14.70	Hiveraumaꞌamaꞌae haburuna ma kampa rava hi mahimahiri, Peter hi riwei, “Anina riwa kauwa da tam turahi, aubaina tam Galiliyei.” 
MRK.14.71	Ma Peter i pari-beyehi ipa “A ririwana kauwemi, tau egha ata haramanei, ina pa amorumoru yamna God ina kovoghiu.” 
MRK.14.72	Anina ma kamkam mara viruwaina i tou ma Peter Yesu ana riwa i notai, “Muriyai da kamkam viruwaina ina tou, tam apo mara tonugha ma rau-boviyeu.” Ma tauna i rau-gararei ma i tou.
MRK.15.1	Au maratomtom, piripirisi ghaeghaehi, babada ghehauhi, raugagayo tauvi haraharamanahi ma mai Jew ahi raugagayo babadahi anatapuhi hivi boru da Yesu me hita ghoanei. Tauhi hivi anina ma hi pani da hi amverenei Pilate awarina.
MRK.15.2	Pilate Yesu i rau-bayadei, “Tam anina, mai Jew ahi guyau bo?” Yesu i pari-beyei, “Anina, u riwa nanaꞌarena.” 
MRK.15.3	Piripirisi ghaeghaehi Yesu ghoha maghamagha aubaina, hivi wavui. 
MRK.15.4	Pilate i rau-bayadana meyei, “ma inanai! Ghoha maghamagha aubaina hevivi wavum ma tam egha aiwaꞌi uta paripari-beyehi?” 
MRK.15.5	Yesu egha aiwai itapari beyei ma yamna aubaina Pilate i bahei.
MRK.15.6	Mai Jew ahi vaivai da Raghona torehana au marana yamna, panipani tagogi, hevi viꞌinaghaniya ma hevivi bagheiya Pilate inavo tawanei. 
MRK.15.7	Oroto wavana Barabas yana au panipani ma tauna gabemani ahi au vighahighahiyawa, ivi hiraghena. 
MRK.15.8	Patara hi nae da Pilate hivi baghai da Raghona torehana, ma tauna maemae warihaghana ma apo ahi nuwahegoya ita kauwei. 
MRK.15.9+MRK.15.10	Pilate yana i haramanei da piripirisi, Yesu hi unuꞌunurei ma aubaina ma hi amverenei tauna awarina. Ma yamna aubaina da rava i rau-bayadehi, “O ghoheghohei da mai Jew ahi guyau ana votawanei bo?” 
MRK.15.11	Wate piripirisi ghaeghaehi patara hivi medihi da Pilate hivi baghai da Barabas ita votawanei ma egha Yesu.
MRK.15.12	Pilate patara i rau-bayadehi, “Ma tauna o ghoreghoreiya, mai Jew ahi guyau, aiwaꞌi o ghoheghohei da ana ghohai awarina?” 
MRK.15.13	Hi garara ma hipa, “Ma tuparatui.” 
MRK.15.14	Ma Pilate tauhi i rau-bayadehi, “Aiwaꞌi aubaina? Aiwaꞌi apoapoena i ghohai?” Ma tauhi hi garara guraguratana, “Ma tuparatui!” 
MRK.15.15	Ma Pilat i ghohei da patara itavi nuwahubahi, yamna aubaina da Barabas ivo tawanei. Ma i riwa da Yesu hi kwapui ma i am verenei da hita tuparatui.
MRK.15.16	Ghavighaviyahi Yesu hi taravainanaiyei Pilate ana au numa (wavana 
MRK.15.17	Ma gara vikabekaberona
MRK.15.18	Ma we nanaꞌarena hivivi diboghi, “Ona inanai mai Jew ahi guyau!” 
MRK.15.19	Kwapuweꞌi koyana hivi rau-rauwei, hi hovahovai, aetutuhi hi tapegharowei ma hivo hepahepa morumoruwei. 
MRK.15.20	Maranaina hivi dibogha vorovei, gara vikabekaberona hivo tawanei ma ana gara ohohina hivi otena meyei ma tuparatuna aubaina, hi taravainanaiyei.
MRK.15.21	Simon tauna Sairiniyei (Alexander ma Rufus amahi) dobu ghehauwei inenei ma au etanai hi tuhaghai. Mai Rome ahi tauvi ghaviya, hi hegaradubadubari da Yesu ana korosi ita avarai. 
MRK.15.22	Yesu hi taravainanaiyei au Golgota. (Golgota anona yamna unu gabuna) 
MRK.15.23	Kampa wine, bunama 
MRK.15.24	Ma kampa Yesu hi tuparatui ma ana gara hivi kasiyei
MRK.15.25	Madegha i tugheꞌetai me 9 koroki ma Yesu hi tuparatui. 
MRK.15.26	Ahi Viwavu riwana, we nanaꞌarena, hi girumi, “Mai Jew ahi Guyau.” 
MRK.15.27+MRK.15.28	Tau danedanene ruwagha maitehi hi tuparatuhi, tagogi au ahuohohinei ma ghehauna au ahukehakehanei
MRK.15.29	Rava ghehauhi hi veverauvirei ma hivi unukwadikwadi ma hi paripari-vaiapoapoeni, hipa, “Ha! Da! Tam u riwa da numa taparoro uta goruhi ma madegha tonugha au horana uta vowameyei 
MRK.15.30	mavi yawahana meyem ma ma hopui!”
MRK.15.31	Piripirisi ahi babada ma raugagayo tauvi haraharamanahi we nanaꞌarena tauna hivivi diboghi, “Rava ghehauhi ivi yawahanihi ma egha tagotagogina da tauna inavi yawahana meyei. 
MRK.15.32	Korosiyei ita hopui da tata inanai ma tata vitumaghanei da tauna God ana vinevine, mai Israel ahi guyau.” Tauhi ruwagha Yesu maiteni hi tupatuparatuiya maitehi hivi diboghi.
MRK.15.33	Ahubena au kayakayana ma dobuna ghaeghaenana i ravigimtonai ma nanaꞌarena i maꞌae da au hegoya, me 3 koroki nanaꞌarena. 
MRK.15.34	Au hegoya ma Yesu ponana ghaeghaenei i garara, “
MRK.15.35	Taumahiri, hi nonora boꞌai ma hipa “Tauna Elijah e ghoreghorei.” 
MRK.15.36	Oroto tagogi i ruba da ani rauogha i vaini ma wain
MRK.15.37	Yesu, ponana ghaeghaenei i garara ma i hiraghe. 
MRK.15.38	Gara numa taparoro au horana gabu au viyouyou ateꞌatena ani rughagharana, i wanatevai au tepana da au gabaurina da i rau-ruwaghei. 
MRK.15.39	Tauvi ghaviya ahi bada ghehauna korosi au naona i mahimahiri i inanai da Yesu me i hiraghenei ma ipa, “Riwa kauwa, weꞌi orotona anina God natuna.” 
MRK.15.40	Waivine ghehauhi au ririva hi mahiri ma hivi neneghana. Ma kampa taumahiri au horahi yamna Mary Magdalene, Mary James haburuna ma Joses
MRK.15.41	We waivinehi yana au Galili Yesu hivo votaghonaiyei ma hivo vohagui. Waivine ghehauhi, au Jerusalem Yesu hivo votaghonaiyei, yamna maitehi kampa.
MRK.15.42	Paraide yana mai Jew ahi vokaukauwa marana, (au ibigabiga)
MRK.15.43	yamna aubaina Joseph tauna Arimatheayei ma boru badana ghehauna, wate tauna God ana vibadana ivi paipaiyei. Tauna tepatorei i nae ma Pilate ivi baghai Yesu tupuwana ita vaini aubaina. 
MRK.15.44	Pilate Yesu hiraghena riwana i nonori ma egha itavi tumaghanei. Yamna aubaina da tauvi ghaviya badana, i ghorei ma i rau-bayadei da Yesu i hiraghe bo eꞌegha. 
MRK.15.45	Maranaina Pilate, Yesu hiraghena riwa kauwana i nonori, yana Joseph ivi aninei da Yesu tupuwana ita vaini. 
MRK.15.46	Anina ma Joseph gara araꞌarapoirina vouna i gimarai, Yesu tupuwana ivo tawanei, i humai ma au kokowaga me guba, kira au horana i gharagharaiyana kampa hivi enoi. Ma ghaꞌima ghaeghaena hivi toutouviranaiyei da metaeta hi rau-tomeni. 
MRK.15.47	Mary Magdalene ma Joses ayona Mary hi inanai mepa Yesu hivi enoi.
MRK.16.1	Maranaina Sabate i kwaha au murina, Mary Magdalene ma James ayona Mary ma Salome dadi ghabughabuna hi gimarai da Yesu, tupuwana hitavi niuri.
MRK.16.2	Sunday maratomtom boiboghi hivo mahiri ma hi nae au kokowaga.
MRK.16.3	Hi naenae ma hivi tarapiri da aiyaꞌi ghaꞌima inavi tovitovira riyei. 
MRK.16.4	Wate maranaina hita inana nae yana ghaꞌima boiboghi hivi tovitovira riyei. 
MRK.16.5	Maranaina hi rui au kokowaga, oroto tagogi gara araꞌarapoirina i oteni ma tauhi au ahu ohohihiyei hi inanai i tughutughura ma tauhi hi ghohorihi. 
MRK.16.6	Ma i riwa “Egha ona rovo! Taumi Yesu Nasaretiyei hi tupatuparatuiya o baibaihei bo? Tauna egha weka, i yawahana da ivo mahirime. Ona inana! Wei au gabuna hivi enoi.”
MRK.16.7	Wate ona nae ana tauvotaghotagho ona riwehi ma Peter maiteni onapari verei. Tauna i ainae au Galili. Kampa ona inanai me i ririwa nanaꞌarena.
MRK.16.8	Anina ma, ana rovohi ma ana nuwa ragharaghahi hi rubame. Tauhi hi rovo kauwa da egha aiyaꞌi ghehauna hitavi heghei.
MRK.16.9	Maranaina Yesu au Sunday hubahubanai boiboghi, hiragheyei ivo mahirime Mary Magdalene awarina i hegha. Tauna aunaonei aruwa-apoapoehi seven auwarina ivi hopunihi. 
MRK.16.10	Anina ma Mary Magdalene i naeme da Yesu ana tauvotaghotagho hivivi nuwaboya ma hi toutou i riwehi. 
MRK.16.11	Ma maranaina ana tauvotaghotagho tuyeghana hi nonori da tauna i yawahaname ma Mary Magdalene tauna i inanai, wate tauhi egha hitavi tumaghanei.
MRK.16.12	Muriyai Yesu [inanana tapuna ma] i hegha ana tauvotaghotagho ruwagha auwarihi, maranaina tauhi hi naenae au meyagai gheha. 
MRK.16.13	Tauhi, hi wanavirahi da ahi rava ghehauhi hi pari-verehi ma egha hitavi tumaghanehi.
MRK.16.14	Muriyai, Apostle eleven, hi amꞌam ma Yesu auwarihi i hegha. Tauhi koyahi i bagibagi kauwa da ahi rava Yesu hi inanai da ivo mahirime ma egha hitavi tumaghanehi. Yamna aubaina da Yesu tauhi i enihi. 
MRK.16.15	Tauna, we nanaꞌarena i riwehi, “Ona nae meyagai au anatapuna ma rava anatapuhi auwarihi tuyegha ahiꞌahina ona rau-guguyei. 
MRK.16.16	Aiyaꞌi da evivi tumaghana ma i babataito yamna ina yawahana ma aiyaꞌi da egha itavivi tumaghana apo God inaparivai apoapoeni. 
MRK.16.17	Ma tau vitumaghana apo wavaꞌuwei, wei matakirahahi hina ghohahi. Aruwa-apoapoehi rava au horahi hinavi hopunihi ma pona ghehei hina dede. 
MRK.16.18	Mota hina vaini ma waꞌiyawa hina umai, egha apoapoe hina tuhaghai.”
MRK.16.19	Maranaina Yesu ana Apostle auwarihi i dede vorove, God i taravaini da i ghaiyei au mara da gabu au vinevinena i tughura. 
MRK.16.20	Anina ma tauvotaghotagho hi nae meyagai ma dobu au anatapuna ma rava auwarihi riwa ahiꞌahina hi rau-guguyei. Bada ana riwapanei hi noya, aubaina da tauhi matakiraha hi ghohahi da rava hi inanai da anina kauwa anona.
