GEN.1.1	Yn y dechreuad creodd Duw y nefoedd a'r ddaear. 
GEN.1.2	Yr oedd y ddaear yn afluniaidd a gwag, ac yr oedd tywyllwch ar wyneb y dyfnder, ac ysbryd Duw
GEN.1.3	A dywedodd Duw, “Bydded goleuni.” A bu goleuni. 
GEN.1.4	Gwelodd Duw fod y goleuni yn dda; a gwahanodd Duw y goleuni oddi wrth y tywyllwch. 
GEN.1.5	Galwodd Duw y goleuni yn ddydd a'r tywyllwch yn nos. A bu hwyr a bu bore, y dydd cyntaf.
GEN.1.6	Yna dywedodd Duw, “Bydded ffurfafen yng nghanol y dyfroedd yn gwahanu dyfroedd oddi wrth ddyfroedd.” 
GEN.1.7	A gwnaeth Duw y ffurfafen, a gwahanodd y dyfroedd odani oddi wrth y dyfroedd uwchlaw iddi. A bu felly. 
GEN.1.8	Galwodd Duw y ffurfafen yn nefoedd. A bu hwyr a bu bore, yr ail ddydd.
GEN.1.9	Yna dywedodd Duw, “Casgler ynghyd y dyfroedd dan y nefoedd i un lle, ac ymddangosed tir sych.” A bu felly. 
GEN.1.10	Galwodd Duw y tir sych yn ddaear, a chronfa'r dyfroedd yn foroedd. A gwelodd Duw fod hyn yn dda. 
GEN.1.11	Dywedodd Duw, “Dyged y ddaear dyfiant, llysiau yn dwyn had, a choed ir ar y ddaear yn dwyn ffrwyth â had ynddo, yn ôl eu rhywogaeth.” A bu felly. 
GEN.1.12	Dygodd y ddaear dyfiant, llysiau yn dwyn had yn ôl eu rhywogaeth, a choed yn dwyn ffrwyth â had ynddo, yn ôl eu rhywogaeth. A gwelodd Duw fod hyn yn dda. 
GEN.1.13	A bu hwyr a bu bore, y trydydd dydd.
GEN.1.14	Yna dywedodd Duw, “Bydded goleuadau yn ffurfafen y nefoedd i wahanu'r dydd oddi wrth y nos, ac i fod yn arwyddion i'r tymhorau, a hefyd i'r dyddiau a'r blynyddoedd. 
GEN.1.15	Bydded iddynt fod yn oleuadau yn ffurfafen y nefoedd i oleuo ar y ddaear.” A bu felly. 
GEN.1.16	Gwnaeth Duw y ddau olau mawr, y golau mwyaf i reoli'r dydd, a'r golau lleiaf y nos; a gwnaeth y sêr hefyd. 
GEN.1.17	A gosododd Duw hwy yn ffurfafen y nefoedd i oleuo ar y ddaear, 
GEN.1.18	i reoli'r dydd a'r nos ac i wahanu'r goleuni oddi wrth y tywyllwch. A gwelodd Duw fod hyn yn dda. 
GEN.1.19	A bu hwyr a bu bore, y pedwerydd dydd.
GEN.1.20	Yna dywedodd Duw, “Heigied y dyfroedd o greaduriaid byw, ac uwchlaw'r ddaear eheded adar ar draws ffurfafen y nefoedd.” 
GEN.1.21	A chreodd Duw y morfilod mawr, a'r holl greaduriaid byw sy'n heigio yn y dyfroedd yn ôl eu rhywogaeth, a phob aderyn asgellog yn ôl ei rywogaeth. A gwelodd Duw fod hyn yn dda. 
GEN.1.22	Bendithiodd Duw hwy a dweud, “Byddwch ffrwythlon ac amlhewch a llanwch ddyfroedd y moroedd, a lluosoged yr adar ar y ddaear.” 
GEN.1.23	A bu hwyr a bu bore, y pumed dydd.
GEN.1.24	Yna dywedodd Duw, “Dyged y ddaear greaduriaid byw yn ôl eu rhywogaeth: anifeiliaid, ymlusgiaid a bwystfilod gwyllt yn ôl eu rhywogaeth.” A bu felly. 
GEN.1.25	Gwnaeth Duw y bwystfilod gwyllt yn ôl eu rhywogaeth, a'r anifeiliaid yn ôl eu rhywogaeth, a holl ymlusgiaid y tir yn ôl eu rhywogaeth. A gwelodd Duw fod hyn yn dda.
GEN.1.26	Dywedodd Duw, “Gwnawn ddyn ar ein delw, yn ôl ein llun ni, i lywodraethu ar bysgod y môr, ar adar yr awyr, ar yr anifeiliaid gwyllt, ar yr holl ddaear, ac ar bopeth sy'n ymlusgo ar y ddaear.” 
GEN.1.27	Felly creodd Duw ddyn ar ei ddelw ei hun; ar ddelw Duw y creodd ef; yn wryw ac yn fenyw y creodd hwy. 
GEN.1.28	Bendithiodd Duw hwy a dweud, “Byddwch ffrwythlon ac amlhewch, llanwch y ddaear a darostyngwch hi; llywodraethwch ar bysgod y môr, ar adar yr awyr, ac ar bopeth byw sy'n ymlusgo ar y ddaear.”
GEN.1.29	A dywedodd Duw, “Yr wyf yn rhoi i chwi bob llysieuyn sy'n dwyn had ar wyneb y ddaear, a phob coeden â had yn ei ffrwyth; byddant yn fwyd i chwi. 
GEN.1.30	Ac i bob bwystfil gwyllt, i holl adar yr awyr, ac i bopeth sy'n ymlusgo ar y ddaear, popeth ag anadl einioes ynddo, bydd pob llysieuyn glas yn fwyd.” A bu felly. 
GEN.1.31	Gwelodd Duw y cwbl a wnaeth, ac yr oedd yn dda iawn. A bu hwyr a bu bore, y chweched dydd.
GEN.2.1	Felly gorffennwyd y nefoedd a'r ddaear a'u holl luoedd. 
GEN.2.2	Ac erbyn y seithfed dydd yr oedd Duw wedi gorffen y gwaith a wnaeth, a gorffwysodd ar y seithfed dydd oddi wrth ei holl waith. 
GEN.2.3	Am hynny bendithiodd Duw y seithfed dydd a'i sancteiddio, am mai ar hwnnw y gorffwysodd Duw oddi wrth ei holl waith yn creu.
GEN.2.4	Dyma hanes cenhedlu'r nefoedd a'r ddaear pan grewyd hwy.
GEN.2.4	Yn y dydd y gwnaeth yr 
GEN.2.5	nid oedd un o blanhigion y maes wedi dod ar y tir, nac un o lysiau'r maes wedi blaguro, am nad oedd yr 
GEN.2.6	ond yr oedd tarth yn esgyn o'r ddaear ac yn dyfrhau holl wyneb y tir. 
GEN.2.7	Yna lluniodd yr 
GEN.2.8	A phlannodd yr 
GEN.2.9	A gwnaeth yr 
GEN.2.10	Yr oedd afon yn llifo allan o Eden i ddyfrhau'r ardd, ac oddi yno yr oedd yn ymrannu'n bedair. 
GEN.2.11	Enw'r afon gyntaf yw Pison; hon sy'n amgylchu holl wlad Hafila, lle y ceir aur; 
GEN.2.12	y mae aur y wlad honno'n dda, ac yno ceir bdeliwm a'r maen onyx. 
GEN.2.13	Enw'r ail yw Gihon; hon sy'n amgylchu holl wlad Ethiopia. 
GEN.2.14	Ac enw'r drydedd yw Tigris; hon sy'n llifo o'r tu dwyrain i Asyria. A'r bedwaredd afon yw Ewffrates.
GEN.2.15	Cymerodd yr 
GEN.2.16	Rhoddodd yr 
GEN.2.17	ond ni chei fwyta o bren gwybodaeth da a drwg, oherwydd y dydd y bwytei ohono ef, byddi'n sicr o farw.”
GEN.2.18	Dywedodd yr 
GEN.2.19	Felly fe luniodd yr 
GEN.2.20	Rhoes y dyn enw ar yr holl anifeiliaid, ar adar yr awyr, ac ar yr holl fwystfilod gwyllt; ond ni chafodd ymgeledd cymwys iddo'i hun. 
GEN.2.21	Yna parodd yr 
GEN.2.22	ac o'r asen a gymerodd gwnaeth yr 
GEN.2.23	A dywedodd y dyn,
GEN.2.23	“Dyma hi!
GEN.2.23	Asgwrn o'm hesgyrn, a chnawd o'm cnawd.
GEN.2.23	Gelwir hi yn wraig,
GEN.2.23	am mai o ŵr
GEN.2.24	Dyna pam y bydd dyn yn gadael ei dad a'i fam, ac yn glynu wrth ei wraig, a byddant yn un cnawd. 
GEN.2.25	Yr oedd y dyn a'i wraig ill dau yn noeth, ac nid oedd arnynt gywilydd.
GEN.3.1	Yr oedd y sarff yn fwy cyfrwys na'r holl fwystfilod gwyllt a wnaed gan yr 
GEN.3.2	Dywedodd y wraig wrth y sarff, “Cawn fwyta o ffrwyth coed yr ardd, 
GEN.3.3	ond am ffrwyth y goeden sydd yng nghanol yr ardd dywedodd Duw, ‘Peidiwch â bwyta ohono, na chyffwrdd ag ef, rhag ichwi farw.’ ” 
GEN.3.4	Ond dywedodd y sarff wrth y wraig, “Na! ni fyddwch farw; 
GEN.3.5	ond fe ŵyr Duw yr agorir eich llygaid y dydd y bwytewch ohono, a byddwch fel Duw
GEN.3.6	A phan ddeallodd y wraig fod y pren yn dda i fwyta ohono, a'i fod yn deg i'r golwg ac yn bren i'w ddymuno i beri doethineb, cymerodd o'i ffrwyth a'i fwyta, a'i roi hefyd i'w gŵr oedd gyda hi, a bwytaodd yntau. 
GEN.3.7	Yna agorwyd eu llygaid hwy ill dau i wybod eu bod yn noeth, a gwnïasant ddail ffigysbren i wneud ffedogau iddynt eu hunain.
GEN.3.8	A chlywsant sŵn yr 
GEN.3.9	Ond galwodd yr 
GEN.3.10	Atebodd yntau, “Clywais dy sŵn yn yr ardd, ac ofnais oherwydd fy mod yn noeth, ac ymguddiais.” 
GEN.3.11	Dywedodd yntau, “Pwy a ddywedodd wrthyt dy fod yn noeth? A wyt ti wedi bwyta o'r pren y gorchmynnais iti beidio â bwyta ohono?” 
GEN.3.12	A dywedodd y dyn, “Y wraig a roddaist i fod gyda mi a roes i mi o ffrwyth y pren, a bwyteais innau.” 
GEN.3.13	Yna dywedodd yr 
GEN.3.14	Yna dywedodd yr 
GEN.3.14	“Am iti wneud hyn, yr wyt yn fwy melltigedig
GEN.3.14	na'r holl anifeiliaid,
GEN.3.14	ac na'r holl fwystfilod gwyllt;
GEN.3.14	byddi'n ymlusgo ar dy dor,
GEN.3.14	ac yn bwyta llwch holl ddyddiau dy fywyd.
GEN.3.15	Gosodaf elyniaeth hefyd rhyngot ti a'r wraig,
GEN.3.15	a rhwng dy had di a'i had hithau;
GEN.3.15	bydd ef yn ysigo dy ben di,
GEN.3.15	a thithau'n ysigo'i sawdl ef.”
GEN.3.16	Dywedodd wrth y wraig:
GEN.3.16	“Byddaf yn amlhau yn ddirfawr dy boen a'th wewyr;
GEN.3.16	mewn poen y byddi'n geni plant.
GEN.3.16	Eto bydd dy ddyhead am dy ŵr,
GEN.3.16	a bydd ef yn llywodraethu arnat.”
GEN.3.17	Dywedodd wrth Adda:
GEN.3.17	“Am iti wrando ar lais dy wraig,
GEN.3.17	a bwyta o'r pren y gorchmynnais i ti beidio â bwyta ohono,
GEN.3.17	melltigedig yw'r ddaear o'th achos;
GEN.3.17	trwy lafur y bwytei ohoni holl ddyddiau dy fywyd.
GEN.3.18	Bydd yn rhoi iti ddrain ac ysgall, a byddi'n bwyta llysiau gwyllt.
GEN.3.19	Trwy chwys dy wyneb y byddi'n bwyta bara
GEN.3.19	hyd oni ddychweli i'r pridd,
GEN.3.19	oherwydd ohono y'th gymerwyd;
GEN.3.19	llwch wyt ti, ac i'r llwch y dychweli.”
GEN.3.20	Rhoddodd y dyn i'w wraig yr enw Efa, am mai hi oedd mam pob un byw. 
GEN.3.21	A gwnaeth yr 
GEN.3.22	Yna dywedodd yr 
GEN.3.23	Am hynny anfonodd yr 
GEN.3.24	Gyrrodd y dyn allan; a gosododd gerwbiaid i'r dwyrain o ardd Eden, a chleddyf fflamllyd yn chwyrlïo, i warchod y ffordd at bren y bywyd.
GEN.4.1	Cafodd Adda gyfathrach â'i wraig Efa, a beichiogodd ac esgor ar Cain, a dywedodd, “Dygais
GEN.4.2	Esgorodd wedyn ar ei frawd Abel. Bugail defaid oedd Abel, a Cain yn trin y tir. 
GEN.4.3	Ymhen amser daeth Cain ag offrwm o gynnyrch y tir i'r 
GEN.4.4	a daeth Abel yntau â blaenffrwyth ei ddefaid, sef eu braster. 
GEN.4.5	Edrychodd yr 
GEN.4.6	Ac meddai'r 
GEN.4.7	Os gwnei yn dda, oni fyddi'n gymeradwy? Ac oni wnei yn dda, y mae pechod yn llercian wrth y drws; y mae ei wanc amdanat, ond rhaid i ti ei drechu.” 
GEN.4.8	A dywedodd Cain wrth Abel ei frawd, “Gad inni fynd i'r maes.”
GEN.4.9	Yna dywedodd yr 
GEN.4.10	A dywedodd Duw, “Beth wyt wedi ei wneud? Y mae llef gwaed dy frawd yn gweiddi arnaf o'r pridd. 
GEN.4.11	Yn awr, melltigedig fyddi gan y pridd a agorodd ei safn i dderbyn gwaed dy frawd o'th law. 
GEN.4.12	Pan fyddi'n trin y pridd, ni fydd mwyach yn rhoi ei ffrwyth iti; ffoadur a chrwydryn fyddi ar y ddaear.” 
GEN.4.13	Yna meddai Cain wrth yr 
GEN.4.14	Dyma ti heddiw yn fy ngyrru ymaith o'r tir, ac fe'm cuddir o'th ŵydd; ffoadur a chrwydryn fyddaf ar y ddaear, a bydd pwy bynnag a ddaw ar fy nhraws yn fy lladd.” 
GEN.4.15	Dywedodd yr 
GEN.4.16	Yna aeth Cain ymaith o ŵydd yr 
GEN.4.17	Cafodd Cain gyfathrach â'i wraig, a beichiogodd ac esgor ar Enoch; ac adeiladodd ddinas, a'i galw ar ôl ei fab, Enoch. 
GEN.4.18	Ac i Enoch ganwyd Irad; Irad oedd tad Mehwiael, Mehwiael oedd tad Methwsael, a Methwsael oedd tad Lamech. 
GEN.4.19	Cymerodd Lamech ddwy wraig; Ada oedd enw'r gyntaf, a Sila oedd enw'r ail. 
GEN.4.20	Esgorodd Ada ar Jabal; ef oedd tad pob preswylydd pabell a pherchen anifail. 
GEN.4.21	Enw ei frawd oedd Jwbal; ef oedd tad pob canwr telyn a phib. 
GEN.4.22	Esgorodd Sila, y wraig arall, ar Twbal-Cain, cyfarwyddwr pob un sy'n gwneud cywreinwaith pres a haearn. Naama oedd chwaer Twbal-Cain.
GEN.4.23	A dywedodd Lamech wrth ei wragedd:
GEN.4.23	“Ada a Sila, clywch fy llais;
GEN.4.23	chwi wragedd Lamech, gwrandewch fy lleferydd;
GEN.4.23	lleddais ŵr am fy archolli, a llanc am fy nghleisio.
GEN.4.24	Os dielir am Cain seithwaith,
GEN.4.24	yna Lamech saith ddengwaith a seithwaith.”
GEN.4.25	Cafodd Adda gyfathrach â'i wraig eto, ac esgorodd ar fab, a'i alw'n Seth, a dweud, “Darparodd
GEN.4.26	I Seth hefyd fe anwyd mab, a galwodd ef yn Enos. Yr amser hwnnw y dechreuwyd galw ar enw yr 
GEN.5.1	Dyma lyfr cenedlaethau Adda
GEN.5.2	Fe'u creodd yn wryw ac yn fenyw, a bendithiodd hwy; ac ar ddydd eu creu fe'u galwodd yn ddyn. 
GEN.5.3	Bu Adda fyw am gant tri deg o flynyddoedd cyn geni mab iddo, ar ei lun a'i ddelw; a galwodd ef yn Seth. 
GEN.5.4	Wedi geni Seth, bu Adda fyw am wyth gan mlynedd, a bu iddo feibion a merched eraill. 
GEN.5.5	Felly yr oedd oes gyfan Adda yn naw cant tri deg o flynyddoedd; yna bu farw.
GEN.5.6	Bu Seth fyw am gant a phump o flynyddoedd cyn geni iddo Enos. 
GEN.5.7	Ac wedi geni Enos, bu Seth fyw am wyth gant a saith o flynyddoedd, a bu iddo feibion a merched eraill. 
GEN.5.8	Felly yr oedd oes gyfan Seth yn naw cant a deuddeg o flynyddoedd; yna bu farw.
GEN.5.9	Bu Enos fyw am naw deg o flynyddoedd cyn geni iddo Cenan. 
GEN.5.10	Ac wedi geni Cenan, bu Enos fyw am wyth gant a phymtheg o flynyddoedd, a bu iddo feibion a merched eraill. 
GEN.5.11	Felly yr oedd oes gyfan Enos yn naw cant a phump o flynyddoedd; yna bu farw.
GEN.5.12	Bu Cenan fyw am saith deg o flynyddoedd cyn geni iddo Mahalalel. 
GEN.5.13	Ac wedi geni Mahalalel, bu Cenan fyw am wyth gant pedwar deg o flynyddoedd, a bu iddo feibion a merched eraill. 
GEN.5.14	Felly yr oedd oes gyfan Cenan yn naw cant a deg o flynyddoedd; yna bu farw.
GEN.5.15	Bu Mahalalel fyw am chwe deg a phump o flynyddoedd cyn geni iddo Jered. 
GEN.5.16	Ac wedi geni Jered, bu Mahalalel fyw am wyth gant tri deg o flynyddoedd, a bu iddo feibion a merched eraill. 
GEN.5.17	Felly yr oedd oes gyfan Mahalalel yn wyth gant naw deg a phump o flynyddoedd; yna bu farw.
GEN.5.18	Bu Jered fyw am gant chwe deg a dwy o flynyddoedd cyn geni iddo Enoch. 
GEN.5.19	Ac wedi geni Enoch, bu Jered fyw am wyth gan mlynedd, a bu iddo feibion a merched eraill. 
GEN.5.20	Felly yr oedd oes gyfan Jered yn naw cant chwe deg a dwy o flynyddoedd; yna bu farw.
GEN.5.21	Bu Enoch fyw am chwe deg a phump o flynyddoedd cyn geni iddo Methwsela. 
GEN.5.22	Wedi geni Methwsela, rhodiodd Enoch gyda Duw am dri chan mlynedd, a bu iddo feibion a merched eraill. 
GEN.5.23	Felly yr oedd oes gyfan Enoch yn dri chant chwe deg a phump o flynyddoedd. 
GEN.5.24	Rhodiodd Enoch gyda Duw, ac yna nid oedd mwyach, oherwydd cymerodd Duw ef.
GEN.5.25	Bu Methwsela fyw am gant wyth deg a saith o flynyddoedd cyn geni iddo Lamech. 
GEN.5.26	Ac wedi geni Lamech, bu Methwsela fyw am saith gant wyth deg a dwy o flynyddoedd, a bu iddo feibion a merched eraill. 
GEN.5.27	Felly yr oedd oes gyfan Methwsela yn naw cant chwe deg a naw o flynyddoedd; yna bu farw.
GEN.5.28	Bu Lamech fyw am gant wyth deg a dwy o flynyddoedd cyn geni iddo fab; 
GEN.5.29	a galwodd ef yn Noa, a dweud, “Fe ddaw hwn â chysur i ni o waith a llafur ein dwylo yn y pridd a felltithiodd yr 
GEN.5.30	Ac wedi geni Noa, bu Lamech fyw am bum cant naw deg a phump o flynyddoedd, a bu iddo feibion a merched eraill. 
GEN.5.31	Felly yr oedd oes gyfan Lamech yn saith gant saith deg a saith o flynyddoedd; yna bu farw. 
GEN.5.32	Bu Noa fyw am bum can mlynedd cyn geni iddo Sem, Cham a Jaffeth.
GEN.6.1	Dechreuodd y bobl amlhau ar wyneb y ddaear, a ganwyd merched iddynt; 
GEN.6.2	yna gwelodd meibion Duw fod y merched yn hardd, a chymerasant wragedd o'u plith yn ôl eu dewis. 
GEN.6.3	A dywedodd yr 
GEN.6.4	Y Neffilim oedd ar y ddaear yr amser hwnnw, ac wedi hynny hefyd, pan oedd meibion Duw yn cyfathrachu â'r merched, a hwythau'n geni plant iddynt. Dyma'r cedyrn gynt, gwŷr enwog.
GEN.6.5	Pan welodd yr 
GEN.6.6	bu edifar gan yr 
GEN.6.7	Yna dywedodd yr 
GEN.6.8	Ond cafodd Noa ffafr yng ngolwg yr 
GEN.6.9	Dyma genedlaethau Noa. Gŵr cyfiawn oedd Noa, perffaith yn ei oes; a rhodiodd Noa gyda Duw. 
GEN.6.10	Yr oedd Noa'n dad i dri o feibion: Sem, Cham a Jaffeth.
GEN.6.11	Aeth y ddaear yn llygredig gerbron Duw, ac yn llawn trais. 
GEN.6.12	A gwelodd Duw fod y ddaear yn llygredig, am fod bywyd pob peth byw ar y ddaear wedi ei lygru. 
GEN.6.13	Yna dywedodd Duw wrth Noa, “Yr wyf wedi penderfynu difodi pob cnawd, oherwydd llanwyd y ddaear â thrais ganddynt; yr wyf am eu difetha o'r ddaear. 
GEN.6.14	Gwna i ti arch o bren goffer; gwna gelloedd ynddi a rho drwch o byg arni, oddi mewn ac oddi allan. 
GEN.6.15	Dyma'i chynllun: hyd yr arch, tri chan cufydd; ei lled, hanner can cufydd; ei huchder, deg cufydd ar hugain. 
GEN.6.16	Gwna do hefyd i'r arch, a gorffen ei grib gufydd yn uwch; gosod ddrws yr arch yn ei hochr, a gwna hi'n dri llawr, yr isaf, y canol a'r uchaf. 
GEN.6.17	Edrych, yr wyf ar fin dwyn dyfroedd y dilyw ar y ddaear, i ddifetha pob cnawd dan y nef ag anadl einioes ynddo; bydd popeth ar y ddaear yn trengi. 
GEN.6.18	Ond sefydlaf fy nghyfamod â thi; fe ei di i'r arch, ti a'th feibion a'th wraig, a gwragedd dy feibion gyda thi. 
GEN.6.19	Yr wyt i fynd â dau o bob math o'r holl greaduriaid byw i mewn i'r arch i'w cadw'n fyw gyda thi, sef gwryw a benyw. 
GEN.6.20	Daw atat ddau o bob math o'r adar yn ôl eu rhywogaeth, o'r anifeiliaid yn ôl eu rhywogaeth, ac o holl ymlusgiaid y tir yn ôl eu rhywogaeth, i'w cadw'n fyw. 
GEN.6.21	Cymer hefyd o bob bwyd sy'n cael ei fwyta, a chasgla ef ynghyd; bydd yn ymborth i ti ac iddynt hwythau.” 
GEN.6.22	Felly y gwnaeth Noa; gwnaeth bopeth fel y gorchmynnodd Duw iddo.
GEN.7.1	Yna dywedodd yr 
GEN.7.2	Cymer gyda thi saith bâr o'r holl anifeiliaid glân, y gwryw a'i gymar; a phâr o'r anifeiliaid nad ydynt lân, y gwryw a'i gymar; 
GEN.7.3	a phob yn saith bâr hefyd o adar yr awyr, y gwryw a'r fenyw, i gadw eu hil yn fyw ar wyneb yr holl ddaear. 
GEN.7.4	Oherwydd ymhen saith diwrnod paraf iddi lawio ar y ddaear am ddeugain diwrnod a deugain nos, a byddaf yn dileu oddi ar wyneb y ddaear bopeth byw a wneuthum.” 
GEN.7.5	Gwnaeth Noa bopeth fel y gorchmynnodd yr 
GEN.7.6	Chwe chant oed oedd Noa pan ddaeth dyfroedd y dilyw ar y ddaear.
GEN.7.7	Aeth Noa i mewn i'r arch, a'i feibion a'i wraig a gwragedd ei feibion gydag ef, rhag dyfroedd y dilyw. 
GEN.7.8	Cymerodd o'r anifeiliaid glân a'r anifeiliaid nad oeddent lân, o'r adar a phopeth oedd yn ymlusgo ar y tir, 
GEN.7.9	a daethant i mewn ato i'r arch bob yn ddau, yn wryw a benyw, fel y gorchmynnodd Duw i Noa. 
GEN.7.10	Ymhen saith diwrnod daeth dyfroedd y dilyw ar y ddaear.
GEN.7.11	Yn y chwe chanfed flwyddyn o oes Noa, yn yr ail fis, ar yr ail ddydd ar bymtheg o'r mis, y diwrnod hwnnw rhwygwyd holl ffynhonnau'r dyfnder mawr ac agorwyd ffenestri'r nefoedd, 
GEN.7.12	fel y bu'n glawio ar y ddaear am ddeugain diwrnod a deugain nos. 
GEN.7.13	Y diwrnod hwnnw aeth Noa a'i feibion Sem, Cham a Jaffeth, gwraig Noa a thair gwraig ei feibion hefyd gyda hwy i mewn i'r arch, 
GEN.7.14	hwy a phob bwystfil yn ôl ei rywogaeth, a phob anifail yn ôl ei rywogaeth, a phob peth sy'n ymlusgo ar y ddaear yn ôl ei rywogaeth, a'r holl adar yn ôl eu rhywogaeth, pob aderyn asgellog. 
GEN.7.15	Daethant at Noa i'r arch bob yn ddau, o bob creadur ag anadl einioes ynddo. 
GEN.7.16	Yr oeddent yn dod yn wryw ac yn fenyw o bob creadur, ac aethant i mewn fel y gorchmynnodd Duw iddo; a chaeodd yr 
GEN.7.17	Am ddeugain diwrnod y bu'r dilyw yn dod ar y ddaear; amlhaodd y dyfroedd, gan gludo'r arch a'i chodi oddi ar y ddaear. 
GEN.7.18	Cryfhaodd y dyfroedd ac amlhau'n ddirfawr ar y ddaear, a moriodd yr arch ar wyneb y dyfroedd. 
GEN.7.19	Cryfhaodd y dyfroedd gymaint ar y ddaear nes gorchuddio'r holl fynyddoedd uchel ym mhob man dan y nefoedd; 
GEN.7.20	cododd y dyfroedd dros y mynyddoedd a'u gorchuddio dan ddyfnder o bymtheg cufydd. 
GEN.7.21	Trengodd pob cnawd oedd yn symud ar y ddaear, yn adar, anifeiliaid, bwystfilod, popeth oedd yn heigio ar y ddaear, a phobl hefyd; 
GEN.7.22	bu farw popeth ar y tir sych oedd ag anadl einioes yn ei ffroenau. 
GEN.7.23	Dilewyd popeth byw oedd ar wyneb y tir, yn ddyn ac anifail, yn ymlusgiaid ac adar yr awyr; fe'u dilewyd o'r ddaear. Noa yn unig a adawyd, a'r rhai oedd gydag ef yn yr arch. 
GEN.7.24	Parhaodd y dyfroedd ar y ddaear am gant a hanner o ddyddiau.
GEN.8.1	Cofiodd Duw am Noa a'r holl fwystfilod a'r holl anifeiliaid oedd gydag ef yn yr arch. Parodd Duw i wynt chwythu dros y ddaear, a gostyngodd y dyfroedd; 
GEN.8.2	caewyd ffynhonnau'r dyfnder a ffenestri'r nefoedd, ac ataliwyd y glaw o'r nef. 
GEN.8.3	Ciliodd y dyfroedd yn raddol oddi ar y ddaear, ac wedi cant a hanner o ddyddiau aeth y dyfroedd ar drai. 
GEN.8.4	Yn y seithfed mis, ar yr ail ddydd ar bymtheg o'r mis, glaniodd yr arch ar fynyddoedd Ararat. 
GEN.8.5	Ciliodd y dyfroedd yn raddol hyd y degfed mis; ac yn y degfed mis, ar y dydd cyntaf o'r mis, daeth pennau'r mynyddoedd i'r golwg.
GEN.8.6	Ymhen deugain diwrnod agorodd Noa y ffenestr yr oedd wedi ei gwneud yn yr arch, 
GEN.8.7	ac anfon allan gigfran i weld a oedd y dyfroedd wedi treio
GEN.8.8	Yna gollyngodd golomen i weld a oedd y dyfroedd wedi treio oddi ar wyneb y tir; 
GEN.8.9	ond ni chafodd y golomen le i roi ei throed i lawr, a dychwelodd ato i'r arch am fod dŵr dros wyneb yr holl ddaear. Estynnodd yntau ei law i'w derbyn, a'i chymryd ato i'r arch. 
GEN.8.10	Arhosodd eto saith diwrnod, ac anfonodd y golomen eilwaith o'r arch. 
GEN.8.11	Pan ddychwelodd y golomen ato gyda'r hwyr, yr oedd yn ei phig ddeilen olewydd newydd ei thynnu; a deallodd Noa fod y dyfroedd wedi treio oddi ar y ddaear. 
GEN.8.12	Arhosodd eto saith diwrnod; anfonodd allan y golomen, ond ni ddaeth yn ôl ato y tro hwn.
GEN.8.13	Yn y flwyddyn chwe chant ac un o oed Noa, yn y mis cyntaf, ar y dydd cyntaf o'r mis, sychodd y dyfroedd oddi ar y ddaear; a symudodd Noa gaead yr arch, a phan edrychodd allan, gwelodd wyneb y tir yn sychu. 
GEN.8.14	Erbyn yr ail fis, ar y seithfed dydd ar hugain o'r mis, yr oedd y ddaear wedi sychu. 
GEN.8.15	Yna llefarodd Duw wrth Noa, a dweud, 
GEN.8.16	“Dos allan o'r arch, ti a'th wraig a'th feibion a gwragedd dy feibion gyda thi; 
GEN.8.17	a dwg allan gyda thi bob creadur byw o bob cnawd, yn adar ac anifeiliaid a phopeth sy'n ymlusgo ar y ddaear, er mwyn iddynt epilio ar y ddaear, a ffrwytho ac amlhau ynddi.” 
GEN.8.18	Felly aeth Noa allan gyda'i feibion a'i wraig a gwragedd ei feibion; 
GEN.8.19	hefyd aeth allan o'r arch bob bwystfil, pob ymlusgiad, pob aderyn a phob peth sy'n ymlusgo ar y ddaear, yn ôl eu rhywogaeth.
GEN.8.20	Yna adeiladodd Noa allor i'r 
GEN.8.21	A phan glywodd yr 
GEN.8.22	“Tra pery'r ddaear,
GEN.8.22	ni pheidia pryd hau a medi, oerni a gwres,
GEN.8.22	haf a gaeaf, dydd a nos.”
GEN.9.1	Bendithiodd Duw Noa a'i feibion a dweud, “Byddwch ffrwythlon, amlhewch a llanwch y ddaear. 
GEN.9.2	Bydd eich ofn a'ch arswyd ar yr holl fwystfilod gwyllt, ar holl adar yr awyr, ar holl ymlusgiaid y tir ac ar holl bysgod y môr; gosodwyd hwy dan eich awdurdod. 
GEN.9.3	Bydd popeth byw sy'n symud yn fwyd i chwi; fel y rhoddais eisoes lysiau gleision i chwi, rhoddaf i chwi bopeth. 
GEN.9.4	Ond peidiwch â bwyta cig â'i einioes, sef ei waed, ynddo. 
GEN.9.5	Yn wir, mynnaf iawn am waed eich einioes; mynnaf ef gan bob bwystfil a chan bobl; ie, mynnaf iawn am fywyd y sawl a leddir gan arall.
GEN.9.6	“A dywallto waed dyn, trwy ddyn y tywelltir ei waed yntau;
GEN.9.6	oherwydd gwnaeth Duw ddyn ar ei ddelw ei hun.
GEN.9.7	Chwithau, byddwch ffrwythlon ac amlhewch,
GEN.9.7	epiliwch ar y ddaear ac amlhewch ynddi.”
GEN.9.8	Llefarodd Duw wrth Noa a'i feibion, a dweud, 
GEN.9.9	“Dyma fi'n sefydlu fy nghyfamod â chwi ac â'ch had ar eich ôl, 
GEN.9.10	ac â phob creadur byw gyda chwi, yn adar ac anifeiliaid, a'r holl fwystfilod gwyllt sydd gyda chwi, y cwbl a ddaeth allan o'r arch
GEN.9.11	Sefydlaf fy nghyfamod â chwi, rhag torri ymaith eto bob cnawd trwy ddyfroedd dilyw, na bod dilyw arall i ddifa'r ddaear.” 
GEN.9.12	A dywedodd Duw, “Dyma a osodaf yn arwydd o'r cyfamod yr wyf yn ei wneud â chwi ac â phopeth byw gyda chwi tros oesoedd di-rif: 
GEN.9.13	gosodaf fy mwa yn y cwmwl, a bydd yn arwydd cyfamod rhyngof a'r ddaear. 
GEN.9.14	Pan godaf gwmwl ar y ddaear bydd bwa yn ymddangos yn y cwmwl, 
GEN.9.15	a chofiaf fy nghyfamod rhyngof a chwi a phob creadur byw o bob math, ac ni ddaw'r dyfroedd eto yn ddilyw i ddifa pob cnawd. 
GEN.9.16	Pan fydd y bwa yn y cwmwl, byddaf yn edrych arno ac yn cofio'r cyfamod tragwyddol rhwng Duw a phob creadur byw o bob math ar y ddaear.” 
GEN.9.17	Dywedodd Duw wrth Noa, “Dyma arwydd y cyfamod yr wyf wedi ei sefydlu rhyngof a phob cnawd ar y ddaear.”
GEN.9.18	Sem, Cham a Jaffeth oedd meibion Noa a ddaeth allan o'r arch. Cham oedd tad Canaan. 
GEN.9.19	Dyma dri mab Noa, ac ohonynt y poblogwyd yr holl ddaear.
GEN.9.20	Dechreuodd Noa fod yn amaethwr. Plannodd winllan, 
GEN.9.21	ac yna yfodd o'r gwin nes meddwi, a gorwedd yn noeth yn ei babell. 
GEN.9.22	Gwelodd Cham, tad Canaan, ei dad yn noeth, a dywedodd wrth ei ddau frawd y tu allan; 
GEN.9.23	ond cymerodd Sem a Jaffeth fantell a'i gosod ar eu hysgwyddau, a cherdded yn wysg eu cefnau a gorchuddio noethni eu tad, gan droi eu hwynebau i ffwrdd rhag gweld noethni eu tad. 
GEN.9.24	Pan ddeffrôdd Noa o'i win, a gwybod beth yr oedd ei fab ieuengaf wedi ei wneud iddo, 
GEN.9.25	dywedodd,
GEN.9.25	“Melltigedig fyddo Canaan;
GEN.9.25	gwas i weision ei frodyr fydd.”
GEN.9.26	Dywedodd hefyd,
GEN.9.26	“Bendigedig gan yr 
GEN.9.26	bydded Canaan yn was iddo.
GEN.9.27	Helaethed Duw Jaffeth, iddo breswylio ym mhebyll Sem;
GEN.9.27	bydded Canaan yn was iddo.”
GEN.9.28	Bu Noa fyw wedi'r dilyw am dri chant a hanner o flynyddoedd. 
GEN.9.29	Felly yr oedd oes gyfan Noa yn naw cant a hanner o flynyddoedd; yna bu farw.
GEN.10.1	Dyma genedlaethau meibion Noa, sef Sem, Cham a Jaffeth. Ganwyd iddynt feibion wedi'r dilyw. 
GEN.10.2	Meibion Jaffeth oedd Gomer, Magog, Madai, Jafan, Tubal, Mesech, a Tiras. 
GEN.10.3	Meibion Gomer: Ascenas, Riffath, a Togarma. 
GEN.10.4	Meibion Jafan: Elisa, Tarsis, Cittim, a Dodanim; 
GEN.10.5	o'r rhain yr ymrannodd pobl yr ynysoedd. Dyna feibion Jaffeth
GEN.10.6	Meibion Cham oedd Cus, Misraim, Put, a Canaan. 
GEN.10.7	Meibion Cus: Seba, Hafila, Sabta, Raama, a Sabteca. Meibion Raama: Seba a Dedan. 
GEN.10.8	Cus oedd tad Nimrod; hwn oedd y cyntaf o gedyrn y ddaear. 
GEN.10.9	Yr oedd yn heliwr cryf gerbron yr 
GEN.10.10	Dechreuodd ei frenhiniaeth gyda Babel, Erech, Accad a Calne yng ngwlad Sinar. 
GEN.10.11	Aeth allan o'r wlad honno i Asyria ac adeiladu Ninefe, Rehoboth-ir, Cala, 
GEN.10.12	a Resen, dinas fawr rhwng Ninefe a Cala. 
GEN.10.13	Yr oedd Misraim yn dad i Ludim, Anamim, Lehabim, Nafftwhim, 
GEN.10.14	Pathrusim, Casluhim a Cafftorim, y daeth y Philistiaid ohonynt.
GEN.10.15	Canaan oedd tad Sidon, ei gyntafanedig, a Heth; 
GEN.10.16	hefyd y Jebusiaid, Amoriaid, Girgasiaid, 
GEN.10.17	Hefiaid, Arciaid, Siniaid, 
GEN.10.18	Arfadiaid, Semariaid, a Hamathiaid. Wedi hynny gwasgarwyd teuluoedd y Canaaneaid, 
GEN.10.19	ac estyn eu ffin o Sidon i gyfeiriad Gerar, hyd Gasa; ac i gyfeiriad Sodom, Gomorra, Adma, a Seboim, hyd Lesa. 
GEN.10.20	Dyna feibion Cham, yn ôl eu llwythau a'u hieithoedd, ynghyd â'u gwledydd a'u cenhedloedd.
GEN.10.21	I Sem hefyd, tad holl feibion Heber, brawd hynaf Jaffeth, ganwyd plant. 
GEN.10.22	Meibion Sem oedd Elam, Assur, Arffaxad, Lud, ac Aram. 
GEN.10.23	Meibion Aram: Us, Hul, Gether, a Mas. 
GEN.10.24	Arffaxad oedd tad Sela, a Sela oedd tad Heber. 
GEN.10.25	I Heber ganwyd dau fab; enw un oedd Peleg, oherwydd yn ei ddyddiau ef rhannwyd
GEN.10.26	Joctan oedd tad Almodad, Saleff, Hasar-mafeth, Jera, 
GEN.10.27	Hadoram, Usal, Dicla, 
GEN.10.28	Obal, Abimael, Seba, 
GEN.10.29	Offir, Hafila, a Jobab; yr oeddent oll yn feibion Joctan. 
GEN.10.30	Yr oedd eu tir yn ymestyn o Mesa i gyfeiriad Seffar, i fynydd-dir y dwyrain. 
GEN.10.31	Dyna feibion Sem, yn ôl eu llwythau a'u hieithoedd, ynghyd â'u gwledydd a'u cenhedloedd.
GEN.10.32	Dyma lwythau meibion Noa, yn ôl eu hachau, yn eu cenhedloedd; ac o'r rhain yr ymrannodd y cenhedloedd dros y ddaear wedi'r dilyw.
GEN.11.1	Un iaith ac un ymadrodd oedd i'r holl fyd. 
GEN.11.2	Wrth ymdeithio yn y dwyrain, cafodd y bobl wastadedd yng ngwlad Sinar a thrigo yno. 
GEN.11.3	A dywedasant wrth ei gilydd, “Dewch, gwnawn briddfeini a'u crasu'n galed.” Priddfeini oedd ganddynt yn lle cerrig, a phyg yn lle calch. 
GEN.11.4	Yna dywedasant, “Dewch, adeiladwn i ni ddinas, a thŵr a'i ben yn y nefoedd, a gwnawn inni enw, rhag ein gwasgaru dros wyneb yr holl ddaear.” 
GEN.11.5	Disgynnodd yr 
GEN.11.6	a dywedodd, “Y maent yn un bobl a chanddynt un iaith; y maent wedi dechrau gwneud hyn, a bellach ni rwystrir hwy mewn dim y bwriadant ei wneud. 
GEN.11.7	Dewch, disgynnwn, a chymysgu eu hiaith hwy yno, rhag iddynt ddeall ei gilydd yn siarad.” 
GEN.11.8	Felly gwasgarodd yr 
GEN.11.9	Am hynny gelwir ei henw Babel, oherwydd yno y cymysgodd
GEN.11.10	Dyma genedlaethau Sem. Bu Sem fyw am gan mlynedd cyn geni iddo Arffaxad ddwy flynedd wedi'r dilyw. 
GEN.11.11	Wedi geni Arffaxad, bu Sem fyw am bum can mlynedd, a chafodd feibion a merched eraill.
GEN.11.12	Bu Arffaxad fyw am dri deg a phump o flynyddoedd cyn geni iddo Sela. 
GEN.11.13	Wedi geni Sela, bu Arffaxad fyw am bedwar cant a thair o flynyddoedd, a chafodd feibion a merched eraill.
GEN.11.14	Bu Sela fyw am dri deg o flynyddoedd cyn geni iddo Heber. 
GEN.11.15	Wedi geni Heber, bu Sela fyw am bedwar cant a thair o flynyddoedd, a chafodd feibion a merched eraill.
GEN.11.16	Bu Heber fyw am dri deg a phedair o flynyddoedd cyn geni iddo Peleg. 
GEN.11.17	Wedi geni Peleg, bu Heber fyw am bedwar cant tri deg o flynyddoedd, a chafodd feibion a merched eraill.
GEN.11.18	Bu Peleg fyw am dri deg o flynyddoedd cyn geni iddo Reu. 
GEN.11.19	Wedi geni Reu, bu Peleg fyw am ddau gant a naw o flynyddoedd, a chafodd feibion a merched eraill.
GEN.11.20	Bu Reu fyw am dri deg a dwy o flynyddoedd cyn geni iddo Serug. 
GEN.11.21	Wedi geni Serug, bu Reu fyw am ddau gant a saith o flynyddoedd, a chafodd feibion a merched eraill.
GEN.11.22	Bu Serug fyw am dri deg o flynyddoedd cyn geni iddo Nachor. 
GEN.11.23	Wedi geni Nachor, bu Serug fyw am ddau gan mlynedd, a chafodd feibion a merched eraill.
GEN.11.24	Bu Nachor fyw am ddau ddeg a naw o flynyddoedd cyn geni iddo Tera. 
GEN.11.25	Wedi geni Tera, bu Nachor fyw am gant un deg a naw o flynyddoedd, a chafodd feibion a merched eraill.
GEN.11.26	Bu Tera fyw am saith deg o flynyddoedd cyn geni iddo Abram, Nachor a Haran.
GEN.11.27	Dyma genedlaethau Tera. Tera oedd tad Abram, Nachor a Haran; a Haran oedd tad Lot. 
GEN.11.28	Bu Haran farw cyn ei dad Tera yng ngwlad ei enedigaeth, yn Ur y Caldeaid. 
GEN.11.29	Yna cymerodd Abram a Nachor wragedd iddynt eu hunain; enw gwraig Abram oedd Sarai, ac enw gwraig Nachor oedd Milca, merch Haran, tad Milca ac Isca. 
GEN.11.30	Yr oedd Sarai yn ddi-blant, heb eni plentyn.
GEN.11.31	Cymerodd Tera ei fab Abram, a'i ŵyr Lot fab Haran, a Sarai ei ferch-yng-nghyfraith, gwraig ei fab Abram; ac aethant allan gyda'i gilydd o Ur y Caldeaid i fynd i wlad Canaan, a daethant i Haran a thrigo yno. 
GEN.11.32	Dau gant a phump o flynyddoedd oedd oes Tera; a bu farw Tera yn Haran.
GEN.12.1	Dywedodd yr 
GEN.12.2	Gwnaf di yn genedl fawr a bendithiaf di; mawrygaf dy enw a byddi'n fendith. 
GEN.12.3	Bendithiaf y rhai sy'n dy fendithio, a melltithiaf y rhai sy'n dy felltithio, ac ynot ti bendithir holl dylwythau'r ddaear.”
GEN.12.4	Aeth Abram fel y dywedodd yr 
GEN.12.5	A chymerodd Abram ei wraig Sarai, a Lot mab ei frawd, a'r holl feddiannau a gasglwyd ganddynt, a'r tylwyth a gawsant yn Haran, a chychwyn i wlad Canaan. Wedi iddynt ddod i wlad Canaan, 
GEN.12.6	tramwyodd Abram trwy'r tir hyd safle Sichem, at dderwen More. Y Canaaneaid oedd yn y wlad y pryd hwnnw, 
GEN.12.7	ond ymddangosodd yr 
GEN.12.8	Yna symudodd oddi yno i'r mynydd-dir tua'r dwyrain o Fethel a gosod ei babell, gyda Bethel o'i ôl ac Ai o'i flaen; adeiladodd yno allor i'r 
GEN.12.9	A pharhaodd Abram i symud yn raddol tua'r Negef.
GEN.12.10	Yr oedd newyn yn y tir, ac aeth Abram i lawr i'r Aifft i aros yno dros dro, am fod y newyn yn fawr yn y tir. 
GEN.12.11	A phan oedd ar gyrraedd yr Aifft, dywedodd wrth Sarai ei wraig, “Gwn yn dda dy fod yn wraig brydferth; 
GEN.12.12	a phan wêl yr Eifftiaid di, fe ddywedant, ‘Dyma ei wraig.’ A lladdant fi, a'th gadw di'n fyw. 
GEN.12.13	Dywed mai fy chwaer wyt, fel y bydd yn dda i mi o'th herwydd ac yr arbedir fy mywyd o'th achos.” 
GEN.12.14	Pan gyrhaeddodd Abram yr Aifft, gwelodd yr Eifftiaid fod y wraig yn brydferth iawn. 
GEN.12.15	A gwelodd tywysogion Pharo hi a'i chanmol wrth Pharo, a chymerwyd y wraig i dŷ Pharo. 
GEN.12.16	Bu yntau'n dda wrth Abram er ei mwyn hi; a chafodd Abram ganddo ddefaid, ychen, asynnod, gweision, morynion, asennod a chamelod.
GEN.12.17	Ond trawodd yr 
GEN.12.18	A galwodd Pharo ar Abram a dweud, “Beth yw hyn yr wyt wedi ei wneud i mi? Pam na ddywedaist wrthyf mai dy wraig oedd hi? 
GEN.12.19	Pam y dywedaist, ‘Fy chwaer yw hi’, fel fy mod wedi ei chymryd yn wraig imi? Dyma dy wraig; cymer hi a dos ymaith.” 
GEN.12.20	A rhoes Pharo orchymyn i'w wŷr amdano, ac anfonasant ef a'i wraig a'i holl eiddo ymaith.
GEN.13.1	Yna aeth Abram i fyny o'r Aifft i'r Negef, ef a'i wraig a'i holl eiddo, a hefyd Lot. 
GEN.13.2	Yr oedd Abram yn gyfoethog iawn o anifeiliaid, ac o arian ac aur. 
GEN.13.3	Teithiodd ymlaen o'r Negef hyd Bethel, i'r man rhwng Bethel ac Ai lle'r oedd ei babell ar y dechrau, 
GEN.13.4	y man lle'r oedd wedi gwneud allor ar y cychwyn; ac yno galwodd Abram ar enw'r 
GEN.13.5	Yr oedd gan Lot, a oedd yn teithio gydag Abram, hefyd ddefaid ac ychen a phebyll; 
GEN.13.6	ac ni allai'r tir eu cynnal ill dau gyda'i gilydd. Am fod eu meddiannau mor helaeth, ni allent drigo ynghyd; 
GEN.13.7	a bu cynnen rhwng bugeiliaid anifeiliaid Abram a rhai Lot. Y Canaaneaid a'r Peresiaid oedd yn byw yn y wlad yr amser hwnnw.
GEN.13.8	Yna dywedodd Abram wrth Lot, “Peidied â bod cynnen rhyngom, na rhwng fy mugeiliaid i a'th rai di, oherwydd perthnasau ydym. 
GEN.13.9	Onid yw'r holl wlad o'th flaen? Ymwahana oddi wrthyf. Os troi di i'r chwith, fe drof finnau i'r dde; ac os i'r dde, trof finnau i'r chwith.” 
GEN.13.10	Cododd Lot ei olwg, a gwelodd fod holl wastadedd yr Iorddonen i gyfeiriad Soar i gyd yn ddyfradwy, fel gardd yr 
GEN.13.11	A dewisodd Lot iddo'i hun holl wastadedd yr Iorddonen, a theithio tua'r dwyrain; felly yr ymwahanodd y naill oddi wrth y llall. 
GEN.13.12	Yr oedd Abram yn byw yng ngwlad Canaan, a Lot yn ninasoedd y gwastadedd, gan symud ei babell hyd at Sodom. 
GEN.13.13	Yr oedd gwŷr Sodom yn ddrygionus, yn pechu'n fawr yn erbyn yr 
GEN.13.14	Wedi i Lot ymwahanu oddi wrtho, dywedodd yr 
GEN.13.15	oherwydd yr holl dir yr wyt yn ei weld, fe'i rhoddaf i ti ac i'th ddisgynyddion hyd byth. 
GEN.13.16	Gwnaf dy had fel llwch y ddaear; os dichon neb rifo llwch y ddaear, yna fe rifir dy had di. 
GEN.13.17	Cod, rhodia ar hyd a lled y wlad, oherwydd i ti yr wyf yn ei rhoi.” 
GEN.13.18	Yna symudodd Abram ei babell a mynd i fyw wrth dderw Mamre, sydd yn Hebron; ac adeiladodd allor yno i'r 
GEN.14.1	Yn nyddiau Amraffel brenin Sinar, Arioch brenin Elasar, Cedorlaomer brenin Elam, a Tidal brenin Goim, 
GEN.14.2	rhyfelodd y rhain yn erbyn Bera brenin Sodom, Birsa brenin Gomorra, Sinab brenin Adma, Semeber brenin Seboim, a brenin Bela, sef Soar. 
GEN.14.3	Cyfarfu'r rhain i gyd yn nyffryn Sidim, sef y Môr Heli. 
GEN.14.4	Am ddeuddeng mlynedd y buont yn gwasanaethu Cedorlaomer, nes iddynt wrthryfela yn y drydedd flwyddyn ar ddeg. 
GEN.14.5	Ac yn y bedwaredd flwyddyn ar ddeg daeth Cedorlaomer a'r brenhinoedd oedd gydag ef a tharo'r Reffaimiaid yn Asteroth-carnaim, y Susiaid yn Ham, yr Emiaid yn Safe-ciriathaim, 
GEN.14.6	yr Horiaid ym mynydd-dir Seir, hyd El-paran ar fin y diffeithwch. 
GEN.14.7	Yna troesant a dod i En-mispat, sef Cades, a tharo holl dir yr Amaleciaid, a hefyd yr Amoriaid, a oedd yn trigo yn Hasason-Tamar. 
GEN.14.8	Yna aeth brenin Sodom, brenin Gomorra, brenin Adma, brenin Seboim a brenin Bela, sef Soar, i ryfela yn nyffryn Sidim yn erbyn 
GEN.14.9	Cedorlaomer brenin Elam, Tidal brenin Goim, Amraffel brenin Sinar ac Arioch brenin Elasar, pedwar brenin yn erbyn pump. 
GEN.14.10	Yr oedd dyffryn Sidim yn llawn o byllau pyg; ac wrth i frenhinoedd Sodom a Gomorra ffoi, syrthiasant i mewn iddynt, ond ffodd y lleill i'r mynydd. 
GEN.14.11	Yna cipiodd y pedwar holl eiddo Sodom a Gomorra, a'u holl luniaeth, a mynd ymaith. 
GEN.14.12	Cymerasant hefyd Lot, mab i frawd Abram, a oedd yn byw yn Sodom, a'i eiddo, ac aethant ymaith.
GEN.14.13	A daeth un oedd wedi dianc, a dweud am hyn wrth Abram yr Hebread, a oedd yn byw wrth dderw Mamre yr Amoriad, brawd Escol ac Aner, rhai oedd mewn cynghrair ag Abram. 
GEN.14.14	Pan glywodd Abram am gaethgludo'i frawd, casglodd
GEN.14.15	Aeth ef a'i weision yn finteioedd yn eu herbyn liw nos, a'u taro a'u hymlid hyd Hoba, i'r gogledd o Ddamascus. 
GEN.14.16	A daeth â'r holl eiddo yn ôl, a dwyn yn ôl hefyd ei frawd Lot a'i eiddo, a'r gwragedd a'r bobl.
GEN.14.17	Wedi i Abram ddychwelyd o daro Cedorlaomer a'r brenhinoedd oedd gydag ef, aeth brenin Sodom allan i'w gyfarfod i ddyffryn Safe, sef Dyffryn y Brenin. 
GEN.14.18	A daeth Melchisedec brenin Salem â bara a gwin iddo; yr oedd ef yn offeiriad i'r Duw Goruchaf, 
GEN.14.19	a bendithiodd ef a dweud:
GEN.14.19	“Bendigedig fyddo Abram gan y Duw Goruchaf,
GEN.14.19	perchen nef a daear;
GEN.14.20	a bendigedig fyddo'r Duw Goruchaf,
GEN.14.20	a roes dy elynion yn dy law.”
GEN.14.20	A rhoddodd Abram iddo ddegwm o'r cwbl.
GEN.14.21	Dywedodd brenin Sodom wrth Abram, “Rho'r bobl i mi, a chymer di'r eiddo.” 
GEN.14.22	Ond dywedodd Abram wrth frenin Sodom, “Tyngais i'r 
GEN.14.23	na chymerwn nac edau na charrai esgid, na dim oll sy'n eiddo i ti, rhag i ti ddweud, ‘Yr wyf wedi cyfoethogi Abram.’ 
GEN.14.24	Ni chymeraf ond yr hyn a fwytaodd y llanciau, a chyfran y gwŷr a ddaeth gyda mi, sef Aner, Escol a Mamre; cânt hwy gymryd eu cyfran.”
GEN.15.1	Wedi'r pethau hyn, daeth gair yr 
GEN.15.2	Ond dywedodd Abram, “O Arglwydd 
GEN.15.3	Dywedodd Abram hefyd, “Edrych, nid wyt wedi rhoi epil i mi; a chaethwas o'm tŷ yw f'etifedd.” 
GEN.15.4	Yna daeth gair yr 
GEN.15.5	Aeth ag ef allan a dywedodd, “Edrych tua'r nefoedd, a rhifa'r sêr os gelli.” Yna dywedodd wrtho, “Felly y bydd dy ddisgynyddion.” 
GEN.15.6	Credodd Abram yn yr 
GEN.15.7	Yna dywedodd wrtho, “Myfi yw'r 
GEN.15.8	Ond dywedodd ef, “O Arglwydd 
GEN.15.9	Dywedodd yntau wrtho, “Dwg imi heffer deirblwydd, gafr deirblwydd, hwrdd teirblwydd, turtur a chyw colomen.” 
GEN.15.10	Daeth â'r rhain i gyd ato, a'u hollti'n ddau a gosod y naill ddarn gyferbyn â'r llall; ond ni holltodd yr adar. 
GEN.15.11	A phan fyddai adar yn disgyn ar y cyrff byddai Abram yn eu hel i ffwrdd. 
GEN.15.12	Fel yr oedd yr haul yn machlud, syrthiodd trymgwsg ar Abram; a dyna ddychryn a thywyllwch dudew yn dod arno. 
GEN.15.13	Yna dywedodd yr 
GEN.15.14	ond dof â barn ar y genedl y byddant yn ei gwasanaethu, ac wedi hynny dônt allan gyda meddiannau lawer. 
GEN.15.15	Ond byddi di dy hun farw mewn tangnefedd, ac fe'th gleddir mewn oedran teg. 
GEN.15.16	A dychwelant hwy yma yn y bedwaredd genhedlaeth; oherwydd ni chwblheir hyd hynny ddrygioni'r Amoriaid.” 
GEN.15.17	Yna wedi i'r haul fachlud, ac iddi dywyllu, ymddangosodd ffwrn yn mygu a ffagl fflamllyd yn symud rhwng y darnau hynny.
GEN.15.18	Y dydd hwnnw, gwnaeth yr 
GEN.15.18	“I'th ddisgynyddion di y rhoddaf y wlad hon,
GEN.15.18	o afon yr Aifft hyd yr afon fawr, afon Ewffrates.”
GEN.15.19	Dyna wlad y Ceneaid, y Cenesiaid, y Cadmoniaid, 
GEN.15.20	yr Hethiaid, y Peresiaid, y Reffaimiaid, 
GEN.15.21	yr Amoriaid, y Canaaneaid, y Girgasiaid, a'r Jebusiaid.
GEN.16.1	Nid oedd plant gan Sarai gwraig Abram, ond yr oedd ganddi forwyn o Eifftes, o'r enw Hagar. 
GEN.16.2	Dywedodd Sarai wrth Abram, “Edrych yn awr, y mae'r 
GEN.16.3	Wedi i Abram fyw am ddeng mlynedd yng ngwlad Canaan, cymerodd Sarai gwraig Abram ei morwyn Hagar yr Eifftes, a'i rhoi'n wraig i'w gŵr Abram. 
GEN.16.4	Cafodd ef gyfathrach â Hagar, a beichiogodd hithau; a phan ddeallodd ei bod yn feichiog, aeth ei meistres yn ddibris yn ei golwg. 
GEN.16.5	Yna dywedodd Sarai wrth Abram, “Bydded fy ngham arnat ti! Rhoddais fy morwyn yn dy fynwes, a phan ddeallodd ei bod yn feichiog, euthum yn ddibris yn ei golwg. Bydded i'r 
GEN.16.6	Dywedodd Abram wrth Sarai, “Edrych, y mae dy forwyn dan dy ofal; gwna iddi fel y gweli'n dda.” Yna bu Sarai yn gas wrthi, nes iddi ffoi oddi wrthi.
GEN.16.7	Daeth angel yr 
GEN.16.8	A dywedodd wrthi, “Hagar forwyn Sarai, o ble y daethost, ac i ble'r wyt yn mynd?” Dywedodd hithau, “Ffoi yr wyf oddi wrth fy meistres Sarai.” 
GEN.16.9	A dywedodd angel yr 
GEN.16.10	Dywedodd angel yr 
GEN.16.11	A dywedodd angel yr 
GEN.16.11	“Yr wyt yn feichiog, ac fe esgori ar fab;
GEN.16.11	byddi'n ei alw yn Ismael
GEN.16.11	oherwydd clywodd yr 
GEN.16.12	Asyn gwyllt o ddyn a fydd,
GEN.16.12	a'i law yn erbyn pawb, a llaw pawb yn ei erbyn ef,
GEN.16.12	un yn byw'n groes i'w holl gymrodyr.”
GEN.16.13	A galwodd hi enw'r 
GEN.16.14	Am hynny galwyd y pydew Beer-lahai-roi;
GEN.16.15	Ac esgorodd Hagar ar fab i Abram; ac enwodd Abram y mab a anwyd i Hagar yn Ismael. 
GEN.16.16	Yr oedd Abram yn wyth deg a chwech oed pan anwyd iddo Ismael o Hagar.
GEN.17.1	Pan oedd Abram yn naw deg a naw mlwydd oed ymddangosodd yr 
GEN.17.2	Gwnaf fy nghyfamod â thi, ac amlhaf di'n ddirfawr.” 
GEN.17.3	Syrthiodd Abram ar ei wyneb, a llefarodd Duw wrtho a dweud, 
GEN.17.4	“Dyma fy nghyfamod i â thi: byddi'n dad i lu o genhedloedd, 
GEN.17.5	ac ni'th enwir di mwyach yn Abram, ond yn Abraham, gan imi dy wneud yn dad i lu o genhedloedd. 
GEN.17.6	Gwnaf di'n ffrwythlon iawn; a gwnaf genhedloedd ohonot, a daw brenhinoedd allan ohonot. 
GEN.17.7	Sefydlaf fy nghyfamod yn gyfamod tragwyddol â thi, ac â'th ddisgynyddion ar dy ôl dros eu cenedlaethau, i fod yn Dduw i ti ac i'th ddisgynyddion ar dy ôl. 
GEN.17.8	A rhoddaf y wlad yr wyt yn crwydro ynddi, sef holl wlad Canaan, yn etifeddiaeth dragwyddol i ti ac i'th ddisgynyddion ar dy ôl, a byddaf yn Dduw iddynt.”
GEN.17.9	Dywedodd Duw wrth Abraham, “Cadw di fy nghyfamod, ti a'th ddisgynyddion ar dy ôl dros eu cenedlaethau. 
GEN.17.10	Dyma fy nghyfamod rhyngof fi a chwi, yr ydych i'w gadw, ti a'th ddisgynyddion ar dy ôl: y mae pob gwryw ohonoch i'w enwaedu. 
GEN.17.11	Enwaedir chwi yng nghnawd eich blaengrwyn, a bydd yn arwydd cyfamod rhyngom. 
GEN.17.12	Dros eich cenedlaethau, fe enwaedir pob gwryw ohonoch sydd yn wyth diwrnod oed, boed wedi ei eni i'r teulu, neu'n ddieithryn heb fod yn un o'th ddisgynyddion, ond a brynwyd ag arian. 
GEN.17.13	Rhaid enwaedu'r sawl a enir i'r teulu, a'r sawl a brynir â'th arian; a bydd fy nghyfamod yn eich cnawd yn gyfamod tragwyddol. 
GEN.17.14	Y mae unrhyw wryw dienwaededig nad enwaedwyd cnawd ei flaengroen, i'w dorri ymaith o blith ei bobl; y mae wedi torri fy nghyfamod.”
GEN.17.15	Dywedodd Duw wrth Abraham, “Ynglŷn â'th wraig Sarai: nid Sarai y gelwir hi, ond Sara fydd ei henw. 
GEN.17.16	Bendithiaf hi, a rhoddaf i ti fab ohoni; ie, bendithiaf hi, a bydd yn fam i genhedloedd, a daw brenhinoedd pobloedd ohoni.” 
GEN.17.17	Ymgrymodd Abraham, ond chwarddodd ynddo'i hun, a dweud, “A enir plentyn i ŵr canmlwydd oed? A fydd Sara'n geni plentyn yn naw deg oed?” 
GEN.17.18	A dywedodd Abraham wrth Dduw, “O na byddai Ismael fyw ger dy fron!” 
GEN.17.19	Ond dywedodd Duw, “Na, bydd dy wraig Sara yn geni iti fab, a gelwi ef Isaac
GEN.17.20	Ynglŷn ag Ismael: yr wyf wedi gwrando arnat, a bendithiaf yntau a'i wneud yn ffrwythlon a'i amlhau'n ddirfawr; bydd yn dad i ddeuddeg tywysog, a gwnaf ef yn genedl fawr. 
GEN.17.21	Ond byddaf yn sefydlu fy nghyfamod ag Isaac, y mab y bydd Sara yn ei eni iti erbyn yr amser yma'r flwyddyn nesaf.” 
GEN.17.22	Wedi iddo orffen llefaru, aeth Duw oddi wrth Abraham.
GEN.17.23	Yna cymerodd Abraham ei fab Ismael, a phawb a anwyd yn ei dŷ neu a brynwyd â'i arian, pob gwryw o deulu Abraham, ac enwaedodd gnawd eu blaengrwyn y diwrnod hwnnw, fel yr oedd Duw wedi dweud wrtho. 
GEN.17.24	Yr oedd Abraham yn naw deg a naw mlwydd oed pan enwaedwyd cnawd ei flaengroen, 
GEN.17.25	a'i fab Ismael yn dair ar ddeg oed pan enwaedwyd cnawd ei flaengroen yntau. 
GEN.17.26	Y diwrnod hwnnw enwaedwyd Abraham a'i fab Ismael; 
GEN.17.27	ac enwaedwyd gydag ef holl ddynion ei dŷ, y rhai a anwyd i'r teulu a phob dieithryn a brynwyd ag arian.
GEN.18.1	Ymddangosodd yr 
GEN.18.2	Cododd ei olwg a gwelodd dri gŵr yn sefyll o'i flaen. Pan welodd hwy, rhedodd o ddrws y babell i'w cyfarfod, ac ymgrymu i'r llawr, 
GEN.18.3	a dweud, “F'arglwydd, os cefais ffafr yn d'olwg, paid â mynd heibio i'th was. 
GEN.18.4	Dyger ychydig ddŵr, a golchwch eich traed a gorffwyso dan y goeden, 
GEN.18.5	a dof finnau â thamaid o fara i'ch cynnal, ac wedyn cewch fynd ymaith; dyna pam yr ydych wedi dod at eich gwas.” Ac meddant, “Gwna fel y dywedaist.” 
GEN.18.6	Brysiodd Abraham i'r babell at Sara, a dweud, “Brysia i estyn tri mesur o flawd peilliaid, tylina ef, a gwna deisennau.” 
GEN.18.7	Yna rhedodd Abraham at y gwartheg, a chymryd llo tyner a da a'i roi i'w was; a brysiodd yntau i'w baratoi. 
GEN.18.8	Cymerodd gaws a llaeth a'r llo yr oedd wedi ei baratoi, a'u gosod o'u blaenau; yna safodd gerllaw o dan y goeden tra oeddent yn bwyta.
GEN.18.9	Gofynasant iddo, “Ble mae dy wraig Sara?” Atebodd yntau, “Dyna hi yn y babell.” 
GEN.18.10	Yna dywedodd yr 
GEN.18.11	Yr oedd Abraham a Sara yn hen, mewn gwth o oedran, ac yr oedd arfer gwragedd wedi peidio i Sara. 
GEN.18.12	Am hynny, chwarddodd Sara ynddi ei hun, a dweud, “Ai wedi imi heneiddio, a'm gŵr hefyd yn hen, y caf hyfrydwch?” 
GEN.18.13	A dywedodd yr 
GEN.18.14	A oes dim yn rhy anodd i'r 
GEN.18.15	Gwadodd Sara iddi chwerthin, oherwydd yr oedd arni ofn. Ond dywedodd ef, “Do, fe chwerddaist.”
GEN.18.16	Pan aeth y gwŷr ymlaen oddi yno, ac edrych i lawr tua Sodom, aeth Abraham gyda hwy i'w hebrwng. 
GEN.18.17	A dywedodd yr 
GEN.18.18	oherwydd yn ddiau daw Abraham yn genedl fawr a chref, a bendithir holl genhedloedd y ddaear ynddo? 
GEN.18.19	Na, fe'i hysbysaf
GEN.18.20	Yna dywedodd yr 
GEN.18.21	disgynnaf i weld a wnaethant yn hollol yn ôl y gŵyn a ddaeth ataf; os na wnaethant, caf wybod.”
GEN.18.22	Pan drodd y gwŷr oddi yno a mynd i gyfeiriad Sodom, yr oedd Abraham yn dal i sefyll gerbron yr 
GEN.18.23	A nesaodd Abraham a dweud, “A wyt yn wir am ddifa'r cyfiawn gyda'r drygionus? 
GEN.18.24	Os ceir hanner cant o rai cyfiawn yn y ddinas, a wyt yn wir am ei dinistrio a pheidio ag arbed y lle er mwyn yr hanner cant cyfiawn sydd yno? 
GEN.18.25	Na foed iti wneud y fath beth, a lladd y cyfiawn gyda'r drygionus, nes bod y cyfiawn yr un fath â'r drygionus. Na ato Duw! Oni wna Barnwr yr holl ddaear farn?” 
GEN.18.26	A dywedodd yr 
GEN.18.27	Atebodd Abraham a dweud, “Dyma fi wedi beiddio llefaru wrth yr 
GEN.18.28	Os bydd pump yn eisiau o'r hanner cant o rai cyfiawn, a ddinistri di'r holl ddinas oherwydd pump?” Dywedodd yntau, “Os caf yno bump a deugain, ni ddinistriaf hi.” 
GEN.18.29	Llefarodd eto wrtho a dweud, “Beth os ceir deugain yno?” Dywedodd yntau, “Nis gwnaf er mwyn y deugain.” 
GEN.18.30	Yna dywedodd, “Na ddigied yr 
GEN.18.31	Yna dywedodd, “Dyma fi wedi beiddio llefaru wrth yr 
GEN.18.32	Yna dywedodd, “Peidied yr 
GEN.18.33	Aeth yr 
GEN.19.1	Daeth y ddau angel i Sodom gyda'r hwyr, tra oedd Lot yn eistedd ym mhorth Sodom. Pan welodd Lot hwy, cododd i'w cyfarfod, ac ymgrymu i'r llawr, 
GEN.19.2	a dweud, “F'arglwyddi, trowch i mewn i dŷ eich gwas dros nos, a golchwch eich traed; yna cewch godi'n fore a mynd ar eich taith.” Dywedasant hwy, “Na, arhoswn heno yn yr heol.” 
GEN.19.3	Ond am iddo erfyn yn daer arnynt, troesant i mewn i'w dŷ; gwnaeth yntau wledd iddynt a phobi bara croyw, a bwytasant. 
GEN.19.4	Ond cyn iddynt fynd i orwedd, amgylchwyd y tŷ gan ddynion Sodom, pawb o bob cwr o'r ddinas, yn hen ac ifanc; 
GEN.19.5	ac yr oeddent yn galw ar Lot, ac yn dweud wrtho, “Ble mae'r gwŷr a ddaeth atat heno? Tyrd â hwy allan atom, inni gael cyfathrach â hwy.” 
GEN.19.6	Aeth Lot i'r drws atynt, a chau'r drws ar ei ôl, 
GEN.19.7	a dywedodd, “Fy mrodyr, peidiwch â gwneud y drwg hwn. 
GEN.19.8	Edrychwch, y mae gennyf ddwy ferch heb gael cyfathrach â gŵr; dof â hwy allan atoch. Cewch wneud iddynt hwy fel y dymunwch, ond peidiwch â gwneud dim i'r gwŷr hyn, gan eu bod wedi dod dan gysgod fy nghronglwyd.” 
GEN.19.9	Ond meddant hwy, “Saf yn ôl! Ai un a ddaeth yma i fyw dros dro sydd i ddatgan barn? Yn awr, gwnawn fwy o niwed i ti nag iddynt hwy.” Yr oedd y dynion yn gwasgu mor drwm ar Lot fel y bu bron iddynt dorri'r drws. 
GEN.19.10	Ond estynnodd y gwŷr eu dwylo, a thynnu Lot atynt i'r tŷ a chau'r drws. 
GEN.19.11	A thrawsant yn ddall y dynion oedd wrth ddrws y tŷ, yn fawr a bach, nes iddynt flino chwilio am y drws.
GEN.19.12	Yna dywedodd y gwŷr wrth Lot, “Pwy arall sydd gennyt yma? Dos â'th feibion-yng-nghyfraith, dy feibion a'th ferched, a phwy bynnag sydd gennyt yn y ddinas, allan o'r lle hwn, 
GEN.19.13	oherwydd yr ydym ar fin ei ddinistrio. Am fod y gŵyn yn fawr yn eu herbyn gerbron yr 
GEN.19.14	Felly aeth Lot allan a dweud wrth ei feibion-yng-nghyfraith, a oedd am briodi ei ferched, “Codwch, ewch allan o'r lle hwn; y mae'r 
GEN.19.15	Ar doriad gwawr, bu'r angylion yn erfyn ar Lot, gan ddweud, “Cod, cymer dy wraig a'r ddwy ferch sydd gyda thi, rhag dy ddifa pan gosbir y ddinas.” 
GEN.19.16	Yr oedd yntau'n oedi, ond gan fod yr 
GEN.19.17	Wedi iddynt eu dwyn allan, dywedodd un, “Dianc am dy einioes; paid ag edrych yn ôl, na sefyllian yn y gwastadedd; dianc i'r mynydd rhag dy ddifa.” 
GEN.19.18	Ac meddai Lot, “Na! Nid felly, f'arglwydd; 
GEN.19.19	dyma dy was wedi cael ffafr yn d'olwg, a gwnaethost drugaredd fawr â mi yn arbed fy einioes; ond ni allaf ddianc i'r mynydd, rhag i'r niwed hwn fy ngoddiweddyd ac imi farw. 
GEN.19.20	Dacw ddinas agos i ffoi iddi, ac un fechan ydyw. Gad imi ddianc yno, imi gael byw; onid un fach yw hi?” 
GEN.19.21	Atebodd yntau, “o'r gorau, caniatâf y dymuniad hwn hefyd, ac ni ddinistriaf y ddinas a grybwyllaist. 
GEN.19.22	Dianc yno ar frys; oherwydd ni allaf wneud dim nes i ti gyrraedd yno.” Am hynny, galwyd y ddinas Soar
GEN.19.23	Erbyn i Lot gyrraedd Soar, yr oedd yr haul wedi codi dros y tir; 
GEN.19.24	yna glawiodd yr 
GEN.19.25	Dinistriodd y dinasoedd hynny a'r holl wastadedd, a holl drigolion y dinasoedd, a chynnyrch y pridd. 
GEN.19.26	Ond yr oedd gwraig Lot wedi edrych yn ei hôl, a throdd yn golofn halen.
GEN.19.27	Aeth Abraham yn y bore bach i'r fan lle'r oedd wedi sefyll gerbron yr 
GEN.19.28	ac edrychodd i lawr ar Sodom a Gomorra ac ar holl dir y gwastadedd, a gwelodd fwg yn codi o'r tir fel mwg o ffwrn. 
GEN.19.29	Felly pan oedd Duw'n dinistrio dinasoedd y gwastadedd, yr oedd wedi cofio am Abraham, a phan oedd yn dinistrio'r dinasoedd y bu Lot yn trigo ynddynt, gyrrodd Lot allan o ganol y dinistr.
GEN.19.30	Yna aeth Lot i fyny o Soar i fyw yn y mynydd-dir gyda'i ddwy ferch, oherwydd yr oedd arno ofn aros yn Soar; a bu'n byw mewn ogof gyda'i ddwy ferch. 
GEN.19.31	Dywedodd yr hynaf wrth yr ieuengaf, “Y mae ein tad yn hen, ac nid oes ŵr yn y byd i ddod atom yn ôl arfer yr holl ddaear. 
GEN.19.32	Tyrd, rhown win i'n tad i'w yfed, a gorweddwn gydag ef, er mwyn inni gael epil o'n tad.” 
GEN.19.33	Felly y noson honno rhoesant win i'w tad i'w yfed; a daeth yr hynaf a gorwedd gyda'i thad, ac ni wyddai ef ddim pryd y gorweddodd hi, na phryd y cododd. 
GEN.19.34	Trannoeth dywedodd yr hynaf wrth yr ieuengaf, “Dyna fi wedi gorwedd gyda'm tad neithiwr; gad inni roi gwin iddo i'w yfed eto heno, a dos dithau i orwedd gydag ef, er mwyn inni gael epil o'n tad.” 
GEN.19.35	Felly rhoesant win i'w tad i'w yfed y noson honno hefyd; ac aeth yr ieuengaf i orwedd gydag ef, ac ni wyddai ef ddim pryd y gorweddodd hi, na phryd y cododd. 
GEN.19.36	Felly y beichiogodd dwy ferch Lot o'u tad. 
GEN.19.37	Esgorodd yr hynaf ar fab, a'i enwi Moab; ef yw tad y Moabiaid presennol. 
GEN.19.38	Esgorodd yr ieuengaf hefyd ar fab, a'i enwi Ben-ammi; ef yw tad yr Ammoniaid presennol.
GEN.20.1	Ymdeithiodd Abraham oddi yno i ardal y Negef, a byw rhwng Cades a Sur. Arhosodd dros dro yn Gerar, 
GEN.20.2	ac yno dywedodd Abraham am ei wraig Sara, “Fy chwaer yw hi”; ac anfonodd Abimelech brenin Gerar am Sara, a'i chymryd. 
GEN.20.3	Ond daeth Duw at Abimelech mewn breuddwyd nos, a dweud wrtho, “Fe fyddi farw o achos y wraig a gymeraist, oherwydd gwraig briod yw hi.” 
GEN.20.4	Ond nid oedd Abimelech wedi nesáu ati; a dywedodd, “
GEN.20.5	Oni ddywedodd ef wrthyf, ‘Fy chwaer yw hi’, a hithau, ‘Fy mrawd yw ef’? Gwneuthum hyn â chydwybod dawel a dwylo glân.” 
GEN.20.6	Yna dywedodd Duw wrtho yn y freuddwyd, “Mi wn iti wneud hyn â chydwybod dawel; cedwais innau di rhag pechu yn f'erbyn, a dyna pam na adewais iti ei chyffwrdd. 
GEN.20.7	Yn awr, rho'r wraig yn ôl i'w gŵr, oherwydd proffwyd yw ac fe weddïa trosot, fel y byddi fyw. Ond os na roi hi'n ôl, deall di y byddi'n siŵr o farw, ti a'th dylwyth.”
GEN.20.8	Cododd Abimelech yn fore, a galw ei holl weision a dweud wrthynt am yr holl bethau hyn; a chafodd y dynion fraw mawr. 
GEN.20.9	Yna galwodd Abimelech am Abraham a dweud wrtho, “Beth a wnaethost i ni? Sut yr wyf fi wedi pechu yn dy erbyn, i beri iti ddwyn pechod mawr arnaf fi a'm teyrnas? Yr wyt wedi gwneud pethau i mi na ddylid eu gwneud.” 
GEN.20.10	Dywedodd Abimelech ymhellach wrth Abraham, “Beth oedd yn dy feddwl wrth wneud y peth hwn?” 
GEN.20.11	Atebodd Abraham, “Mi feddyliais nad oedd neb yn ofni Duw yn y lle hwn, ac y byddent yn fy lladd o achos fy ngwraig. 
GEN.20.12	Ac yn wir, fy chwaer yw hi, merch fy nhad, ond nid merch fy mam; a daeth yn wraig i mi. 
GEN.20.13	A phan barodd Duw imi adael tŷ fy nhad, dywedais wrthi, ‘Mynnaf y gymwynas hon gennyt: i ble bynnag yr awn, dywed amdanaf, “Fy mrawd yw ef”.’ ” 
GEN.20.14	Yna cymerodd Abimelech ddefaid, ychen, gweision a morynion, a'u rhoi i Abraham, a rhoes ei wraig Sara yn ôl iddo. 
GEN.20.15	A dywedodd Abimelech, “Dyma fy ngwlad o'th flaen; cei fyw lle bynnag y dymuni.” 
GEN.20.16	A dywedodd wrth Sara, “Dyma fi wedi rhoi i'th frawd fil o ddarnau arian; bydd hyn yn dy glirio ac yn dy gyfiawnhau'n llwyr yng ngŵydd pawb sydd gyda thi.
GEN.20.17	Yna gweddïodd Abraham ar Dduw, ac iachaodd Duw Abimelech a'i wraig a'i forynion; a chawsant blant. 
GEN.20.18	Oherwydd yr oedd yr 
GEN.21.1	Ymwelodd yr 
GEN.21.2	Beichiogodd Sara a geni mab i Abraham yn ei henaint, ar yr union adeg a ddywedodd Duw wrtho. 
GEN.21.3	Rhoes Abraham i'r mab a anwyd iddo o Sara yr enw Isaac; 
GEN.21.4	ac enwaedodd Abraham ei fab Isaac yn wyth diwrnod oed, fel yr oedd Duw wedi gorchymyn iddo. 
GEN.21.5	Yr oedd Abraham yn gant oed pan anwyd iddo ei fab Isaac. 
GEN.21.6	A dywedodd Sara, “Parodd Duw imi chwerthin;
GEN.21.7	Dywedodd hefyd, “Pwy fuasai wedi dweud wrth Abraham y rhoddai Sara sugn i blant? Eto mi enais fab iddo yn ei henaint.”
GEN.21.8	Tyfodd y bachgen, a diddyfnwyd ef; ac ar ddiwrnod diddyfnu Isaac, gwnaeth Abraham wledd fawr. 
GEN.21.9	Ond gwelodd Sara y mab a ddygodd Hagar yr Eifftes i Abraham yn chwarae gyda'i mab Isaac
GEN.21.10	A dywedodd wrth Abraham, “Gyrr allan y gaethferch hon a'i mab; oherwydd ni chaiff mab y gaethferch hon gydetifeddu â'm mab i, Isaac.” 
GEN.21.11	Yr oedd hyn yn atgas iawn gan Abraham o achos ei fab; 
GEN.21.12	ond dywedodd Duw wrth Abraham, “Paid â phoeni am y llanc a'th gaethferch; gwna bopeth a ddywed Sara wrthyt, oherwydd trwy Isaac y cedwir dy linach. 
GEN.21.13	Gwnaf fab y gaethferch hefyd yn genedl, am ei fod yn blentyn i ti.” 
GEN.21.14	Yna cododd Abraham yn fore, a chymerodd fara a chostrel o ddŵr a'u rhoi i Hagar, a'u gosod hwy a'r bachgen ar ei hysgwydd, a'i hanfon ymaith. Aeth hithau i grwydro yn niffeithwch Beerseba. 
GEN.21.15	Pan oedd y dŵr yn y gostrel wedi darfod, gosododd y bachgen i lawr dan un o'r llwyni, 
GEN.21.16	ac aeth i eistedd bellter ergyd bwa oddi wrtho, gan ddweud, “Ni allaf edrych ar y bachgen yn marw.” Fel yr oedd yn eistedd bellter oddi wrtho, cododd y bachgen ei lais
GEN.21.17	Clywodd Duw lais y plentyn, a galwodd angel Duw o'r nef ar Hagar a dweud wrthi, “Beth sy'n dy boeni, Hagar? Paid ag ofni, oherwydd y mae Duw wedi clywed llais y plentyn o'r lle y mae. 
GEN.21.18	Cod, cymer y plentyn a gafael amdano, oherwydd gwnaf ef yn genedl fawr.” 
GEN.21.19	Yna agorodd Duw ei llygaid, a gwelodd bydew dŵr; aeth hithau i lenwi'r gostrel â dŵr a rhoi diod i'r plentyn. 
GEN.21.20	Bu Duw gyda'r plentyn, a thyfodd; bu'n byw yn y diffeithwch, a daeth yn saethwr bwa. 
GEN.21.21	Yr oedd yn byw yn niffeithwch Paran, a chymerodd ei fam wraig iddo o wlad yr Aifft.
GEN.21.22	Yr amser hwnnw, dywedodd Abimelech a Phichol pennaeth ei fyddin wrth Abraham, “Y mae Duw gyda thi ym mhopeth yr wyt yn ei wneud; 
GEN.21.23	yn awr, dos ar dy lw yn enw Duw i mi yma, na fyddi'n anffyddlon i mi, nac i'm plant, nac i'm hwyrion; ond fel yr wyf fi wedi bod yn deyrngar i ti, bydd dithau i minnau ac i'r wlad yr wyt wedi ymdeithio ynddi.” 
GEN.21.24	A dywedodd Abraham, “Mi af ar fy llw.”
GEN.21.25	Pan geryddodd Abraham Abimelech am y pydew dŵr yr oedd gweision Abimelech wedi ei gymryd trwy drais, 
GEN.21.26	dywedodd Abimelech, “Ni wn i ddim pwy a wnaeth hyn; ni ddywedaist wrthyf, ac ni chlywais i sôn am y peth cyn heddiw.” 
GEN.21.27	Yna cymerodd Abraham ddefaid ac ychen, a'u rhoi i Abimelech, a gwnaethant ill dau gyfamod. 
GEN.21.28	Gosododd Abraham o'r neilltu saith hesbin o'r praidd. 
GEN.21.29	A gofynnodd Abimelech i Abraham, “Beth yw'r saith hesbin hyn yr wyt wedi eu gosod o'r neilltu?” 
GEN.21.30	Dywedodd yntau, “Wrth gymryd y saith hesbin gennyf, byddi'n cydnabod mai myfi a gloddiodd y pydew hwn.” 
GEN.21.31	Am hynny galwyd y lle hwnnw Beerseba
GEN.21.32	Wedi iddynt wneud cyfamod yn Beerseba, cododd Abimelech a Phichol pennaeth ei fyddin, a dychwelyd i wlad y Philistiaid. 
GEN.21.33	Plannodd Abraham goeden tamarisg yn Beerseba, a galwodd yno ar enw'r 
GEN.21.34	A bu Abraham yn aros am amser hir yng ngwlad y Philistiaid.
